-- MariaDB dump 10.19  Distrib 10.5.13-MariaDB, for Linux (x86_64)
--
-- Host: localhost    Database: linkedhill_db
-- ------------------------------------------------------
-- Server version	10.5.13-MariaDB

/*!40101 SET @OLD_CHARACTER_SET_CLIENT=@@CHARACTER_SET_CLIENT */;
/*!40101 SET @OLD_CHARACTER_SET_RESULTS=@@CHARACTER_SET_RESULTS */;
/*!40101 SET @OLD_COLLATION_CONNECTION=@@COLLATION_CONNECTION */;
/*!40101 SET NAMES utf8mb4 */;
/*!40103 SET @OLD_TIME_ZONE=@@TIME_ZONE */;
/*!40103 SET TIME_ZONE='+00:00' */;
/*!40014 SET @OLD_UNIQUE_CHECKS=@@UNIQUE_CHECKS, UNIQUE_CHECKS=0 */;
/*!40014 SET @OLD_FOREIGN_KEY_CHECKS=@@FOREIGN_KEY_CHECKS, FOREIGN_KEY_CHECKS=0 */;
/*!40101 SET @OLD_SQL_MODE=@@SQL_MODE, SQL_MODE='NO_AUTO_VALUE_ON_ZERO' */;
/*!40111 SET @OLD_SQL_NOTES=@@SQL_NOTES, SQL_NOTES=0 */;

--
-- Table structure for table `admins`
--

DROP TABLE IF EXISTS `admins`;
/*!40101 SET @saved_cs_client     = @@character_set_client */;
/*!40101 SET character_set_client = utf8 */;
CREATE TABLE `admins` (
  `id` bigint(20) unsigned NOT NULL AUTO_INCREMENT,
  `name` varchar(191) COLLATE utf8mb4_unicode_ci NOT NULL,
  `email` varchar(191) COLLATE utf8mb4_unicode_ci NOT NULL,
  `mobile` varchar(191) COLLATE utf8mb4_unicode_ci NOT NULL,
  `phone` varchar(191) COLLATE utf8mb4_unicode_ci DEFAULT NULL,
  `email_verified_at` timestamp NULL DEFAULT NULL,
  `password` varchar(191) COLLATE utf8mb4_unicode_ci NOT NULL,
  `is_active` tinyint(1) NOT NULL DEFAULT 1,
  `featured_image` varchar(191) COLLATE utf8mb4_unicode_ci DEFAULT NULL,
  `remember_token` varchar(100) COLLATE utf8mb4_unicode_ci DEFAULT NULL,
  `verified` tinyint(1) NOT NULL DEFAULT 0,
  `logo` varchar(200) COLLATE utf8mb4_unicode_ci DEFAULT NULL,
  `website` varchar(100) COLLATE utf8mb4_unicode_ci DEFAULT NULL,
  `address` varchar(100) COLLATE utf8mb4_unicode_ci DEFAULT NULL,
  `deleted_at` timestamp NULL DEFAULT NULL,
  `created_at` timestamp NULL DEFAULT NULL,
  `updated_at` timestamp NULL DEFAULT NULL,
  PRIMARY KEY (`id`),
  UNIQUE KEY `admins_email_unique` (`email`),
  UNIQUE KEY `admins_mobile_unique` (`mobile`)
) ENGINE=InnoDB AUTO_INCREMENT=2 DEFAULT CHARSET=utf8mb4 COLLATE=utf8mb4_unicode_ci;
/*!40101 SET character_set_client = @saved_cs_client */;

--
-- Dumping data for table `admins`
--

LOCK TABLES `admins` WRITE;
/*!40000 ALTER TABLE `admins` DISABLE KEYS */;
INSERT INTO `admins` VALUES (1,'nectardigit','nectardigit@gmail.com','98022',NULL,NULL,'$2y$10$aSs3cGRXp7/djRuLFAjV0eo0OA4OINUmlK4.iVOKdeALkWRYmXbJW',1,NULL,NULL,0,NULL,NULL,NULL,NULL,'2022-04-19 10:23:15','2022-04-19 10:23:15');
/*!40000 ALTER TABLE `admins` ENABLE KEYS */;
UNLOCK TABLES;

--
-- Table structure for table `advertisements`
--

DROP TABLE IF EXISTS `advertisements`;
/*!40101 SET @saved_cs_client     = @@character_set_client */;
/*!40101 SET character_set_client = utf8 */;
CREATE TABLE `advertisements` (
  `id` bigint(20) unsigned NOT NULL AUTO_INCREMENT,
  `image` varchar(191) COLLATE utf8mb4_unicode_ci DEFAULT NULL,
  `title` varchar(191) COLLATE utf8mb4_unicode_ci NOT NULL,
  `external_url` varchar(191) COLLATE utf8mb4_unicode_ci NOT NULL,
  `page` varchar(191) COLLATE utf8mb4_unicode_ci NOT NULL DEFAULT 'home',
  `section` varchar(50) COLLATE utf8mb4_unicode_ci DEFAULT NULL,
  `size` tinyint(4) NOT NULL DEFAULT 0 COMMENT 'size of advertisement',
  `direction` varchar(191) COLLATE utf8mb4_unicode_ci DEFAULT NULL,
  `type` varchar(191) COLLATE utf8mb4_unicode_ci DEFAULT NULL COMMENT 'Promotional or advertisement',
  `count` int(11) NOT NULL DEFAULT 0,
  `show_on` enum('mobile','web','both') COLLATE utf8mb4_unicode_ci NOT NULL DEFAULT 'both',
  `active` tinyint(1) NOT NULL DEFAULT 0,
  `deleted_at` timestamp NULL DEFAULT NULL,
  `created_at` timestamp NULL DEFAULT NULL,
  `updated_at` timestamp NULL DEFAULT NULL,
  PRIMARY KEY (`id`)
) ENGINE=InnoDB AUTO_INCREMENT=2 DEFAULT CHARSET=utf8mb4 COLLATE=utf8mb4_unicode_ci;
/*!40101 SET character_set_client = @saved_cs_client */;

--
-- Dumping data for table `advertisements`
--

LOCK TABLES `advertisements` WRITE;
/*!40000 ALTER TABLE `advertisements` DISABLE KEYS */;
INSERT INTO `advertisements` VALUES (1,NULL,'facebook','https://www.facebook.com','news','news_header',0,'top',NULL,0,'web',1,NULL,'2022-04-28 06:38:34','2022-04-28 06:38:34');
/*!40000 ALTER TABLE `advertisements` ENABLE KEYS */;
UNLOCK TABLES;

--
-- Table structure for table `agency_details`
--

DROP TABLE IF EXISTS `agency_details`;
/*!40101 SET @saved_cs_client     = @@character_set_client */;
/*!40101 SET character_set_client = utf8 */;
CREATE TABLE `agency_details` (
  `id` bigint(20) unsigned NOT NULL AUTO_INCREMENT,
  `user_id` bigint(20) unsigned NOT NULL,
  `type` tinyint(4) NOT NULL DEFAULT 1 COMMENT 'individual,company',
  `agency_name` varchar(30) COLLATE utf8mb4_unicode_ci NOT NULL,
  `status` tinyint(4) NOT NULL DEFAULT 1 COMMENT 'verified,unverified,rejected,blocked',
  `status_remarks` varchar(191) COLLATE utf8mb4_unicode_ci DEFAULT NULL,
  `address` varchar(191) COLLATE utf8mb4_unicode_ci DEFAULT NULL,
  `logo` varchar(100) COLLATE utf8mb4_unicode_ci DEFAULT NULL,
  `website` varchar(100) COLLATE utf8mb4_unicode_ci DEFAULT NULL,
  `agency_phone` varchar(191) COLLATE utf8mb4_unicode_ci DEFAULT NULL,
  `agency_mobile` varchar(191) COLLATE utf8mb4_unicode_ci DEFAULT NULL,
  `agency_email` varchar(191) COLLATE utf8mb4_unicode_ci DEFAULT NULL,
  `other_document` varchar(191) COLLATE utf8mb4_unicode_ci DEFAULT NULL,
  `national_id` varchar(191) COLLATE utf8mb4_unicode_ci DEFAULT NULL,
  `company_reg_no` varchar(191) COLLATE utf8mb4_unicode_ci DEFAULT NULL,
  `vat_pan_no` varchar(191) COLLATE utf8mb4_unicode_ci DEFAULT NULL,
  `verified_at` timestamp NULL DEFAULT NULL,
  `short_intro` mediumtext COLLATE utf8mb4_unicode_ci DEFAULT NULL,
  `created_at` timestamp NULL DEFAULT NULL,
  `updated_at` timestamp NULL DEFAULT NULL,
  `deleted_at` timestamp NULL DEFAULT NULL,
  PRIMARY KEY (`id`),
  KEY `agency_details_user_id_foreign` (`user_id`),
  CONSTRAINT `agency_details_user_id_foreign` FOREIGN KEY (`user_id`) REFERENCES `users` (`id`) ON DELETE CASCADE
) ENGINE=InnoDB DEFAULT CHARSET=utf8mb4 COLLATE=utf8mb4_unicode_ci;
/*!40101 SET character_set_client = @saved_cs_client */;

--
-- Dumping data for table `agency_details`
--

LOCK TABLES `agency_details` WRITE;
/*!40000 ALTER TABLE `agency_details` DISABLE KEYS */;
/*!40000 ALTER TABLE `agency_details` ENABLE KEYS */;
UNLOCK TABLES;

--
-- Table structure for table `agency_property`
--

DROP TABLE IF EXISTS `agency_property`;
/*!40101 SET @saved_cs_client     = @@character_set_client */;
/*!40101 SET character_set_client = utf8 */;
CREATE TABLE `agency_property` (
  `id` bigint(20) unsigned NOT NULL AUTO_INCREMENT,
  `property_id` bigint(20) unsigned NOT NULL,
  `owner_id` bigint(20) unsigned NOT NULL,
  `agency_id` bigint(20) unsigned NOT NULL,
  `created_at` timestamp NULL DEFAULT NULL,
  `updated_at` timestamp NULL DEFAULT NULL,
  PRIMARY KEY (`id`),
  KEY `agency_property_owner_id_foreign` (`owner_id`),
  KEY `agency_property_agency_id_foreign` (`agency_id`),
  KEY `agency_property_property_id_foreign` (`property_id`),
  CONSTRAINT `agency_property_agency_id_foreign` FOREIGN KEY (`agency_id`) REFERENCES `users` (`id`) ON DELETE CASCADE,
  CONSTRAINT `agency_property_owner_id_foreign` FOREIGN KEY (`owner_id`) REFERENCES `users` (`id`) ON DELETE CASCADE,
  CONSTRAINT `agency_property_property_id_foreign` FOREIGN KEY (`property_id`) REFERENCES `properties` (`id`) ON DELETE CASCADE
) ENGINE=InnoDB DEFAULT CHARSET=utf8mb4 COLLATE=utf8mb4_unicode_ci;
/*!40101 SET character_set_client = @saved_cs_client */;

--
-- Dumping data for table `agency_property`
--

LOCK TABLES `agency_property` WRITE;
/*!40000 ALTER TABLE `agency_property` DISABLE KEYS */;
/*!40000 ALTER TABLE `agency_property` ENABLE KEYS */;
UNLOCK TABLES;

--
-- Table structure for table `amenities`
--

DROP TABLE IF EXISTS `amenities`;
/*!40101 SET @saved_cs_client     = @@character_set_client */;
/*!40101 SET character_set_client = utf8 */;
CREATE TABLE `amenities` (
  `id` bigint(20) unsigned NOT NULL AUTO_INCREMENT,
  `name` varchar(191) COLLATE utf8mb4_unicode_ci NOT NULL,
  `slug` varchar(191) COLLATE utf8mb4_unicode_ci NOT NULL,
  `image` varchar(191) COLLATE utf8mb4_unicode_ci DEFAULT NULL,
  `created_at` timestamp NULL DEFAULT NULL,
  `updated_at` timestamp NULL DEFAULT NULL,
  PRIMARY KEY (`id`)
) ENGINE=InnoDB AUTO_INCREMENT=6 DEFAULT CHARSET=utf8mb4 COLLATE=utf8mb4_unicode_ci;
/*!40101 SET character_set_client = @saved_cs_client */;

--
-- Dumping data for table `amenities`
--

LOCK TABLES `amenities` WRITE;
/*!40000 ALTER TABLE `amenities` DISABLE KEYS */;
INSERT INTO `amenities` VALUES (1,'Gym','gym',NULL,NULL,NULL),(2,'School','school',NULL,NULL,NULL),(3,'church','church',NULL,NULL,NULL),(4,'park','park',NULL,NULL,NULL),(5,'hotel','hotel',NULL,'2022-04-28 05:59:43','2022-04-28 05:59:43');
/*!40000 ALTER TABLE `amenities` ENABLE KEYS */;
UNLOCK TABLES;

--
-- Table structure for table `app_reviews`
--

DROP TABLE IF EXISTS `app_reviews`;
/*!40101 SET @saved_cs_client     = @@character_set_client */;
/*!40101 SET character_set_client = utf8 */;
CREATE TABLE `app_reviews` (
  `id` bigint(20) unsigned NOT NULL AUTO_INCREMENT,
  `customer_id` bigint(20) unsigned NOT NULL,
  `description` varchar(500) COLLATE utf8mb4_unicode_ci DEFAULT NULL,
  `rating` decimal(2,1) NOT NULL DEFAULT 5.0,
  `created_at` timestamp NULL DEFAULT NULL,
  `updated_at` timestamp NULL DEFAULT NULL,
  PRIMARY KEY (`id`),
  KEY `app_reviews_customer_id_foreign` (`customer_id`),
  CONSTRAINT `app_reviews_customer_id_foreign` FOREIGN KEY (`customer_id`) REFERENCES `users` (`id`)
) ENGINE=InnoDB DEFAULT CHARSET=utf8mb4 COLLATE=utf8mb4_unicode_ci;
/*!40101 SET character_set_client = @saved_cs_client */;

--
-- Dumping data for table `app_reviews`
--

LOCK TABLES `app_reviews` WRITE;
/*!40000 ALTER TABLE `app_reviews` DISABLE KEYS */;
/*!40000 ALTER TABLE `app_reviews` ENABLE KEYS */;
UNLOCK TABLES;

--
-- Table structure for table `areas`
--

DROP TABLE IF EXISTS `areas`;
/*!40101 SET @saved_cs_client     = @@character_set_client */;
/*!40101 SET character_set_client = utf8 */;
CREATE TABLE `areas` (
  `id` bigint(20) unsigned NOT NULL AUTO_INCREMENT,
  `city_id` bigint(20) unsigned NOT NULL,
  `name` varchar(191) COLLATE utf8mb4_unicode_ci NOT NULL,
  `slug` varchar(191) COLLATE utf8mb4_unicode_ci NOT NULL,
  `created_at` timestamp NULL DEFAULT NULL,
  `updated_at` timestamp NULL DEFAULT NULL,
  PRIMARY KEY (`id`),
  KEY `areas_city_id_foreign` (`city_id`),
  CONSTRAINT `areas_city_id_foreign` FOREIGN KEY (`city_id`) REFERENCES `cities` (`id`) ON DELETE CASCADE
) ENGINE=InnoDB AUTO_INCREMENT=2 DEFAULT CHARSET=utf8mb4 COLLATE=utf8mb4_unicode_ci;
/*!40101 SET character_set_client = @saved_cs_client */;

--
-- Dumping data for table `areas`
--

LOCK TABLES `areas` WRITE;
/*!40000 ALTER TABLE `areas` DISABLE KEYS */;
INSERT INTO `areas` VALUES (1,1,'dharahara','dharahara','2022-04-19 10:23:16','2022-04-19 10:23:16');
/*!40000 ALTER TABLE `areas` ENABLE KEYS */;
UNLOCK TABLES;

--
-- Table structure for table `blog_category`
--

DROP TABLE IF EXISTS `blog_category`;
/*!40101 SET @saved_cs_client     = @@character_set_client */;
/*!40101 SET character_set_client = utf8 */;
CREATE TABLE `blog_category` (
  `id` bigint(20) unsigned NOT NULL AUTO_INCREMENT,
  `blog_id` bigint(20) unsigned NOT NULL,
  `category_id` bigint(20) unsigned NOT NULL,
  `created_at` timestamp NULL DEFAULT NULL,
  `updated_at` timestamp NULL DEFAULT NULL,
  PRIMARY KEY (`id`),
  KEY `blog_category_blog_id_foreign` (`blog_id`),
  KEY `blog_category_category_id_foreign` (`category_id`),
  CONSTRAINT `blog_category_blog_id_foreign` FOREIGN KEY (`blog_id`) REFERENCES `blogs` (`id`) ON DELETE CASCADE,
  CONSTRAINT `blog_category_category_id_foreign` FOREIGN KEY (`category_id`) REFERENCES `categories` (`id`) ON DELETE CASCADE
) ENGINE=InnoDB AUTO_INCREMENT=17 DEFAULT CHARSET=utf8mb4 COLLATE=utf8mb4_unicode_ci;
/*!40101 SET character_set_client = @saved_cs_client */;

--
-- Dumping data for table `blog_category`
--

LOCK TABLES `blog_category` WRITE;
/*!40000 ALTER TABLE `blog_category` DISABLE KEYS */;
INSERT INTO `blog_category` VALUES (3,3,8,'2022-05-02 07:28:38','2022-05-02 07:28:38'),(4,4,8,'2022-05-02 07:30:31','2022-05-02 07:30:31'),(6,5,8,'2022-05-02 07:35:39','2022-05-02 07:35:39'),(7,1,8,'2022-05-02 07:36:41','2022-05-02 07:36:41'),(8,2,8,'2022-05-02 07:36:57','2022-05-02 07:36:57'),(9,6,8,'2022-05-02 07:39:18','2022-05-02 07:39:18'),(12,7,8,'2022-05-02 07:56:26','2022-05-02 07:56:26'),(14,9,8,'2022-05-04 05:49:43','2022-05-04 05:49:43'),(15,8,8,'2022-05-04 06:14:27','2022-05-04 06:14:27'),(16,13,8,'2022-05-08 08:21:06','2022-05-08 08:21:06');
/*!40000 ALTER TABLE `blog_category` ENABLE KEYS */;
UNLOCK TABLES;

--
-- Table structure for table `blogs`
--

DROP TABLE IF EXISTS `blogs`;
/*!40101 SET @saved_cs_client     = @@character_set_client */;
/*!40101 SET character_set_client = utf8 */;
CREATE TABLE `blogs` (
  `id` bigint(20) unsigned NOT NULL AUTO_INCREMENT,
  `type` enum('blog','news') COLLATE utf8mb4_unicode_ci NOT NULL DEFAULT 'blog',
  `slug` varchar(191) COLLATE utf8mb4_unicode_ci NOT NULL,
  `title` text COLLATE utf8mb4_unicode_ci DEFAULT NULL,
  `sub_title` text COLLATE utf8mb4_unicode_ci DEFAULT NULL,
  `image` varchar(191) COLLATE utf8mb4_unicode_ci DEFAULT NULL,
  `description` text COLLATE utf8mb4_unicode_ci NOT NULL,
  `meta_keyword` varchar(191) COLLATE utf8mb4_unicode_ci DEFAULT NULL,
  `meta_description` varchar(191) COLLATE utf8mb4_unicode_ci DEFAULT NULL,
  `featured` tinyint(1) NOT NULL DEFAULT 0,
  `viewCount` bigint(20) unsigned NOT NULL DEFAULT 1,
  `deleted_at` timestamp NULL DEFAULT NULL,
  `created_at` timestamp NULL DEFAULT NULL,
  `updated_at` timestamp NULL DEFAULT NULL,
  PRIMARY KEY (`id`),
  UNIQUE KEY `blogs_slug_unique` (`slug`)
) ENGINE=InnoDB AUTO_INCREMENT=14 DEFAULT CHARSET=utf8mb4 COLLATE=utf8mb4_unicode_ci;
/*!40101 SET character_set_client = @saved_cs_client */;

--
-- Dumping data for table `blogs`
--

LOCK TABLES `blogs` WRITE;
/*!40000 ALTER TABLE `blogs` DISABLE KEYS */;
INSERT INTO `blogs` VALUES (1,'blog','ka-ha-sayara-bjaraka-inasaidara-taradana-yasal-ka-kasalii-asara-parachha','के हो सेयर बजारको इनसाइडर ट्रेडिङ? यसले क-कसलाई असर पार्छ?',NULL,'https://linkedhill.com.np/storage/photos/1/maxresdefault.jpg','<p>सेयर बजारमा कम्पनीको भित्रि सूचना चुहाएर गरिने कारोबारनै इन्साइडर ट्रेडिङ हो। अथवा कम्पनीले गर्ने निर्णय सार्वजनिक हुनुभन्दा पहिलानै मिलिमतोमा कम्पनीको सेयर किनबेच हुनुनै भित्रि कारोबार हो।</p><p>यसले गर्दा सोझा सिधा लगानीकर्ताहरु फस्ने डर धेरै हुन्छ। किनभने वास्तविक विवरण सार्वजनिक हुनु अघिनै कम्पनीको सेयर मूल्य एक तह बढीसकेको हुन्छ। सूचना सार्वजनिक हुँदा सम्म मिलिमतोमा किनिएको सेयर बढेको मूल्यमा सोझा लगानीकर्ताको टाउकोमा हालिन्छ।</p><p>मिलिमतोमा कारोबार गर्नेहरु नाफा बुक गरेर बजारबाट बाहिरिसकेका हुन्छन्। सर्वसाधारणहरु बढी मूल्यमा किन्छन तर पछि बढी मूल्य तिर्नेहरु पाउँदैनन् र मूल्य घटेर घाटा खाएर बेच्न पुग्छन्।</p><p>सेयर बजारमा थरिथरिका लगानीकर्ता</p><p>सेयर बजारमा जहिले पनि थरिथरिका लगानीकर्ता सक्रिए हुन्छन्। उनिहरु मध्ये केहिले सधै नाफा मात्रै कमाउँछन् भने केहिले सधै घाटा मात्रै खान्छन्।</p><p>पहिलो खाले लगानीकर्ताहरु उच्च निकायसँग नजिकको सम्बन्ध भएका लगानीकर्ता हुन्छन्। उनिहरुले बजारमा लगानी गरिसकेपछि र बजारबाट निस्किसकेपछि मात्रै सरकारले नीति नियमहरु पनि परिवर्तन गर्छ।</p><p>जस्तो उच्च स्रोतसँग सम्बन्ध भएका लगानीकर्ताहरु बैंकबाट ऋण लिएर सेयर बजारमा छिर्छन्। उनिहरुले धमाधम सेयर किन्न थालेपछि सेयर बजार बढ्छ र उनिहरुले नाफा खाएर बेच्न थालेभने सेयर बजार घट्न थाल्छ।</p><p>सेयर बजारलाई प्रभावित पार्न सक्ने बैंक देखि नियामक निकायका उच्च अधिकारीहरुसँग उनिहरुको उठबस हुन्छ। बैंकको ब्याजदर बढ्दैछ भन्ने कुरा सबैभन्दा अघि उनिहरुले चाल पाउँछन्। ब्याजदर घट्दै छ भन्ने कुरा पनि उनिहरुलेनै चाल पाउँछन्।&nbsp;</p><p>दोस्रो खाले लगानीकर्ताको उच्च स्रोतसँग त सम्बन्ध हुँदैन तर निश्चित कम्पनीका कार्यकारीसँग भने सम्पर्क हुन्छ। उनिहरुले कम्पनीको प्रगति विवरण अरु भन्दा पहिलेनै थाहा पाउँछन्। कम्पनीको नाफा बढ्दैछ भन्ने थाहापाएपछि उनिहरुले भएभरको पैसा कुनै एउटै कम्पनीमा खन्याउँछन्। जव कम्पनीको वित्तीय विवरण राम्रो भएको सूचना प्रकाशित हुन्छ त्यतिबेला बजारमा कम्पनीको सेयर मूल्य ह्वात्तै बढ्छ। त्यसपछि उक्त लगानीकर्ता बढेको मूल्यमा सेयर बेचेर बजारबाट निस्किन्छ भने सोझो लगानीकर्ता बढेको मूल्यमा सेयर किन्न पुग्छन्।</p><p>तेस्रो खाले लगानीकर्ता भनेको बजार बढेको बेला अव यो कम्पनीको मूल्य यति पुग्छ भन्ने अनुमानका भरमा लगानी गर्छ। केहि गरि कम्पनीको मूल्य घट्न सुरु भयो भने उ आत्तीयर सेयर बेच्न थाल्छ। कहिलेकाही लामो समय सम्म होल्ड गर्न सके यस्ता लगानीकर्ताले पनि घाटा खानु पर्दैन। किनभने कम्पनीले वर्षमा एक पटक लाभांश दिन्छन्। केहि गरि बढेको मूल्यमा सेयर किनेको छ भने उसले एक वर्ष कुर्न सके सावाँ भने उठाउन सक्छ।</p><p>एक थरी लगानीकर्ता दैनिक सेयर किनबेच गर्ने खालका हुन्छन्। उनिहरु दिनमै बेच्ने र किन्ने दुवै काम गर्छन् र बिचको मार्जिन नाफा खान्छन्।&nbsp;</p><p>जस्तो कुनै कम्पनीको सेयर मूल्य दिनमै २०/३० रुपैयाँ देखि ५०/१०० रुपैयाँ सम्मै घटबढ हुन्छ। यस्तो बेलामा प्रति कित्ता ५० रुपैयाँ बढ्दा सेयर बेच्छन् भने ५० रुपैयाँ घट्दा पुनः किन्छन्। दिनमा यसरि ५० कित्ता सेयर मात्रै किनबेच गर्दा पनि १/२ हजार रुपैयाँ सम्म नाफा बुक गर्छन्। हातमा सेयर पनि खालि हुँदैन र उतारचढाव आएको बेला नाफा पनि बुक गरिसकेका हुन्छन।</p>','के हो सेयर बजारको इनसाइडर ट्रेडिङ?','सेयर बजारमा कम्पनीको भित्रि सूचना चुहाएर गरिने कारोबारनै इन्साइडर ट्रेडिङ हो। अथवा कम्पनीले गर्ने निर्णय सार्वजनिक हुनुभ...',0,35,NULL,'2022-05-02 07:09:44','2022-05-18 23:01:59'),(2,'blog','kamapanabta-gharajagaga-kanatha-kata-taranaparachha-kamasana-vayakatabta-kanana-faithaka-kamapanabta','कम्पनीबाट घरजग्गा किन्दा कति तिर्नुपर्छ कमिसन? व्यक्तिबाट किन्नु फाइदाकी कम्पनीबाट?',NULL,NULL,'<p>यस्ता छन् व्यक्ति र कम्पनीबाट घरजग्गा किनबेच गर्दाका फाइदा र बेफाइदा</p><p>काठमाडौं। घरजग्गा किनबेचलाई अनलाइन प्रणालीमा लगिसकेपछि यसलाई कम्पनी/ब्रोकर मोडलबाट&nbsp;किनबेचमा लैजाने सरकारी तयारी छ।</p><p>देशभरका मालपोत कार्यालयमा अनलाइन प्रणाली पुगिसकेपछि मालपोतका पुराना फाइललाई स्क्यान गरेर डिजिटल श्रेष्ताको निर्माण भइरहेको छ।</p><p>अनलाइन लागु भएका कार्यालयमा भूसेवा केन्द्र सुरु गर्ने तयारी पनि अन्तिम चरणमा छ। अहिले पूर्वमा ताप्लेजुङ देखि पश्चिममा जुम्ला सम्ममा भूसेवा केन्द्र सञ्चालनका लागि सूचना प्रकाशन भइसकेको छ। अहिलेको भूसेवा केन्द्रले स्थानीय तह र बैंक तथा वित्तीय संस्थालाई पनि समेट्ने छ।</p><p>स्थानिय तहलाई भूसेवा केन्द्र दिने र डिजिटल श्रेष्ता हस्तान्तरण गरिसकेपछि छिट्टै स्थानीय तहबाटै घरजग्गाको किनबेच पनि सुरु हुने छ।</p><p>परमपरागत रुपमा घरजग्गा किनबेच गर्ने दुई वटा मात्रै विकल्प छन्। एउटा आफुले चिनजानको मान्छेभित्र किनबेच गर्ने र अर्को जग्गा व्यावसायी/दलाल मार्फत किनबेच गराउने।</p><p>चिनजान भित्र किनबेच गर्दा मालपोत कार्यालयले लिने ५ प्रतिशत रजिष्ट्रेशन शुल्क र दुई चार जना आफन्त बसेर गरिने सामान्य खानपिनको खर्च बाहेक अन्य अतिरित्क खर्च हुँदैन।</p><p>तर जग्गा व्यावसायी मार्फत किनबेच गर्दा भने निश्चित प्रतिशत रकम कमिसन बापत व्यावसायिलाई तिर्नु पर्छ। व्यावसायीले किन्ने र बेच्ने दुवै व्यक्तिबाट निश्चित रकम कमिसन लिन्छन्। यसरि लिने कमिसन २/३ प्रतिशत देखि ५/१० प्रतिशत सम्म पनि हुन्छ।&nbsp;</p><p>उनिहरुले व्यक्तिपिच्छे आफुखुसी कमिसन लिन सक्छन् भने अर्को तर्फ जग्गा धनीको मूल्यमा अतिरिक्त मूल्य बृद्धि गरेर पनि खरिदकर्ताबाट अतिरिक्त रकम लिने गरेको भेटिन्छ।&nbsp;</p><p>अर्थात जग्गाधनीले रोपनीको १० लाख रुपैयाँ भनेको जग्गा, व्यावसायीले भने खरिदकर्ताबाट प्रति रोपनी १२ लाख रुपैयाँमा किनबेच गर्ने सहमति गर्छन्। जसले गर्दा एका तिर तपाईले किन्ने जग्गा धेरै महँगो पर्छ भने अर्को तिर पछि तपाईले जग्गा बेच्दा पनि व्यावसायीले तपाईले भनेको मूल्यमा अतरिक्त रकम भनेर थप महँगोमा बेच्छन्। त्यसकारण अहिले जग्गाको मूल्य हरेक २/४ महिनामा बढेको बढ्यै भएको देखिन्छ।</p><p>कम्पनी मोडलबाट किनबेच गर्दा भने कमिसन त तिर्नुपर्छ तर सरकारले तोकिदिएको कमिसन मात्र। जस्तो अहिले सेयर बजारमा सेयर किनबेच गर्दा रकमको आधारमा जति ठूलो कारोबार त्यति थोरै कमिसन रकम तिर्नुपर्छ।&nbsp;</p><p>५० हजार भन्दा सानो कारोबारमा ०.४ प्रतिशत कमिसन तिर्नुपर्छ भने पाँच लाख रुपैयाँ सम्मको कारोबारमा ०.३७ प्रतिशत कमिसन तिर्नुपर्छ। पाँच देखि २० लाख सम्मको कारोबारमा ०.३४ प्रतिशत, २० लाख देखि एक करोड सम्मको कारोबारमा ०.३० प्रतिशत र एक करोड भन्दा ठूलो कारोबारमा ०.२७ प्रतिशत कमिसन तिर्नुपर्छ।</p><p>यसैगरि घरजग्गा किनेबेचमा पनि सरकारले कम्पनीले लिने कमिसन तोकिदिन सक्ने छ।&nbsp;त्यस्तो कमिसन ०.२० प्रतिशत देखि ०.९९ प्रतिशत सम्म कमिसन तोक्न सक्ने छ। एउटा घर सहितको जग्गाको मूल्य पाँच करोड रुपैयाँ हुँदा कम्पनीले लिने कमिसन ०.२ प्रतिशत हुँदा पनि एक लाख रुपैयाँ कमिसन कम्पनीले नियम अनुसार लिन पाउने छन्।</p><p>यदि १० लाख रुपैयाँ सम्मको घरजग्गा किनबेच हुँदा एक प्रतिशत सम्म कमिसन लिदा पनि एउटा कारोबारबाट नौ हजार नौ सय रुपैयाँ कमिसन लिन पाउने छन्।</p><p>यदि कम्पनी मोडलबाट घरजग्गा किनबेच गराउने काम सफल भएमा जग्गाको अनधिकृत मूल्य बृद्धि रोक्न सहयोग पुग्ने सरकारको विश्वास छ। त्यसैले अहिले सरकारले कम्पनी मोडलमा विभिन्न कोणबाट छलफल गरिरहेको छ। यसको मोडालिटी टुंगिदा कति मूल्यको जग्गा किन्दा कति प्रतिशत कमिसन लिन पाउने भन्ने कुरा पनि टुँगिने छ।</p><p>कम्पनी मोडलमा गयो भने कारोबार भरपर्दो हुने छ। अनौपचारिक व्यक्तिमार्फत घरजग्गा किनबेच गर्दा कतिपय अवस्थामा व्यक्तिले पैसा खाएर भागेको पनि धेरै उदाहरण छन्। तर सरकारबाट अनुमति लिएर सञ्चालनमा आएका कम्पनी मार्फत किनबेच गर्दा भने तपाईको कारोबार सतप्रतिशत सुरक्षित हुने छ।</p><p>कम्पनी मोडललाई प्रभावकारी बनाइयो भने सुनचादी र सेयरबजार जस्तै घरजग्गाको मूल्य पनि तल माथी भइरहने छ। अहिले भने जग्गाको मूल्य दिन दुई गुणा रात चौगुणा बढेको मात्रै देखिन्छ।</p><p>सेयर बजारमा जस्तै सानो सानो रकम लगानी गर्न सकिने घरजग्गाहरु पनि खरिदबिक्रिको लागि उपलब्ध हुने छन्। अहिले भने कि त खेतीपातीको लागि कित बसोबासको लागि मात्रै घरजग्गा खरिदबिक्रि हुने गरेको छ। कम्पनी मोडलको प्रभावकारी कार्यान्वयन हुन सकेमा खेती एउटाले लगाउने तर जग्गा धेरै व्यक्तिले किनबेच गर्न सक्ने अवस्था पनि आउन सक्ने देखिन्छ।</p><p>जग्गाको मूल्य माग र आपूर्तिको अवस्थाले निर्धारण गर्ने छ। राम्रो ठाउँमा घरजग्गा किन्ने धेरै हुन्छन् तर बेच्ने कोही पनि हुँदैनन्। त्यस्तो बेलामा चलेको मूल्य भन्दा केहि रकम बढी तिरेर पनि जग्गा किनबेच हुन सक्छ। त्यहि ठाउँमा जग्गा बेच्नेहरु धेरै भए र किन्ने मान्छे कम भए भने चलेको मूल्य भन्दा सस्तोमा पनि जग्गा किन्न सकिने छ।</p><p>जस्तो सेयर बजारमा कुनै कम्पनीको १० कित्ता सेयर १० प्रतिशत मूल्य बढाएर किनबेच भएमा बाँकी सबै सेयर धनीको पोर्टफोलियो १० प्रतिशतले बढेको हुन्छ। त्यहि सेयर १० प्रतिशत घटेर किनबेच भयो भने सबै सेयर धनिको पोर्टफलियो १० प्रतिशतले घट्छ। ठिक त्यसै गरि घरजग्गाको मूल्य पनि घटबढ भइरहने छ।&nbsp;</p><p>सेयरको मूल्य घट्ने र बढ्ने कम्पनीको वित्तीय अवस्थामा भर पर्छ। तर घरजग्गाको मूल्य घटबढ हुने कुरामा भने बाटो, पानी, बिजुली लगायतका सेवा सुविधाले भर पार्छ। बाढी पहिरो लगायतका प्राकृतिक कुराले पनि घरजग्गाको मूल्य घटबढ हुन भूमिका खेल्छ।</p><p>त्यसैले घरजग्गा किन्नुअघि जग्गाको प्रकृति, अग्लो होचो स्थान, नजिक नदि नाला भए/नभएको, जग्गामा मुद्दा मामिला परे नपरेको लगायतका पक्षको धेरै अध्ययन गर्नुपर्छ। सबै कुरा मिलेको जग्गा छ भने लगानी गर्नु उचित हुन्छ। अन्यथा नराम्रो कम्पनीको सेयर किनेर प्रतिफल नपाए जस्तो वा घाटा खाएर बेचे जस्तो घरजग्गा किन्दा पनि लगानीले उचित प्रतिफल नपाइन सक्ने वारेमा लगानीकर्ता चनाखो हुन जरुरी छ।</p>','कम्पनीबाट घरजग्गा किन्दा कति तिर्नुपर्छ कमिसन? व्यक्तिबाट किन्नु फाइदाकी कम्पनीबाट?','यस्ता छन् व्यक्ति र कम्पनीबाट घरजग्गा किनबेच गर्दाका फाइदा र बेफाइदाकाठमाडौं। घरजग्गा किनबेचलाई अनलाइन प्रणालीमा लगिसकेप...',0,25,'2022-05-18 05:47:29','2022-05-02 07:24:49','2022-05-18 05:47:29'),(3,'blog','aana-bhanara-kanaka-jagaga-faldama-aana-matara-bhataya-ya-hana-napasaga-samabnathhata-janana-parana-kara','४ आना भनेर किनेको जग्गा फिल्डमा ३ आना मात्रै भेटियो ? यी हुन् नापीसँग सम्बन्धीत जान्नै पर्ने ५ कुरा',NULL,'https://linkedhill.com.np/storage/photos/1/poperty.jpg','<p>बैशाख ८, काठमाडौं । तपाईंले लालपूर्जामा तोकेको क्षेत्रफल अनुसार जग्गा किन्दा फिल्डमा कम जग्गा पाउनु भएको छ&nbsp;?</p><p>लालपूर्जामा लेखे अनुसार फिल्डमा जग्गा भेटिएन भने आफ्नो जग्गा कसरी पुर्‍याउने&nbsp;? सकेसम्म त पूर्जा र फिल्डमा समान क्षेत्रफल एकिन गराएर मात्रै जग्गा किन्नु राम्रो हो ।</p><p>तर तपाईंले जग्गा व्यवसायी वा आफन्तको विश्वासमा फिल्ड ननापेरै जग्गा किनिसक्नु भयो र फिल्डमा थोरै जग्गा पाइयो भने तपाईंले नापी कार्यालयमा निवेदन दिएर पुनः नापजाँच गराउन सक्नु हुन्छ ।</p><p><strong>जग्गा पुनः नाप्नको लागि के गर्नुपर्छ त&nbsp;?&nbsp;</strong></p><p>नापी विभागका निर्देशक दामोदर ढकालका अनुसार फिल्डमा जग्गा कम भएमा नापी कार्यालयमा निवेदन दिनुपर्छ । अहिले जग्गा नापजाँचको लागि दिने निवेदनको ढाँचा विभाग र नापी कार्यालयको वेवसाइटमा पाइन्छ । निवेदनको ढाँचा पाउनु भएन भने हातैले लेखेको निवेदन दर्ता गराएर पनि काम लिन सकिने ढकालको भनाइ छ ।</p><p>तर निवेदनको साथमा सम्बन्धित जग्गा धनीको नागरिकताको फोटोकपी, लालपूर्जाको फोटोकपी र जग्गाको मालपोत तिरेको रसिदको फोटोकपी पनि बुझाउनुपर्ने नापी कार्यालय धनगढिका प्रवक्ता नवराज अधिकारीले बताए ।</p><p>निवेदन दिइसकेपछि नापी कार्यालयले कार्यालयबाट जग्गा रहेको ठाउँ सम्मको दुरीका आधारमा राजस्व निर्धारण गर्छ । उक्त राजस्व तिरेको रसिद नापी कार्यालयमा छोडेपछि तपाईंको निवेदन पाइपलाइनमा बस्छ ।</p><p><strong>रुपैयाँ र समय कति लाग्छ&nbsp;?</strong></p><p>अन्य व्यक्तिको निवेदन नभएमा र नजिकै जग्गा रहेको खण्डमा भोलिपल्टै गएर नापी कार्यालयका कर्मचारीले जग्गा नापजाँच गरिदिन्छन् ।</p><p>तर पाइपलाइनमा धेरै निवेदन भएको खण्डमा भने तपाईंको पालो आउने २/३ हप्तासम्म पनि लाग्न सक्छ ।&nbsp;सामान्यतया निवेदन दिएको एक/डेढ हप्ताभित्रै जग्गा नापजाँच भइसक्ने अधिकारीको भनाइ छ ।</p><p>नापी कार्यालयले नजिकै रहेका जग्गा नाप्न न्यूनतम २ हजार ५०० रुपैयाँ राजस्व लिन्छ । जग्गा रहेको ठाउँ धेरै टाढा भएमा यो रकम बढ्दै जान्छ ।</p><p>&nbsp;</p><p><strong>लालपूर्जामा उल्लेख भएकै जति जग्गा पाइन्छ&nbsp;?</strong></p><p>नापी कार्यालयको अमिनले नापेर छुट्ट्याएको जग्गा नै तपाईंको अन्तिम जग्गा हुन्छ । कहिलेकाँही तपाईंको जग्गा बढ्न पनि सक्छ र कहिलेकाँही जग्गा घट्न पनि सक्छ ।</p><p>&nbsp;</p><p>सकेसम्म लालपूर्जामा उल्लेख भए अनुसार जग्गा किन्नु भन्दा अघि नै फिल्डमा जग्गा नापेर लिनु भयो भने राम्रो हुन्छ । यसरी फिल्डमा नापेर जग्गा किन्दा कम रहेछ भने तपाईंले कम जग्गाकै मूल्य हाल्न सक्नुहुन्छ । तर पछि नाप्दा कम जग्गा देखियो भने तपाईंले पैसा फिर्ता पाउने सम्भावना रहँदैन ।</p><p>&nbsp;</p><p><strong>सँदियारले नमानेमा के गर्ने&nbsp;?</strong></p><p>अमिनले जग्गा नाप्दा तपाईंको जग्गा दाँया बाँया परेको रहेछ भने उनीहरूले जग्गा देखाइ दिन्छन् । तर सँदियारले उपभोग गर्दै आएको जग्गा छोड्दैन भनेर झगडा गर्न थाले भने अमिनले केही पनि गर्न सक्दैनन् ।</p><p>त्यस्तो बेलामा वडा कार्यालय, गाउँ/नगरपालिका र प्रहरी प्रशासन बसेर मिलाउने प्रयास गर्नुपर्छ । त्यति गर्दा पनि तपाईंको सँदियारले नमानेमा भने जिल्ला अदालतमा गएर मुद्दा चलाउनुपर्छ । त्यसपछि अदालतको फैसला अनुसार प्रहरी प्रशासनले तपाईंको जग्गा छुट्ट्याईदिन्छ । सँदियारले फेरीपनि नमानेको खण्डमा उसलाई जरिवाना र कैद हुन सक्छ ।</p>','४ आना भनेर किनेको जग्गा फिल्डमा ३ आना मात्रै भेटियो ? यी हुन् नापीसँग सम्बन्धीत जान्नै पर्ने ५ कुरा','बैशाख ८, काठमाडौं । तपाईंले लालपूर्जामा तोकेको क्षेत्रफल अनुसार जग्गा किन्दा फिल्डमा कम जग्गा पाउनु भएको छ&nbsp;?लालपूर्...',0,16,NULL,'2022-05-02 07:28:38','2022-05-19 00:31:59'),(4,'blog','pataka-mataya-va-samanathha-bcachhatha-bhae-patanal-pataka-asha-thava-garana-pauchhana-yasata-chha-kanana-parakaraya','पतिको मृत्यु वा सम्बन्ध बिच्छेद भए पत्नीले पतिको अंश दावी गर्न पाउँछन्? यस्तो छ कानूनी प्रक्रिया',NULL,NULL,'<p>काठमाडौं। अदालतमा आउने मुद्दामा ५० प्रतिशत भन्दा बढी मुद्दा सम्पती तथा घरजग्गासँग सम्बन्धित हुन्छन्।</p><p>घरजग्गामा अंश दावी, सिमा विवाद, जालसाँझी, किर्ते लगायतका दर्जनौ महलमा मुद्दा पर्ने गरेका छन्। ती मध्येको एक हो पतिको मृत्यु पछि पत्नीले अंश दावी गर्दै मुद्दा हाल्नु।</p><p>सामान्यत पतिको मृत्युपछि पत्नीले पतिले पाउने अंशमा दावी गर्न पाउँछन्। तर त्यसमा केहि विशेष अवस्थाको वारेमा पनि व्याख्या गरिएको छ।</p><p>देवानी संहिता बिवाह महलको दफा ८३ ले कुनै पनि महिला वा पुरुषको पति वा पत्नीको मृत्यु भएपछि दोस्रो बिवाह गर्न पाउने अधिकार सुरक्षित गरेको छ।</p><p>अर्को तर्फ सोही ऐनको अंशबण्डाको महलको द्फा २१४&nbsp;(२) ले अर्को बिहे गरि गएकी महिलाको पूर्व पति तर्फका सन्तान नहुँदा उनलाई अंशियार बनाएको छ।</p><p>अपुतालि क्रमको महलमा दफा २४६ ले मृतकको रीत परम्परा अनुसार सदगत किरिया कर्मको दायित्व पुरागरेकी एकल महिलाले मृतकको सन्तानलाई हालसम्म पलनपोषण गरिरहेको अवस्थामा उनले मृतक प्रतिको दायित्व पूरा गरेको मानि अपुताली खान पाउने व्यवस्था गरेको छ।</p><p>पहिलो, श्रीमानको मृत्युपछि श्रीमतीले उनको सदगत गरेर उनिबाट जन्मेका सन्तानको पालनपोषण गरिरहेको अवस्था छ भने उनले कानूनी रुपमा श्रीमानको अंश वा अपुतालीमा हकदावी गर्न पाउँछन्।</p><p>दोस्रो, श्रीमतिले दोस्रो बिहे गरेको खण्डमा भने उनले अंश वा अपुतालीमा हकदावी गर्न पाउँदैनन्। त्यसको लागि श्रीमानको मृत्यु पछि श्रीमतिले छोराछोरी पालेर बसेको अवस्थामा श्रीमानको सम्पती उनले आफ्नो नाममा अथवा आफू संरक्षक बसेर सन्तानको नाममा ल्याउन सक्छन्।</p><p>मृत्यु वा सम्बन्ध बिच्छेद भयो तर सन्तान भएनन् भने अंश दावी गर्न पाइन्छ?</p><p>यो अवस्था पनि श्रीमतीले श्रीमानको सम्पतीमा अंशदावी गर्न पाउँछन्। श्रीमानको मृत्यु भयो भने सन्तान नहुँदा पनि अंश दावी गर्न पाइन्छ। त्यसको लागि उनले अर्को बिहे गर्न भने पाउँदैनन्। श्रीमतीले अर्को बिहे गरेको खण्डमा भने उनको सम्पती श्रीमान पट्टिका अंशियारलाई हस्तान्तरण गर्नुपर्छ।</p><p>कानूनी रुपमा सम्बन्ध बिच्छेद छैन र श्रीमान संगै पनि छैनन् भने अंश दावी गर्न पाइन्छ?</p><p>कानूनी रुपमा सम्बन्ध बिच्छेद भएको अवस्था भए अदालतलेनै श्रीमतीको नाममा अंशबण्डा गरि दिन्छ। तर कानूनी रुपमा सम्‍बन्ध बिच्छेद नभएको तर श्रीमतीलाई छोडेर श्रीमान अन्यत्रै बसिरहेको अवस्थामा श्रीमतीले सम्बन्ध विच्छेदको मुद्दा हाले अदालतले श्रीमतिको नाममा अंशबण्डा गरिदिन्छ।</p><p>छोराछोरी पनि नभएको र संगै पनि नबसेको अवस्थामा के हुन्छ?</p><p>छोराछोरी पनि नभएको र श्रीमान संगै पनि नबसेको अवस्थामा पनि श्रीमतिले अंश दावी गर्न पाउँछन्। श्रीमानको सम्पतीलाई अदालतले दुवै जनाको नाममा गरिदिन्छ। छोराछोरी नभएपनि अंश दावी गर्न पाइन्छ। श्रीमतिले अर्को बिहे गरेको खण्डमा भने उक्त सम्पती श्रीमान पट्टिका अंशियारले पाउने कानूनी व्यवस्था छ।</p>','पतिको मृत्यु वा सम्बन्ध बिच्छेद भए पत्नीले पतिको अंश दावी गर्न पाउँछन्? यस्तो छ कानूनी प्रक्रिया','काठमाडौं। अदालतमा आउने मुद्दामा ५० प्रतिशत भन्दा बढी मुद्दा सम्पती तथा घरजग्गासँग सम्बन्धित हुन्छन्।घरजग्गामा अंश दावी,...',0,13,'2022-05-18 05:47:35','2022-05-02 07:30:31','2022-05-18 05:47:35'),(5,'blog','malpata-karamacaralii-gharama-blera-garana-jagaga-kanabca-kasata-vayakatal-garana-pauchhana-kharaca-kata-lgachha','मालपोत कर्मचारीलाई घरमै बोलाएर गरिने जग्गा किनबेच कस्तो व्यक्तिले गर्न पाउँछन्? खर्च कति लाग्छ?',NULL,NULL,'<p>काठमाडौं। जग्गा किनबेच गर्ने भन्ने वित्तिकै मालपोत कार्यालयमै गएर लाइन लाग्नुपर्छ भन्ने धेरैलाई लाग्न सक्छ। तर मालपोतका कर्मचारीलाई घरमै बोलाएर् पनि जग्गा किनबेच गर्न सकिन्छ भन्ने धेरैलाई थाहै छैन।</p><p>हो मालपोतका कर्मचारीलाई आफ्नो घरमा बोलाएर पनि जग्गा किनबेच गराउन सकिन्छ। पछिल्लो समय मासिक हजारौ व्यक्तिले मालपोत कर्मचारीलाई घरमै बोलाएर घरजग्गा किनबेच गराउने गरेका छन्।&nbsp;जसलाई द्वार सुविधा वा डोर सुविधा भनेर भन्ने गरिन्छ।</p><p>अहिले त्यसरि सेवा लिने व्यक्तिहरुले मासिक १० औ लाख रुपैयाँ सेवा शुल्क मालपोत कार्यालयलाई तिर्दै आएको विभागको तथ्याङ्क छ।</p><p>यस्तो छ प्रक्रिया</p><p>सबैभन्दा पहिला जग्गा किन्ने मान्छेले आफूलाई डोर सुविधा चाहियो भनेर सम्बन्धित मालपोत कार्यालयमा निवेदन दिनुपर्छ। निवेदन दिदा जग्गा किन्दा लाग्ने अनुमानित राजस्व रकम मालपोत कार्यालयमा अग्रिम जम्मा गर्नुपर्छ।</p><p>त्यसका अलवा निवेदन दस्तुर स्वरुप प्रति लिखत २ हजार देखि १५ हजार रुपैयाँ सम्म अतिरिक्त शुल्क लिने व्यवस्था छ।</p><p>पहाडमा भए गाउँपालिकाको २ हजार र नगरपालिकाको ५ हजार रुपैयाँ सेवा शुल्क तोकिएको छ। तराई क्षेत्रमा भए गाउँ पालिकामा ३ हजार र नगरपालिकामा ७ हजार रुपैयाँ सेवा शुल्क तिर्नसपर्छ।</p><p>काठमाडौं उपत्यकाको हकमा भने गाउँ पालिका भए १० हजार र नगरपालिका भए १५ हजार रुपैयाँ सेवा शुल्क तिर्नुपर्छ।</p><p>आफ्नो क्षेत्र अनुसारको निवेदन दस्तुर सहित आफूले किन्न चाहेको जग्गाको अनुमानित राजस्व रकम एकै पटक मालपोत कार्यालयमा जम्मा गर्नुपर्छ।</p><p>मानौ तपाईले किन्ने जग्गाको मूल्य एक करोड रुपैयाँ हो भने त्यसको ५ प्रतिशतले हुने रजिष्ट्रेशन शुल्क पाँच लाख रुपैयाँ र सेवा शुल्क वापत २ देखि १५ हजार रुपैयाँ सम्म मालपोत कार्यालयमा अग्रिम रुपमा बुझाउनु पर्छ।</p><p>त्यसरि अग्रिम रुपमा राजस्व तिरिसकेपछि मालपोत प्रमुखले कार्यालयबाट कर्मचारी खटाएर ५ दिन भित्र उक्त जग्गा किनबेच गराइदिनुपर्छ।</p><p>पहिले पहिले राणा र राजपरिवारको घरजग्गा किनबेच गर्दा यसरि घरमै गएर जग्गा किनबेच गराउने परिपाटीको विकास भएको थियो। पछि कानूनी रुपमा पनि डोर सुविधाको नाममा ठूला बडाहरुको जग्गा घरमै गएर किनबेच गराउने बाटो राखिएको छ।</p><p>केहि गरि जग्गा किनबेच हुन सकेन भने चाही ९० दिन भित्र मालपोत कार्यालयमा धरौटी राखिएको रकम फिर्ता लैजानु पर्छ। रकम लिन ढिलाई गरेमा उक्त रकम सरकारी खातामा जाने र पछि दावी गर्न नपाउने मालपोत ऐनमा उल्लेख छ।</p><p>राजपरिवारले ल्याएको चलन</p><p>मालपोतबाट खटिएको टोलिलाई घरजग्गा किनबेच गराएवापत अतिरिक्त शुल्क दिनुपर्ने कानूनी व्यवस्था छैन। तर राज परिवार र राणा परिवारमा गएर यसरि घरजग्गा किनबेच गराउँदा उनिहरुले कर्मचारीलाई केहि रकम बक्सिस स्वरुप दिने गरेका थिए।</p><p>खानपिन सहित उनिहरुलाई बाटो खर्च वापत राजपरिवारले स्वेच्छाले खर्च दिने गरेको इतिहाँस छ। यसैको आधारमा मालपोतका कर्मचारीहरु घरजग्गा किनबेच भइसकेपछि धेरै थोरै रकम खाजा खर्चको रुपमा देउन भनेर अहिले पनि आश गर्ने गर्छन।</p>','मालपोत कर्मचारीलाई घरमै बोलाएर गरिने जग्गा किनबेच कस्तो व्यक्तिले गर्न पाउँछन्? खर्च कति लाग्छ?','काठमाडौं। जग्गा किनबेच गर्ने भन्ने वित्तिकै मालपोत कार्यालयमै गएर लाइन लाग्नुपर्छ भन्ने धेरैलाई लाग्न सक्छ। तर मालपोतका...',0,18,'2022-05-18 05:47:25','2022-05-02 07:34:31','2022-05-18 05:47:25'),(6,'blog','thashaka-agha-sanaka-matahatama-thaya-napa-karayalya-ahal-pana-katatakata-garana-sanaka-afasa-jana-paraka-bhae','७ दशक अघि सेनाको मातहतमा थियो नापी कार्यालय, अहिले पनि कित्ताकाट गर्न सैनिक अफिस जानु परेको भए…?',NULL,NULL,'<p>बैशाख ८, काठमाडौं । नापी सम्बन्धी काम राणा शासन कालमा सैनिक कार्यका लागि गरिन्थ्यो। त्यसैले नापी विभाग पनि रक्षा मन्त्रालय अन्तर्गत रहेको थियो ।</p><p>पछि राजनीतिक परिवर्तनसँगै मालपोत र नापी कार्यालय विभिन्न मन्त्रालय अन्तर्गत राखिएको पाइन्छ । राणा शासन कालमा सिमित व्यक्तिहरूसँग रहेको जग्गाको स्वामित्व प्रजातन्त्र आएपछि एक तह तलका व्यक्तिहरूसम्म पुगेको थियो ।</p><p>पहिलो जनआन्दोलनपछि आएको परिववर्तनले जग्गाको स्वामित्व जनस्तरमा पुगेको पाइन्छ । वि. स. २०५०/६० को दशकसम्म जग्गा नहुनेहरूले लुकीछिपि जंगल फडानी गरेर तराई देखि पहाडसम्मै जग्गा जमिन जोडेको पाइन्छ ।</p><p>तर दोस्रो जनआन्दोलन पछि आएको नयाँ व्यवस्थाले घरजग्गाको स्ववामित्व लिने क्रममा धेरै विक्रीतिहरू ल्याएको देखिन्छ ।</p><p>वैदेशिक रोजगारीमा जाने नेपालीहरूको संख्या बढेसँगै आएको रेमिट्यान्सको ठूलो हिस्सा घरजग्गा जोड्नमै खर्च गरेको देखिन्छ । घरजग्गाको माग बढेपछि व्यवसायीहरूले पनि नियमहरू मिचेरै जग्गा प्लटिङ गरेर बेचेको देखिन्छ ।</p><p>यदि अहिले पनि कित्ताकाटको लागि नेपाली सेनाकै अड्डामा जानुपरेको भए यसै गरी अनधिकृत कित्ताकाट हुन्थ्यो होला&nbsp;? हतियार बोकेका सैनिकहरूले जग्गाको किनबेच गराएको भए अहिले कै जस्ता अनुचित काम गर्ने मालपोत कार्यालयको परिचय हुन्थ्यो होला&nbsp;? यी प्रश्न मात्रै हुन्, उत्तर त जे पनि हुन सक्छ । किनभने अहिले नेपाली सेनाले आफै जग्गा प्लटिङ गरिरहेको छ । कीर्तिपुरमा ठूलो क्षेत्रफलमा गरिएको प्लटिङ नेपाली सेनाकै हो ।</p><p>&nbsp;</p><p><strong>यस्तो छ घरजग्गा र नेपाली सेनाको साइनो</strong></p><p>वि.स. १९८० सालतिरबाट रक्षा मन्त्रालय मातहतमा नापीको एउटा सानो टुकडीबाट नक्सा श्रेस्ता व्यवस्थापन तथा जंगी कार्य समेतको लागि नक्सा बनाउन नापजाँच शुरुवात गरिएको थियो ।</p><p>वि. सं. १९८० मा भक्तपुर जिल्लामा कित्ता नापी शुरुभयो। भूमिको समुचित व्यवस्थापन गर्ने क्रममा नेपालमा वि.सं. १९८५ देखिवि.सं. १९९० सम्ममा जग्गा नापजाँच गर्ने कार्य भएको थियो । वि.सं. १९९६ मा काठमाण्डौंमा नापी गोश्वाराको स्थापना भै भूमिको वास्तविक लगत तयार पार्ने कामको शुरुवात भएको थियो ।</p><p>वि.सं. २००७ सालको राजनीतिक परिवर्तन पछि राज्यको आय र व्ययको सार्वजनिकीकरण गर्ने व्यवस्थाको थालनी भयो । वि.सं. २००८ सालको पहिलो बजेटमा कुल राजश्‍वको ५० प्रतिशत भन्दा बढी योगदान मालपोतको राजश्‍व रहेको थियो ।&nbsp;</p><p>भूमि प्रशासनलाई व्यवस्थित गर्न वि.सं. २००८ सालमा भूमिदारी अधिकार प्राप्ति कानूनको मस्यौदा र भूमि जाँच कमिशन गठन गरिएको थियो । वि.सं. २००८ मै विर्ता उन्मूलनको स्वीकृति प्रदान गरी&nbsp;‘विर्ता खारेजी बन्दोवस्त अड्डा’&nbsp;को स्थापना भएको थियो ।&nbsp;</p><p>वि.सं. २००८ बैशाख ६ मा भएको घोषणामा गणेशमान सिंह खाद्य, कृषि तथा भूमि व्यवस्था मन्त्री थिए । वि.सं. २००९ श्रावण ३० गते गठन भएको&nbsp;परामर्शदात्री सरकारमा खड्गमान सिंहले सम्हालेको विभागमा परराष्ट्र, मालपोत&nbsp;&nbsp;र वन रहेको थियो । वि.सं. २००९ सालमा नारदमुनी थुलुङको अध्यक्षतामा भूमि समस्या अध्ययन गरी प्रतिवेदन पेश गर्न भूमि सुधार कमिशनको गठन भयो । त्यसैगरी&nbsp;२००९ सालमै चन्द्रबहादुर थापालाई मालपोत र वन विभागको प्रमुखको रुपमा तोकेको इतिहास छ ।</p><p>&nbsp;</p><p>वि.सं. २०११ सालतिर मालपोत तथा वन मन्त्रालयबाट भूमिप्रशासन सम्बन्धी काम सम्पादन हुने गरेको व्यहोरा त्यसबेलाको नेपाल गजेटमा प्रकाशित सूचनाबाट थाहा पाउन सकिन्छ ।&nbsp;</p><p>वि.सं. २०१२ सालमा निरजराज भण्डारी र रामचन्द्र मल्होत्रालाई सेक्रेटरी र डेपुटी सेक्रेटरीको रुपमा तोक्दा तोकिएको निकायको रुपमा अर्थ तथा मालपोत विभाग थियो । त्यति वेलाका गोश्वारालाई अहिलेको विभाग स्तरको कार्यक्षेत्र तोकेको पाइन्छ । वि.सं. १९९६ मा स्थापना भई वि.सं. २०१३ सम्म मालपोत विभाग अन्तर्गत रहेको काठमाण्डौ नापी गोश्वारा वि.सं. २०१४ सालमा नापी विभागको स्थापना पश्‍चात सोही विभाग अन्तर्गत रहेको थियो । वि.सं. २०१८ साल देखि जग्गा प्रशासनको लागि ७५ जिल्लामा माल अड्डाहरु स्थापना गरिएको पाइन्छ ।</p><p>भूमि प्रशासनलाई व्यवस्थित गर्न वि.सं. २००८ मा भूमिदारी अधिकार प्राप्ति कानूनको मस्यौदा र भूमि जाँच कमिशन गठन, वि.सं. २००९ मा नारदमुनी थुलुङको अध्यक्षतामा भूमिसुधार कमिशनको गठन, २०१३ मा जग्गा र जग्गा कमाउने लगत खडा गर्ने ऐन, २०१४ मा भूमिसुधार ऐन, २०१६ मा विर्ता उन्मुलन ऐन, २०१९ मा जग्गा (नापजांच) ऐन, २०२१ मा भूमि सम्बन्धी ऐन, २०३३ मा गुठी संस्थान ऐन र २०३४ मा मालपोत ऐन जारी भई कानूनी तथा संस्थागत व्यवस्था भएको पाईन्छ ।&nbsp;</p><p>त्यसबेला सरकारको कार्य विभाजन सन्दर्भमा वि.सं. २०१५ आश्विन ६ गते देखि श्री ५ को सरकार (कार्य विभाजन) नियमहरुद्वारा सरकारको कार्य विभाजन गर्ने कामको शुरुवात व्यवस्थित रुपमा भएको पाईन्छ ।</p><p>जसअनुसार वि.सं. २०१५ देखि वि.सं. २०१७ सम्म मालपोत तथा भूमिकर र रजिष्ट्रेशन सम्बन्धी काम अर्थमन्त्रालय अन्तर्गत रहेको देखिन्छ भने सरकारी तथा वन क्षेत्रको सर्भे रभूमिसुधार सम्बन्धी काम खाद्य, कृषि, नहर तथा वन मन्त्रालयले गरेको देखिन्छ ।&nbsp;</p><p>त्यसैगरी वि.सं. २०१७ देखि वि.सं. २०२१ सम्म मालपोत तथा भूमिकर, रजिष्ट्रेशन, गुठीहरु, सर्भे तथा नापी, विर्ता र भूमि सुधार सम्बन्धी काम अर्थ मन्त्रालय अन्तर्गत सम्पादन भएको पाईन्छ । वि.सं २०२१ देखि २०२४ सम्म भूमिसुधार मन्त्रालय अस्तित्वमा आएको देखिन्छ भने वि.सं. २०२४ देखि २०३८ सम्म भूमिसुधार, कृषि तथा खाद्य मन्त्रालयको रुपमा परिवर्तन भएको देखिन्छ ।&nbsp;</p><p>यसैगरी वि.सं. २०३८ देखि २०४२ सम्म भूमिसुधार मन्त्रालय पुनः अस्तित्वमा आएको देखिन्छ भने वि.सं.२०४३ देखि मन्त्रालयको नाम परिवर्तन भई भूमिसुधार तथा व्यवस्था मन्त्रालयको रुपमा रहिआएकोमा मिति २०७४।१२।२८ को नेपाल सरकार (मन्त्रिपरिषद्)को निर्णय अनुसार साबिकको कृषि मन्त्रालय¸पशुपन्छी मन्त्रालय¸सहकारी तथा गरिबी निवारण मन्त्रालय गाभिएर कृषि¸भूमि व्यवस्था तथा सहकारी मन्त्रालय भएको थियो । मिति२०७५।०४।१०को नेपाल सरकार (मन्त्रिपरिषद्) को निर्णय अनुसार हाल यस मन्त्रालयको नाम भूमि व्यवस्था¸सहकारी तथा गरिबी निवारण मन्त्रालय रहेको छ ।</p><p>नयाँ संगठन संरचना अनुसार यस मन्त्रालय अन्तर्ऊत भूमि व्यवस्थापन तथा अभिलेख¸नापी विभाग¸सहकारी विभाग¸भूमि व्यवस्थापन प्रशिक्षण केन्द्र रहेका छन् । सहकारी विभाग अन्तर्गत सहकारी प्रशिक्षण तथा अनुसन्धान केन्द्र¸भूमि व्यवस्थापन तथा अभिलेख विभागअन्तर्गत २१ वटा भूमि सुधार तथा मालपोत कार्यालयहरू¸११० वटा मालपोत कार्यालयहरू तथा नापी विभाग अन्तर्गत १३१ वटा नापी कार्यालयहरू र ७ वटा विशेष नापी कार्यालयहरू रहेका छन् ।</p><p>(भूमि व्यवस्था, सहकारी तथा गरिबी निवारण मन्त्रालयको परिचयमा उल्लेख गरिएको सामाग्रीको सहयोगमा)</p>','७ दशक अघि सेनाको मातहतमा थियो नापी कार्यालय, अहिले पनि कित्ताकाट गर्न सैनिक अफिस जानु परेको भए…?','बैशाख ८, काठमाडौं । नापी सम्बन्धी काम राणा शासन कालमा सैनिक कार्यका लागि गरिन्थ्यो। त्यसैले नापी विभाग पनि रक्षा मन्त्रा...',0,29,'2022-05-18 05:47:21','2022-05-02 07:39:18','2022-05-18 05:47:21'),(7,'blog','ya-hana-sasata-malyama-jagaga-kanana-paina-sahara-unamakha-thau-jaha-jagaga-kanatha-chhata-samayama-hanasakachha-thabbra','यी हुँन सस्तो मूल्यमा जग्गा किन्न पाइने सहर उन्मुख ठाउँ, जहाँ जग्गा किन्दा छोटो समयमै हुनसक्छ दोब्बर',NULL,'https://linkedhill.com.np/storage/photos/1/untitled.png','<p>काठमाडौं। पहिले पहिले घरजग्गाको खरिदबिक्रि खेतीपाती र बसोबास गर्ने प्रयोजनका लागि मात्रै हुन्थ्यो। २/३ दशक यता व्यापारिक प्रयोजनका लागि पनि घरजग्गाको किनबेच भइरहेको पाइन्छ।</p><p>तर आजभोलि भने घरजग्गा लगानीको राम्रो क्षेत्र बनिसकेको छ। व्यवसायिहरुले पनि कुनैपनि व्यवसाय गर्दा बढी भन्दा बढी नाफा हुने क्षेत्र हेर्छन्।</p><p>त्यसैले पछिल्लो एक दशक देखि सिमित घरजग्गा व्यवसायिहरुले यो क्षेत्रबाट मनग्गे नाफा पनि कमाइरहेका छन्। त्यसको सिको गर्दै आजभोलि २/४ जना साथिहरु मिलेर एउटा प्लट जग्गा किन्ने र त्यसलाई प्लटिङ गरेर बिक्रि वितरण गर्ने चलन पनि बढ्दो छ।</p><p>तर म एक्लै जग्गा किन्छु र यसबाट नाफा गर्छु भन्ने मानिसहरुका लागि महंगिका कारण सबै ठाउँमा जग्गा किन्न सम्भव छैन। गाउँका दूरदराजका कुना काप्चाको जग्गामा लगानी गर्दा छोटो समयमा कुनैपनि लाभ लिन सकिदैन।</p><p>यहाँ केहि यस्ता ठाउँहरुको वारेमा जानकारी दिदै छौ जहाँ घरजग्गामा लगानी गर्न सके पछाडी फर्केर हेर्नु पर्दैन।</p><p>प्रदेश १</p><p>प्रदेश १ मा झापा, मोरङ र सुनसरी अहिले घरजग्गा कारोबारका लागि हटस्पट बनिरहेका छन्। यहाँ मासिक ३/४ हजार घरजग्गाको किनबेच हुनु सामान्य भइसकेको छ। जुन संख्यातमक हिसाबले देशका कुनै पनि ठाउँको भन्दा सबैभन्दा धेरै हो।</p><p>झापामा भद्रपुर, सुनसरीमा इटहरी र मोरङमा बेलबारी घरजग्गा कारोबारका लागि सम्भावना बोकेका ठाउँ हुन्। इटहरी उपमहानगरपालिका हो भने दमक र बेलबारी नगरपालिका मात्रै हुन्। संघियताको कार्यान्वयनपछि यी ठाउँको सम्भावना झनै बढेको हो। जनसंख्या र सहरी पूर्वाधारको मापदण्ड पुगेको खण्डमा यी ठाउँ उपमहानगर वा महानगरपालिका बन्न सक्ने ठाउँ हुन्।</p><p>यी नगरपालिकामा गाभिएका साबिकका गाविसहरुमा अहिले पनि प्रतिकठ्ठा दुई देखि पाँच लाख रुपैयाँ सम्ममा सहजै जग्गा किन्न सकिन्छ। जहाँ बाटो खोलेर दिने हो भने घडेरी जग्गा तत्कालै प्रति कठ्ठा १० लाख रुपैयाँमा किनबेच गर्न सकिन्छ।</p><p>प्रदेश २</p><p>अहिले प्रदेश २ मा जनकपुर, सप्तरी, महोत्तरी र सिराहा घरजग्गा कारोबारका लागि हटस्पट हुन्। यहाँ मासिक एक हजार देखि दुई हजार सम्म घरजग्गा किनबेच भइरहेका छन्।</p><p>धनुषामा जनकपुर, सप्तरीमा राजविराज, महोत्तरीमा जलेश्वर र सिराहमा लहान शहर उन्मुख बजार घरजग्गा किनबेचका लागि उपयुक्त हुन सक्छन्। जनपुर उपमहानगरपालिका हो भने अरु सबै नगरपालिका मात्रै हुन्। यी ठाउँमा पनि प्रतिकठ्ठा २ देखि ५ लाख रुपैयाँ सम्ममा बजार नजिक खेतहरु पाइन्छन्। जसलाई एक वर्ष राखेर खेतकै रुपमा बेच्दा पनि राम्रो राम्रो प्रतिफल पाउन सकिन्छ। घडेरीको रुपमा बेच्दा थप लाभ पाउन पनि सकिन्छ।</p><p>बागमति प्रदेश&nbsp;</p><p>प्रदेश ३ मा चितवन, मकवानपुर, धादिङ, काठमाडौं र काभ्रेपलाञ्चोक घरजग्गामा लगानी गर्न उपयुक्त ठाउँ हुन्। यहाँ पनि कमासिक रुपमा एक हजार देखि २५ सय सम्म घरजग्गा किनबेच हुन्छन्।</p><p>काठमाडौं उपत्यकामा घरजग्गा जोड्न ठूलै पुँजि चाहिन्छ। यहाँ न्युतम प्रति आना १० लाख रुपैयाँ देखि १० करोड रुपैयाँ सम्मका घरजग्गा किनबेच हुन्छन्।</p><p>तर काठमाडौ बाहेकका यी अन्य ठाउँमा भने प्रति रोपनी ५ देखि १० लाख रुपैयाँमै घरजग्गामा लगानी गर्न सकिन्छ।</p><p>यी ठाउँमा मुख्य मुख्य बजारमा महंगो भएपनि नगरभित्र पर्ने अन्य ठाउँमा सस्तैमा जग्गा किन्न सकिन्छ। जहाँ वर्षेनी जग्गाको मूल्य बढेको बढेई भइरहेकोले तपाइको लागनीले राम्रो प्रतिफल दिने पक्का छ।</p><p>गण्डकी प्रदेश</p><p>गण्डकी प्रदेशमा पोखरा सबै हिसाबले सम्भावना बोकेको ठाउँ हो। पोखरा महानगरपालिकामा जग्गा जोड्न काठमाडौं जतिकै महँगो छ। तर पोखरामा पनि लेखनाथमा भने सस्तैमा जग्गा किन्न सकिन्छ।</p><p>पछिल्लो समय पोखरा पछि तनहुँ घरजग्गा किनबेचको हटस्पट बनिरहेको छ। तनहुँमा प्रति रोपनी ५ देखि १० लाख रुपैयाँ सम्ममा राम्रै जग्गाहरु किन्न सकिन्छ। तनहुँ सदरमुकाम दमौली भने महँगो मध्यकै एक ठाउँ हो। तर दमौली आसपासका ठाउँमा भने सस्तो मूल्यमा पनि घरजग्गा जोड्न सकिन्छ।</p><p>यी ठाउँमा पनि अहिले मासिक एक देखि दुई हजार सम्म घरजग्गा किनबेच भइरहेका छन्।</p><p>लुम्बिनी प्रदेश</p><p>लुम्बिनी प्रदेशमा बुटवल, भैरहवा, दाङ र नेपालगञ्ज घरजग्गा किनबेचका लागि हटस्पट हुन्। बुटवल, दाङ र नेपालगञ्ज उपमहानगरपालिका समेत हुन्।</p><p>यहाँ मासिक एक हजार देखि दुई हजार २५ सय सम्म घरजग्गा किनबेच भइरहेका छन्।</p><p>भैरहवामा अन्तरार्ष्ट्रिय विमानस्थल देखि औद्योगिक हव सम्म बनिसकेकोले भैरहवा र बुटवल वरपर समेत जग्गाको मूल्य तिब्र रुपमा बढिरहेको छ। दाङ र नेपालगञ्ज&nbsp;(कोहलपुर बजार) भने पहाडी जिल्लाबाट बसाई सराई गर्नेको रोजाइमा पर्ने हुँदा यहाँ पनि दिनदिनै मूल्य महंगिदै गएको छ।</p><p>बजार क्षेत्रमा यहाँ पनि मूल्य धेरै बढीसकेकाले बजारबाट १/२ किलोमिटर वरपर घरजग्गा किन्दा तिब्र रुपमा मूल्य बढ्ने सम्भावना हुन्छ। यहाँ २/३ लाख देखि ५/६ लाख रुपैयाँ प्रतिकठ्ठाका दरले घरजग्गा किन्न सकिन्छ।</p><p>कर्णाली प्रदेश</p><p>कर्णाली प्रदेशमा भने सुर्खेत घरजग्गाको मूल्य बृद्धिका हिसाबले उपयुक्त ठाउँ हो। यहाँ जग्गाको किनबेच मिटरका हिसाबले हुन थालेको छ। प्रति मिटर एक लाख रुपैयाँ देखि १० लाख रुपैयाँ सम्मका घरजग्गा किनेबच भइरहेका छन्।</p><p>सुर्खेतमा पनि मासिक एक हजार बढी घरजग्गा किनबेच हुने गरेका छन्।</p><p>सुदूरपश्चिम प्रदेश</p><p>सुदूरपश्चिम प्रदेशमा धनगढी र महेन्द्रनगर घरजग्गा किनबेचका लागि हटस्पट हुन्। धनगढी उपमहानगरपालिका हो भने महेन्द्रनगर नगरपालिका हो। यहाँ पनि मासिक एक हजार देखि १५ सय सम्म घरजग्गा किनबेच हुने गरेका छन्।</p><p>सिंगो सुदूरपश्चिममा तराईमा पर्ने दुई जिल्ला मात्रै भएको र आर्थिक गतिविधिको केन्द्र भएकाले धनगढी र महेन्द्रजगरमा घरजग्गाको मूल्य तिब्र रुपमा बढिरहेको छ।</p><p>यहाँ प्रति कठ्ठा पाँच देखि १० लाख रुपैयाँ सम्ममा बजार वरपर जग्गा किन्न सकिन्छ। जहाँ बाटो विकास गरेर घडेरीको रुपमा विकास गर्न सके छोटो समयमै राम्रो प्रतिफल पाइने पक्का छ।</p>','यी हुँन सस्तो मूल्यमा जग्गा किन्न पाइने सहर उन्मुख ठाउँ, जहाँ जग्गा किन्दा छोटो समयमै हुनसक्छ दोब्बर','काठमाडौं। पहिले पहिले घरजग्गाको खरिदबिक्रि खेतीपाती र बसोबास गर्ने प्रयोजनका लागि मात्रै हुन्थ्यो। २/३ दशक यता व्यापारिक...',0,36,NULL,'2022-05-02 07:47:36','2022-05-18 20:01:59'),(8,'blog','nava-paravasha-lgana-karatal-sayara-bjarabta-kasara-kamauna','नव प्रवेशी लगानी कर्ताले सेयर बजारबाट कसरि कमाउने?',NULL,'https://linkedhill.com.np/storage/photos/1/STOCK-MARKET.jpg','<p>काठमाडौं। भनिन्छ सेयर बजारमा १० प्रतिशतले सधै कमाउँछन् भने ९० प्रतिशतले घाटा खानुपर्छ। सेयरबाट कमाएमा मान्छे निर्धक्क संग मैले कमाए भन्दै मिडियामा आउँछन्। तर घाटा खाएको व्यक्तिले विविध कारणले मैले घाटा खाए भनेर भन्न सक्दैनन् र उनिहरुका कुरा मिडियामा पनि आउँदैनन्।&nbsp;</p><p>सेयर बजारमा भरखर भरखर प्रवेश गरेका युवाले बुझ्नै पर्ने कुरा के हो भने कुनै पनि सेयरको प्राथामिक मूल्य १०० रुपैयाँ मात्रै हुन्छ। पछि दोस्रो बजारमा उक्त कम्पनीको सेयर २००/३०० हुँदै एक हजार वा दुई हजार रुपैयाँ सम्ममा किनबेच हुन्छ। तपाइको सेयर मूल्य जति सुकै पुगेपनि कम्पनीले तपाइलाई चिन्ने भनेको उहि १०० रुपैयाँ लगानी गर्ने लगानीकर्ताकै रुपमा हो। कम्पनीले दिने बोनस पनि १०० रुपैयाँलाई आधार मानेर दिने हो। १० प्रतिशत लाभांस दिने भनेको १०० रुपैयाँको १० प्रतिशत हो। नकी तपाइले दोस्रो बजारमा किनेको हजार वा दुई हजार मूल्यको १० प्रतिशत हो।</p><p>कुनै कम्पनीले १०० प्रतिशत बोनस दिन्छ भने पनि तपाईलाई १०० रुपैयाँ मात्रै थपेर बोनस दिन सक्छ। त्यस्तो बेलामा उक्त कम्पनीमा कति रुपैयाँ लगानी गर्दा उचित हुन्छ भन्ने निर्णय लिने तपाइलेनै हो।</p><p>नेपालको सेयर बजारमा नगद भन्दा बढी बोनस सेयर लाभांस दिने चलन छ। सेयर लाभांस दिदा तपाईको खातामा सेयरनै थपिन्छ। त्यसलाई दोस्रो बजारमा बेचेर नगदमा परिणत गर्नुपर्छ।</p><p>तर यसो भनिरहँदा लाग्न सक्छ १०० प्रतिशत बोनस दिने कम्पनी त बजारमा १/२ वटा भन्दा बढी छैनन्। अनि एक हजार रुपैयाँ भन्दा बढी सेयर मूल्य भएका त दर्जनौ कम्पनी छन्। ती कम्पनीमा लगानी गर्दा डुबिन्छ त?</p><p>कहिलेकाही सेयर बजारमा लाभांस मात्रै नहेरेर कम्पनीको छवी पनि हेरिन्छ। अथवा एउटा लुगा बाटोमा किन्दा ५०० रुपैयाँ पर्छ भने त्यहि लुगा पसलमा किन्दा एक हजार र सपिङ मलमा किन्दा दुई हजार रुपैयाँ पर्छ। उहि कपडामा फरक फरक मूल्य हाल्न हामि किन तयार भयौ त?</p><p>किन भने मलमा बेच्ने कपडा राम्रो र महंगो ब्राण्डको हुन्छ भन्ने हामिलाई भान परिसकेको हुन्छ। त्यसै गरि सेयर बजारमा पनि कुनै कुनै कम्पनीहरु यस्तै ब्राण्ड बनिसकेका हुन्छन् जसको १० प्रतिशत बोनस खान पनि लगानीकर्ताहरु हजार वा दुई हजार रुपैयाँ हाल्न तयार हुन्छन्। तर ब्राण्ड नबनेको कम्पनीको २० प्रतिशत बोनस खान ३०० रुपैयाँ हाल्न पनि तयार हुनन्।</p><p>जस्तो नबिल बैंकले २० प्रतिशत बोनस दिदा पनि उसको सेयर मूल्य १२/१३ सय रुपैयाँ हाल्छन्। त्यतिनै बोनस दिने अर्को कुनै बैंकको सेयर मूल्य भने ३०० रुपैयाँ मात्रै हुन्छ। त्यो भनेको ब्राण्डको मूल्य हालेका हुन्।</p><p>अव नयाँ लगानीकर्ताले ब्राण्ड बनेको कम्पनीको सेयर किन्ने की राम्रो लाभांस दिने नाम नचलेको कम्पनीको सेयर किन्ने त?</p><p>कम्पनीको सेयर मूल्य जति धेरै हुन्छ जोखिम पनि त्यतीनै धेरै हुन्छ। सेयर मूल्य जति कम हुन्छ जोखिम पनि त्यतिनै कम हुन्छ। नयाँ लगानीकर्ताले कम जोखिम हुने कम्पनीको सेयर किनेर बजार प्रवेश गर्नु उपयुत्क हुन्छ। त्यसपछि बिस्तारै अरु कम्पनीको सेयरमा लगानी गर्नुपर्छ।</p><p>आज किनेर भोलिनै नाफा खाएर सेयर बेच्ने सपना देखेर कहिलेइ पनि बजार प्रवेश गर्नुहुँदैन। बजारमा कम्तिमा ३ महसना सम्म कुर्न सक्ने भए मात्रै बजार छिर्नु पर्छ। किनभने हरेक ३/३ महिनामा कम्पनीको नाफा नोक्सान सहितको वित्तीय विवरण सार्वजनिक हुन्छ। उक्त विवरणमा धेरै नाफा कमाएको सार्वजनिक भयो भने तपाईको सेयरको मूल्य पनि बढ्छ। धेरै नाफा कमाउन सकेन भने मूल्य घट्छ।&nbsp;</p><p>अव के मूल्य घट्यो भनेर सेयर बेचेर बजारबाट भाग्ने त? होइन तपाईले छानेको कम्पनीले नाफा गर्न सकेन भने राम्रो नाफा गर्ने कम्पनीमा लगानी गर्नुपर्छ। एक वर्ष कुर्दा त करिब करिब सबै कम्पनीले बोनस दिन्छन्। कुनै कुनै कम्पनीले भने २/३ वर्षमा एकै पटक पनि बोनस दिन सक्छन्। त्यसैले किनिसकेपछि पर्खिने हिम्मत भने राख्नै पर्छ।</p><p>एउटा बुझ्नै पर्ने कुरा के हो भने तपाई सँग पैसा छ भने बैंकमा राख्नु भन्दा सेयर बजारमा राख्दा बैंक ब्याज भन्दा बढी नाफा भने पक्कै हुन्छ। तर रातारात करोडपति नै बन्छु भन्ने सपना भने नव प्रवेशीले देख्नु हुँदैन।</p><p>बजार सधै बढिरहने र घटिरहने भन्ने हुँदैन। घटबढ हुने बजारको नियमै हो। बढ्दा हौसियर भकाभक सेयर किन्ने र घट्दा आत्तीयर घाटा खाएर सेयर बेच्नु हुँदैन। आत्तीने र मात्तिने प्रवृत्ती त्याग्ने बित्तीकै तपाइलाई बजारले न्यानो स्वागत गर्छ।</p>','नव प्रवेशी लगानी कर्ताले सेयर बजारबाट कसरि कमाउने?','काठमाडौं। भनिन्छ सेयर बजारमा १० प्रतिशतले सधै कमाउँछन् भने ९० प्रतिशतले घाटा खानुपर्छ। सेयरबाट कमाएमा मान्छे निर्धक्क सं...',0,59,NULL,'2022-05-02 07:49:23','2022-05-19 05:51:24'),(9,'news','nepses-down-trend-continue','nepse\'s down trend continue',NULL,'https://linkedhill.com.np/storage/photos/1/STOCK-MARKET.jpg','<p>today market is going down further to break previous low . lets see how much point loose by nepse today .</p>','nepse\'s down trend continue','today market is going down further to break previous low . lets see how much point loose today&nbsp;',0,35,NULL,'2022-05-04 05:44:41','2022-05-18 19:16:59'),(13,'blog','test','test',NULL,NULL,'<p>asetsasdf</p>','test','asetsasdf',0,8,'2022-05-18 05:47:16','2022-05-08 08:21:06','2022-05-18 05:47:16');
/*!40000 ALTER TABLE `blogs` ENABLE KEYS */;
UNLOCK TABLES;

--
-- Table structure for table `categories`
--

DROP TABLE IF EXISTS `categories`;
/*!40101 SET @saved_cs_client     = @@character_set_client */;
/*!40101 SET character_set_client = utf8 */;
CREATE TABLE `categories` (
  `id` bigint(20) unsigned NOT NULL AUTO_INCREMENT,
  `type` enum('blog','news') COLLATE utf8mb4_unicode_ci NOT NULL DEFAULT 'blog',
  `name` varchar(191) COLLATE utf8mb4_unicode_ci NOT NULL,
  `slug` varchar(191) COLLATE utf8mb4_unicode_ci NOT NULL,
  `image` varchar(191) COLLATE utf8mb4_unicode_ci DEFAULT NULL,
  `feature` tinyint(1) NOT NULL DEFAULT 0,
  `meta_keyword` varchar(191) COLLATE utf8mb4_unicode_ci DEFAULT NULL,
  `meta_title` varchar(191) COLLATE utf8mb4_unicode_ci DEFAULT NULL,
  `meta_description` varchar(191) COLLATE utf8mb4_unicode_ci DEFAULT NULL,
  `parent_id` bigint(20) unsigned DEFAULT NULL,
  `created_at` timestamp NULL DEFAULT NULL,
  `updated_at` timestamp NULL DEFAULT NULL,
  PRIMARY KEY (`id`),
  UNIQUE KEY `categories_slug_unique` (`slug`),
  KEY `categories_parent_id_foreign` (`parent_id`),
  CONSTRAINT `categories_parent_id_foreign` FOREIGN KEY (`parent_id`) REFERENCES `categories` (`id`) ON DELETE CASCADE
) ENGINE=InnoDB AUTO_INCREMENT=10 DEFAULT CHARSET=utf8mb4 COLLATE=utf8mb4_unicode_ci;
/*!40101 SET character_set_client = @saved_cs_client */;

--
-- Dumping data for table `categories`
--

LOCK TABLES `categories` WRITE;
/*!40000 ALTER TABLE `categories` DISABLE KEYS */;
INSERT INTO `categories` VALUES (1,'blog','Lifestyle','lifestyle',NULL,1,'lifestyle',NULL,'lifestyle',NULL,'2022-05-02 06:04:21','2022-05-02 06:04:21'),(2,'blog','Construction','construction',NULL,1,NULL,NULL,NULL,NULL,'2022-05-02 06:04:47','2022-05-02 06:04:47'),(3,'blog','Market News','market-news',NULL,1,NULL,NULL,NULL,NULL,'2022-05-02 06:05:22','2022-05-02 06:05:22'),(4,'blog','Opinion','opinion',NULL,1,NULL,NULL,NULL,NULL,'2022-05-02 06:05:46','2022-05-02 06:05:46'),(5,'blog','Laws Taxes','laws-taxes',NULL,1,NULL,NULL,NULL,NULL,'2022-05-02 06:06:26','2022-05-02 06:06:26'),(6,'blog','Vastu','vastu',NULL,1,NULL,NULL,NULL,NULL,'2022-05-02 06:06:49','2022-05-02 06:06:49'),(7,'blog','Home Loan','home-loan',NULL,1,NULL,NULL,NULL,NULL,'2022-05-02 06:07:15','2022-05-02 06:07:15'),(8,'blog','Latest News','Latest News',NULL,1,NULL,NULL,NULL,NULL,'2022-05-02 07:22:25','2022-05-02 07:22:25'),(9,'news','share market','share market',NULL,1,NULL,NULL,NULL,NULL,'2022-05-04 05:42:16','2022-05-04 05:42:16');
/*!40000 ALTER TABLE `categories` ENABLE KEYS */;
UNLOCK TABLES;

--
-- Table structure for table `chat_categories`
--

DROP TABLE IF EXISTS `chat_categories`;
/*!40101 SET @saved_cs_client     = @@character_set_client */;
/*!40101 SET character_set_client = utf8 */;
CREATE TABLE `chat_categories` (
  `id` bigint(20) unsigned NOT NULL AUTO_INCREMENT,
  `title` text COLLATE utf8mb4_unicode_ci DEFAULT NULL,
  `isQuery` tinyint(1) NOT NULL DEFAULT 0,
  `publish_status` enum('1','0') COLLATE utf8mb4_unicode_ci NOT NULL DEFAULT '1',
  `created_by` bigint(20) unsigned DEFAULT NULL,
  `thumbnail` varchar(191) COLLATE utf8mb4_unicode_ci DEFAULT NULL,
  `path` varchar(191) COLLATE utf8mb4_unicode_ci DEFAULT NULL,
  `external_link` varchar(191) COLLATE utf8mb4_unicode_ci DEFAULT NULL,
  `slug` varchar(191) COLLATE utf8mb4_unicode_ci DEFAULT NULL,
  `isMainMenu` enum('0','1') COLLATE utf8mb4_unicode_ci NOT NULL DEFAULT '0',
  `order` mediumint(9) DEFAULT NULL,
  `created_at` timestamp NULL DEFAULT NULL,
  `updated_at` timestamp NULL DEFAULT NULL,
  `deleted_at` timestamp NULL DEFAULT NULL,
  PRIMARY KEY (`id`),
  KEY `chat_categories_created_by_foreign` (`created_by`),
  CONSTRAINT `chat_categories_created_by_foreign` FOREIGN KEY (`created_by`) REFERENCES `users` (`id`) ON DELETE SET NULL ON UPDATE CASCADE
) ENGINE=InnoDB DEFAULT CHARSET=utf8mb4 COLLATE=utf8mb4_unicode_ci;
/*!40101 SET character_set_client = @saved_cs_client */;

--
-- Dumping data for table `chat_categories`
--

LOCK TABLES `chat_categories` WRITE;
/*!40000 ALTER TABLE `chat_categories` DISABLE KEYS */;
/*!40000 ALTER TABLE `chat_categories` ENABLE KEYS */;
UNLOCK TABLES;

--
-- Table structure for table `chat_category_references`
--

DROP TABLE IF EXISTS `chat_category_references`;
/*!40101 SET @saved_cs_client     = @@character_set_client */;
/*!40101 SET character_set_client = utf8 */;
CREATE TABLE `chat_category_references` (
  `id` bigint(20) unsigned NOT NULL AUTO_INCREMENT,
  `references` longtext COLLATE utf8mb4_unicode_ci DEFAULT NULL,
  `publish_status` enum('1','0') COLLATE utf8mb4_unicode_ci NOT NULL DEFAULT '1',
  `order` mediumint(9) DEFAULT NULL,
  `created_by` bigint(20) unsigned DEFAULT NULL,
  `categoryId` bigint(20) unsigned DEFAULT NULL,
  `deleted_at` timestamp NULL DEFAULT NULL,
  `created_at` timestamp NULL DEFAULT NULL,
  `updated_at` timestamp NULL DEFAULT NULL,
  PRIMARY KEY (`id`),
  KEY `chat_category_references_created_by_foreign` (`created_by`),
  KEY `chat_category_references_categoryid_foreign` (`categoryId`),
  CONSTRAINT `chat_category_references_categoryid_foreign` FOREIGN KEY (`categoryId`) REFERENCES `chat_categories` (`id`) ON DELETE SET NULL ON UPDATE CASCADE,
  CONSTRAINT `chat_category_references_created_by_foreign` FOREIGN KEY (`created_by`) REFERENCES `users` (`id`) ON DELETE SET NULL ON UPDATE CASCADE
) ENGINE=InnoDB DEFAULT CHARSET=utf8mb4 COLLATE=utf8mb4_unicode_ci;
/*!40101 SET character_set_client = @saved_cs_client */;

--
-- Dumping data for table `chat_category_references`
--

LOCK TABLES `chat_category_references` WRITE;
/*!40000 ALTER TABLE `chat_category_references` DISABLE KEYS */;
/*!40000 ALTER TABLE `chat_category_references` ENABLE KEYS */;
UNLOCK TABLES;

--
-- Table structure for table `chat_messages`
--

DROP TABLE IF EXISTS `chat_messages`;
/*!40101 SET @saved_cs_client     = @@character_set_client */;
/*!40101 SET character_set_client = utf8 */;
CREATE TABLE `chat_messages` (
  `id` bigint(20) unsigned NOT NULL AUTO_INCREMENT,
  `conversationId` bigint(20) unsigned DEFAULT NULL,
  `message` text COLLATE utf8mb4_unicode_ci DEFAULT NULL,
  `messageFrom` enum('admin','user') COLLATE utf8mb4_unicode_ci NOT NULL DEFAULT 'user',
  `message_by` enum('bot','user') COLLATE utf8mb4_unicode_ci NOT NULL DEFAULT 'bot' COMMENT 'if  message by bot condition',
  `text` text COLLATE utf8mb4_unicode_ci DEFAULT NULL,
  `file` text COLLATE utf8mb4_unicode_ci DEFAULT NULL,
  `sender_seen` enum('seen','unseen') COLLATE utf8mb4_unicode_ci NOT NULL DEFAULT 'seen',
  `receiver_seen` enum('seen','unseen') COLLATE utf8mb4_unicode_ci NOT NULL DEFAULT 'unseen',
  `sender_action` enum('1','0') COLLATE utf8mb4_unicode_ci NOT NULL DEFAULT '0',
  `receiver_action` enum('1','0') COLLATE utf8mb4_unicode_ci NOT NULL DEFAULT '0',
  `messageIn` varchar(191) COLLATE utf8mb4_unicode_ci DEFAULT NULL COMMENT 'en/np/lang',
  `sender_seen_at` timestamp NULL DEFAULT NULL,
  `receiver_seen_at` timestamp NULL DEFAULT NULL,
  `adminId` bigint(20) unsigned DEFAULT NULL,
  `questionId` bigint(20) unsigned DEFAULT NULL,
  `categoryId` bigint(20) unsigned DEFAULT NULL,
  `created_at` timestamp NULL DEFAULT NULL,
  `updated_at` timestamp NULL DEFAULT NULL,
  PRIMARY KEY (`id`),
  KEY `chat_messages_adminid_foreign` (`adminId`),
  KEY `chat_messages_questionid_foreign` (`questionId`),
  KEY `chat_messages_categoryid_foreign` (`categoryId`),
  KEY `chat_messages_conversationid_foreign` (`conversationId`),
  CONSTRAINT `chat_messages_adminid_foreign` FOREIGN KEY (`adminId`) REFERENCES `users` (`id`) ON DELETE SET NULL ON UPDATE CASCADE,
  CONSTRAINT `chat_messages_categoryid_foreign` FOREIGN KEY (`categoryId`) REFERENCES `chat_categories` (`id`) ON DELETE SET NULL ON UPDATE CASCADE,
  CONSTRAINT `chat_messages_conversationid_foreign` FOREIGN KEY (`conversationId`) REFERENCES `conversation_lists` (`id`) ON DELETE SET NULL ON UPDATE CASCADE,
  CONSTRAINT `chat_messages_questionid_foreign` FOREIGN KEY (`questionId`) REFERENCES `questions` (`id`) ON DELETE SET NULL ON UPDATE CASCADE
) ENGINE=InnoDB DEFAULT CHARSET=utf8mb4 COLLATE=utf8mb4_unicode_ci;
/*!40101 SET character_set_client = @saved_cs_client */;

--
-- Dumping data for table `chat_messages`
--

LOCK TABLES `chat_messages` WRITE;
/*!40000 ALTER TABLE `chat_messages` DISABLE KEYS */;
/*!40000 ALTER TABLE `chat_messages` ENABLE KEYS */;
UNLOCK TABLES;

--
-- Table structure for table `cities`
--

DROP TABLE IF EXISTS `cities`;
/*!40101 SET @saved_cs_client     = @@character_set_client */;
/*!40101 SET character_set_client = utf8 */;
CREATE TABLE `cities` (
  `id` bigint(20) unsigned NOT NULL AUTO_INCREMENT,
  `name` varchar(191) COLLATE utf8mb4_unicode_ci NOT NULL,
  `slug` varchar(191) COLLATE utf8mb4_unicode_ci NOT NULL,
  `image` varchar(191) COLLATE utf8mb4_unicode_ci DEFAULT NULL,
  `feature_in_homepage` tinyint(1) NOT NULL DEFAULT 0,
  `district` varchar(191) COLLATE utf8mb4_unicode_ci DEFAULT NULL,
  `meta_keyword` varchar(191) COLLATE utf8mb4_unicode_ci DEFAULT NULL,
  `meta_title` varchar(191) COLLATE utf8mb4_unicode_ci DEFAULT NULL,
  `meta_description` varchar(191) COLLATE utf8mb4_unicode_ci DEFAULT NULL,
  `province_id` bigint(20) unsigned NOT NULL,
  `created_at` timestamp NULL DEFAULT NULL,
  `updated_at` timestamp NULL DEFAULT NULL,
  PRIMARY KEY (`id`),
  KEY `cities_province_id_foreign` (`province_id`),
  CONSTRAINT `cities_province_id_foreign` FOREIGN KEY (`province_id`) REFERENCES `provinces` (`id`) ON DELETE CASCADE
) ENGINE=InnoDB AUTO_INCREMENT=775 DEFAULT CHARSET=utf8mb4 COLLATE=utf8mb4_unicode_ci;
/*!40101 SET character_set_client = @saved_cs_client */;

--
-- Dumping data for table `cities`
--

LOCK TABLES `cities` WRITE;
/*!40000 ALTER TABLE `cities` DISABLE KEYS */;
INSERT INTO `cities` VALUES (1,'Sundhara','sundhara',NULL,1,'28',NULL,NULL,NULL,3,'2022-04-19 10:23:16','2022-04-19 10:23:16'),(2,'Bayalpata','bayalpata','https://source.unsplash.com/2Q2dpVPY6XU',0,'71',NULL,NULL,NULL,7,'2022-04-19 10:23:18','2022-04-19 10:23:18'),(3,'Bhatakatiya','bhatakatiya','https://source.unsplash.com/2Q2dpVPY6XU',0,'71',NULL,NULL,NULL,7,'2022-04-19 10:23:18','2022-04-19 10:23:18'),(4,'Chaurpati','chaurpati','https://source.unsplash.com/u3aYUsaHT20',0,'71',NULL,NULL,NULL,7,'2022-04-19 10:23:18','2022-04-19 10:23:18'),(5,'Dhakari','dhakari','https://source.unsplash.com/KKm1ua7MSf0',0,'71',NULL,NULL,NULL,7,'2022-04-19 10:23:18','2022-04-19 10:23:18'),(6,'Jayagadh','jayagadh','https://source.unsplash.com/2Q2dpVPY6XU',0,'71',NULL,NULL,NULL,7,'2022-04-19 10:23:18','2022-04-19 10:23:18'),(7,'Kalagaun','kalagaun','https://source.unsplash.com/L4NA2qRqK0s',0,'71',NULL,NULL,NULL,7,'2022-04-19 10:23:18','2022-04-19 10:23:18'),(8,'Kamal bazar','kamal-bazar','https://source.unsplash.com/2Q2dpVPY6XU',0,'71',NULL,NULL,NULL,7,'2022-04-19 10:23:18','2022-04-19 10:23:18'),(9,'Kuchikot','kuchikot','https://source.unsplash.com/6yBAQeeNROU',0,'71',NULL,NULL,NULL,7,'2022-04-19 10:23:18','2022-04-19 10:23:18'),(10,'Mellekh','mellekh','https://source.unsplash.com/KKm1ua7MSf0',0,'71',NULL,NULL,NULL,7,'2022-04-19 10:23:18','2022-04-19 10:23:18'),(11,'Srikot','srikot','https://source.unsplash.com/6yBAQeeNROU',0,'71',NULL,NULL,NULL,7,'2022-04-19 10:23:18','2022-04-19 10:23:18'),(12,'Thanti','thanti','https://source.unsplash.com/2Q2dpVPY6XU',0,'71',NULL,NULL,NULL,7,'2022-04-19 10:23:18','2022-04-19 10:23:18'),(13,'Turmakhad','turmakhad','https://source.unsplash.com/KKm1ua7MSf0',0,'71',NULL,NULL,NULL,7,'2022-04-19 10:23:18','2022-04-19 10:23:18'),(14,'Dehimandau','dehimandau','https://source.unsplash.com/KKm1ua7MSf0',0,'77',NULL,NULL,NULL,7,'2022-04-19 10:23:18','2022-04-19 10:23:18'),(15,'Dhungad','dhungad','https://source.unsplash.com/2Q2dpVPY6XU',0,'77',NULL,NULL,NULL,7,'2022-04-19 10:23:18','2022-04-19 10:23:18'),(16,'Dilasaini','dilasaini','https://source.unsplash.com/u3aYUsaHT20',0,'77',NULL,NULL,NULL,7,'2022-04-19 10:23:18','2022-04-19 10:23:18'),(17,'Gajari Changgad','gajari-changgad','https://source.unsplash.com/u3aYUsaHT20',0,'77',NULL,NULL,NULL,7,'2022-04-19 10:23:18','2022-04-19 10:23:18'),(18,'Kesharpur','kesharpur','https://source.unsplash.com/xyE1p1rG04U',0,'77',NULL,NULL,NULL,7,'2022-04-19 10:23:18','2022-04-19 10:23:18'),(19,'Khodpe','khodpe','https://source.unsplash.com/L4NA2qRqK0s',0,'77',NULL,NULL,NULL,7,'2022-04-19 10:23:18','2022-04-19 10:23:18'),(20,'Mulkhatali','mulkhatali','https://source.unsplash.com/2Q2dpVPY6XU',0,'77',NULL,NULL,NULL,7,'2022-04-19 10:23:18','2022-04-19 10:23:18'),(21,'Patan','patan','https://source.unsplash.com/Wj9ELwGXa6c',0,'77',NULL,NULL,NULL,7,'2022-04-19 10:23:18','2022-04-19 10:23:18'),(22,'Purchaudihat','purchaudihat','https://source.unsplash.com/Wj9ELwGXa6c',0,'77',NULL,NULL,NULL,7,'2022-04-19 10:23:18','2022-04-19 10:23:18'),(23,'Sharmali','sharmali','https://source.unsplash.com/KKm1ua7MSf0',0,'77',NULL,NULL,NULL,7,'2022-04-19 10:23:18','2022-04-19 10:23:18'),(24,'Sitad','sitad','https://source.unsplash.com/KKm1ua7MSf0',0,'77',NULL,NULL,NULL,7,'2022-04-19 10:23:18','2022-04-19 10:23:18'),(25,'Srikot','srikot','https://source.unsplash.com/L4NA2qRqK0s',0,'77',NULL,NULL,NULL,7,'2022-04-19 10:23:18','2022-04-19 10:23:18'),(26,'Swopana Taladehi','swopana-taladehi','https://source.unsplash.com/2Q2dpVPY6XU',0,'77',NULL,NULL,NULL,7,'2022-04-19 10:23:18','2022-04-19 10:23:18'),(27,'Bungal','bungal','https://source.unsplash.com/xyE1p1rG04U',0,'73',NULL,NULL,NULL,7,'2022-04-19 10:23:18','2022-04-19 10:23:18'),(28,'Chaudhari','chaudhari','https://source.unsplash.com/xyE1p1rG04U',0,'73',NULL,NULL,NULL,7,'2022-04-19 10:23:18','2022-04-19 10:23:18'),(29,'Chhanna','chhanna','https://source.unsplash.com/KKm1ua7MSf0',0,'73',NULL,NULL,NULL,7,'2022-04-19 10:23:18','2022-04-19 10:23:18'),(30,'Jamatola','jamatola','https://source.unsplash.com/xyE1p1rG04U',0,'73',NULL,NULL,NULL,7,'2022-04-19 10:23:18','2022-04-19 10:23:18'),(31,'Jaya Prithivi Nagar','jaya-prithivi-nagar','https://source.unsplash.com/L4NA2qRqK0s',0,'73',NULL,NULL,NULL,7,'2022-04-19 10:23:18','2022-04-19 10:23:18'),(32,'Rayal','rayal','https://source.unsplash.com/2Q2dpVPY6XU',0,'73',NULL,NULL,NULL,7,'2022-04-19 10:23:18','2022-04-19 10:23:18'),(33,'Shayadi','shayadi','https://source.unsplash.com/6yBAQeeNROU',0,'73',NULL,NULL,NULL,7,'2022-04-19 10:23:18','2022-04-19 10:23:18'),(34,'Talkot','talkot','https://source.unsplash.com/L4NA2qRqK0s',0,'73',NULL,NULL,NULL,7,'2022-04-19 10:23:18','2022-04-19 10:23:18'),(35,'Thalara','thalara','https://source.unsplash.com/u3aYUsaHT20',0,'73',NULL,NULL,NULL,7,'2022-04-19 10:23:18','2022-04-19 10:23:18'),(36,'Chhatara','chhatara','https://source.unsplash.com/u3aYUsaHT20',0,'74',NULL,NULL,NULL,7,'2022-04-19 10:23:18','2022-04-19 10:23:18'),(37,'Dandakot','dandakot','https://source.unsplash.com/Wj9ELwGXa6c',0,'74',NULL,NULL,NULL,7,'2022-04-19 10:23:18','2022-04-19 10:23:18'),(38,'Dogadi','dogadi','https://source.unsplash.com/6yBAQeeNROU',0,'74',NULL,NULL,NULL,7,'2022-04-19 10:23:18','2022-04-19 10:23:18'),(39,'Faiti','faiti','https://source.unsplash.com/u3aYUsaHT20',0,'74',NULL,NULL,NULL,7,'2022-04-19 10:23:18','2022-04-19 10:23:18'),(40,'Jukot','jukot','https://source.unsplash.com/KKm1ua7MSf0',0,'74',NULL,NULL,NULL,7,'2022-04-19 10:23:18','2022-04-19 10:23:18'),(41,'Kolti','kolti','https://source.unsplash.com/6yBAQeeNROU',0,'74',NULL,NULL,NULL,7,'2022-04-19 10:23:18','2022-04-19 10:23:18'),(42,'Manakot','manakot','https://source.unsplash.com/L4NA2qRqK0s',0,'74',NULL,NULL,NULL,7,'2022-04-19 10:23:19','2022-04-19 10:23:19'),(43,'Tate','tate','https://source.unsplash.com/u3aYUsaHT20',0,'74',NULL,NULL,NULL,7,'2022-04-19 10:23:19','2022-04-19 10:23:19'),(44,'Ajayameru','ajayameru','https://source.unsplash.com/6yBAQeeNROU',0,'76',NULL,NULL,NULL,7,'2022-04-19 10:23:19','2022-04-19 10:23:19'),(45,'Chipur','chipur','https://source.unsplash.com/u3aYUsaHT20',0,'76',NULL,NULL,NULL,7,'2022-04-19 10:23:19','2022-04-19 10:23:19'),(46,'Dandaban','dandaban','https://source.unsplash.com/2Q2dpVPY6XU',0,'76',NULL,NULL,NULL,7,'2022-04-19 10:23:19','2022-04-19 10:23:19'),(47,'Gaira Ganesh','gaira-ganesh','https://source.unsplash.com/L4NA2qRqK0s',0,'76',NULL,NULL,NULL,7,'2022-04-19 10:23:19','2022-04-19 10:23:19'),(48,'Ganeshpur','ganeshpur','https://source.unsplash.com/L4NA2qRqK0s',0,'76',NULL,NULL,NULL,7,'2022-04-19 10:23:19','2022-04-19 10:23:19'),(49,'Jogbudha','jogbudha','https://source.unsplash.com/2Q2dpVPY6XU',0,'76',NULL,NULL,NULL,7,'2022-04-19 10:23:19','2022-04-19 10:23:19'),(50,'Lamikande','lamikande','https://source.unsplash.com/2Q2dpVPY6XU',0,'76',NULL,NULL,NULL,7,'2022-04-19 10:23:19','2022-04-19 10:23:19'),(51,'Ugratara','ugratara','https://source.unsplash.com/2Q2dpVPY6XU',0,'76',NULL,NULL,NULL,7,'2022-04-19 10:23:19','2022-04-19 10:23:19'),(52,'Dandakot','dandakot','https://source.unsplash.com/u3aYUsaHT20',0,'78',NULL,NULL,NULL,7,'2022-04-19 10:23:19','2022-04-19 10:23:19'),(53,'Duhuti','duhuti','https://source.unsplash.com/Wj9ELwGXa6c',0,'78',NULL,NULL,NULL,7,'2022-04-19 10:23:19','2022-04-19 10:23:19'),(54,'Gokule','gokule','https://source.unsplash.com/Wj9ELwGXa6c',0,'78',NULL,NULL,NULL,7,'2022-04-19 10:23:19','2022-04-19 10:23:19'),(55,'Joljibi','joljibi','https://source.unsplash.com/Wj9ELwGXa6c',0,'78',NULL,NULL,NULL,7,'2022-04-19 10:23:19','2022-04-19 10:23:19'),(56,'Malikarjun','malikarjun','https://source.unsplash.com/u3aYUsaHT20',0,'78',NULL,NULL,NULL,7,'2022-04-19 10:23:19','2022-04-19 10:23:19'),(57,'Marmalatinath','marmalatinath','https://source.unsplash.com/xyE1p1rG04U',0,'78',NULL,NULL,NULL,7,'2022-04-19 10:23:19','2022-04-19 10:23:19'),(58,'Rapla','rapla','https://source.unsplash.com/2Q2dpVPY6XU',0,'78',NULL,NULL,NULL,7,'2022-04-19 10:23:19','2022-04-19 10:23:19'),(59,'Ritha Chaupata','ritha-chaupata','https://source.unsplash.com/6yBAQeeNROU',0,'78',NULL,NULL,NULL,7,'2022-04-19 10:23:19','2022-04-19 10:23:19'),(60,'Sipti','sipti','https://source.unsplash.com/xyE1p1rG04U',0,'78',NULL,NULL,NULL,7,'2022-04-19 10:23:19','2022-04-19 10:23:19'),(61,'Sitola','sitola','https://source.unsplash.com/2Q2dpVPY6XU',0,'78',NULL,NULL,NULL,7,'2022-04-19 10:23:19','2022-04-19 10:23:19'),(62,'Banedungrasen','banedungrasen','https://source.unsplash.com/xyE1p1rG04U',0,'72',NULL,NULL,NULL,7,'2022-04-19 10:23:19','2022-04-19 10:23:19'),(63,'Boktan','boktan','https://source.unsplash.com/KKm1ua7MSf0',0,'72',NULL,NULL,NULL,7,'2022-04-19 10:23:19','2022-04-19 10:23:19'),(64,'Byal','byal','https://source.unsplash.com/KKm1ua7MSf0',0,'72',NULL,NULL,NULL,7,'2022-04-19 10:23:19','2022-04-19 10:23:19'),(65,'Daund','daund','https://source.unsplash.com/L4NA2qRqK0s',0,'72',NULL,NULL,NULL,7,'2022-04-19 10:23:19','2022-04-19 10:23:19'),(66,'Gadhshera','gadhshera','https://source.unsplash.com/2Q2dpVPY6XU',0,'72',NULL,NULL,NULL,7,'2022-04-19 10:23:19','2022-04-19 10:23:19'),(67,'Jorayal','jorayal','https://source.unsplash.com/u3aYUsaHT20',0,'72',NULL,NULL,NULL,7,'2022-04-19 10:23:19','2022-04-19 10:23:19'),(68,'Lanakedareswor','lanakedareswor','https://source.unsplash.com/6yBAQeeNROU',0,'72',NULL,NULL,NULL,7,'2022-04-19 10:23:19','2022-04-19 10:23:19'),(69,'Mauwa Nagardaha','mauwa-nagardaha','https://source.unsplash.com/6yBAQeeNROU',0,'72',NULL,NULL,NULL,7,'2022-04-19 10:23:19','2022-04-19 10:23:19'),(70,'Mudbhara','mudbhara','https://source.unsplash.com/xyE1p1rG04U',0,'72',NULL,NULL,NULL,7,'2022-04-19 10:23:19','2022-04-19 10:23:19'),(71,'Sanagaun','sanagaun','https://source.unsplash.com/u3aYUsaHT20',0,'72',NULL,NULL,NULL,7,'2022-04-19 10:23:19','2022-04-19 10:23:19'),(72,'Silgadhi','silgadhi','https://source.unsplash.com/xyE1p1rG04U',0,'72',NULL,NULL,NULL,7,'2022-04-19 10:23:19','2022-04-19 10:23:19'),(73,'Atariya','atariya','https://source.unsplash.com/xyE1p1rG04U',0,'70',NULL,NULL,NULL,7,'2022-04-19 10:23:19','2022-04-19 10:23:19'),(74,'Bhajani','bhajani','https://source.unsplash.com/6yBAQeeNROU',0,'70',NULL,NULL,NULL,7,'2022-04-19 10:23:19','2022-04-19 10:23:19'),(75,'Chaumala','chaumala','https://source.unsplash.com/L4NA2qRqK0s',0,'70',NULL,NULL,NULL,7,'2022-04-19 10:23:19','2022-04-19 10:23:19'),(76,'Dododhara','dododhara','https://source.unsplash.com/xyE1p1rG04U',0,'70',NULL,NULL,NULL,7,'2022-04-19 10:23:19','2022-04-19 10:23:19'),(77,'Hasuliya','hasuliya','https://source.unsplash.com/6yBAQeeNROU',0,'70',NULL,NULL,NULL,7,'2022-04-19 10:23:19','2022-04-19 10:23:19'),(78,'Joshipur','joshipur','https://source.unsplash.com/L4NA2qRqK0s',0,'70',NULL,NULL,NULL,7,'2022-04-19 10:23:19','2022-04-19 10:23:19'),(79,'Lamki','lamki','https://source.unsplash.com/xyE1p1rG04U',0,'70',NULL,NULL,NULL,7,'2022-04-19 10:23:19','2022-04-19 10:23:19'),(80,'Masuriya','masuriya','https://source.unsplash.com/xyE1p1rG04U',0,'70',NULL,NULL,NULL,7,'2022-04-19 10:23:19','2022-04-19 10:23:19'),(81,'Pahalmanpur','pahalmanpur','https://source.unsplash.com/xyE1p1rG04U',0,'70',NULL,NULL,NULL,7,'2022-04-19 10:23:19','2022-04-19 10:23:19'),(82,'Phaltude','phaltude','https://source.unsplash.com/L4NA2qRqK0s',0,'70',NULL,NULL,NULL,7,'2022-04-19 10:23:19','2022-04-19 10:23:19'),(83,'Phulbari','phulbari','https://source.unsplash.com/2Q2dpVPY6XU',0,'70',NULL,NULL,NULL,7,'2022-04-19 10:23:19','2022-04-19 10:23:19'),(84,'Tikapur','tikapur','https://source.unsplash.com/KKm1ua7MSf0',0,'70',NULL,NULL,NULL,7,'2022-04-19 10:23:19','2022-04-19 10:23:19'),(85,'Airport','airport','https://source.unsplash.com/6yBAQeeNROU',0,'75',NULL,NULL,NULL,7,'2022-04-19 10:23:19','2022-04-19 10:23:19'),(86,'Beldadi','beldadi','https://source.unsplash.com/KKm1ua7MSf0',0,'75',NULL,NULL,NULL,7,'2022-04-19 10:23:19','2022-04-19 10:23:19'),(87,'Chandani','chandani','https://source.unsplash.com/u3aYUsaHT20',0,'75',NULL,NULL,NULL,7,'2022-04-19 10:23:19','2022-04-19 10:23:19'),(88,'Jhalari','jhalari','https://source.unsplash.com/xyE1p1rG04U',0,'75',NULL,NULL,NULL,7,'2022-04-19 10:23:19','2022-04-19 10:23:19'),(89,'Kalika','kalika','https://source.unsplash.com/u3aYUsaHT20',0,'75',NULL,NULL,NULL,7,'2022-04-19 10:23:19','2022-04-19 10:23:19'),(90,'Kanchanpur','kanchanpur','https://source.unsplash.com/6yBAQeeNROU',0,'75',NULL,NULL,NULL,7,'2022-04-19 10:23:19','2022-04-19 10:23:19'),(91,'Krishnapur','krishnapur','https://source.unsplash.com/6yBAQeeNROU',0,'75',NULL,NULL,NULL,7,'2022-04-19 10:23:19','2022-04-19 10:23:19'),(92,'Pipaladi','pipaladi','https://source.unsplash.com/xyE1p1rG04U',0,'75',NULL,NULL,NULL,7,'2022-04-19 10:23:19','2022-04-19 10:23:19'),(93,'Punarbas','punarbas','https://source.unsplash.com/u3aYUsaHT20',0,'75',NULL,NULL,NULL,7,'2022-04-19 10:23:19','2022-04-19 10:23:19'),(94,'Suda','suda','https://source.unsplash.com/KKm1ua7MSf0',0,'75',NULL,NULL,NULL,7,'2022-04-19 10:23:19','2022-04-19 10:23:19'),(95,'Argha','argha','https://source.unsplash.com/Wj9ELwGXa6c',0,'51',NULL,NULL,NULL,5,'2022-04-19 10:23:19','2022-04-19 10:23:19'),(96,'Arghatosh','arghatosh','https://source.unsplash.com/KKm1ua7MSf0',0,'51',NULL,NULL,NULL,5,'2022-04-19 10:23:19','2022-04-19 10:23:19'),(97,'Balkot','balkot','https://source.unsplash.com/L4NA2qRqK0s',0,'51',NULL,NULL,NULL,5,'2022-04-19 10:23:19','2022-04-19 10:23:19'),(98,'Dhikura','dhikura','https://source.unsplash.com/6yBAQeeNROU',0,'51',NULL,NULL,NULL,5,'2022-04-19 10:23:19','2022-04-19 10:23:19'),(99,'Hamshapur','hamshapur','https://source.unsplash.com/2Q2dpVPY6XU',0,'51',NULL,NULL,NULL,5,'2022-04-19 10:23:19','2022-04-19 10:23:19'),(100,'Khana','khana','https://source.unsplash.com/6yBAQeeNROU',0,'51',NULL,NULL,NULL,5,'2022-04-19 10:23:19','2022-04-19 10:23:19'),(101,'Khidim','khidim','https://source.unsplash.com/KKm1ua7MSf0',0,'51',NULL,NULL,NULL,5,'2022-04-19 10:23:19','2022-04-19 10:23:19'),(102,'Khilji','khilji','https://source.unsplash.com/6yBAQeeNROU',0,'51',NULL,NULL,NULL,5,'2022-04-19 10:23:19','2022-04-19 10:23:19'),(103,'Pali','pali','https://source.unsplash.com/KKm1ua7MSf0',0,'51',NULL,NULL,NULL,5,'2022-04-19 10:23:19','2022-04-19 10:23:19'),(104,'Subarnakhal','subarnakhal','https://source.unsplash.com/6yBAQeeNROU',0,'51',NULL,NULL,NULL,5,'2022-04-19 10:23:19','2022-04-19 10:23:19'),(105,'Thada','thada','https://source.unsplash.com/u3aYUsaHT20',0,'51',NULL,NULL,NULL,5,'2022-04-19 10:23:19','2022-04-19 10:23:19'),(106,'Wangla','wangla','https://source.unsplash.com/xyE1p1rG04U',0,'51',NULL,NULL,NULL,5,'2022-04-19 10:23:19','2022-04-19 10:23:19'),(107,'Bhojbhagawanpur','bhojbhagawanpur','https://source.unsplash.com/Wj9ELwGXa6c',0,'58',NULL,NULL,NULL,5,'2022-04-19 10:23:19','2022-04-19 10:23:19'),(108,'Chandranagar','chandranagar','https://source.unsplash.com/Wj9ELwGXa6c',0,'58',NULL,NULL,NULL,5,'2022-04-19 10:23:19','2022-04-19 10:23:19'),(109,'Chisapani','chisapani','https://source.unsplash.com/xyE1p1rG04U',0,'58',NULL,NULL,NULL,5,'2022-04-19 10:23:19','2022-04-19 10:23:19'),(110,'Godahana','godahana','https://source.unsplash.com/6yBAQeeNROU',0,'58',NULL,NULL,NULL,5,'2022-04-19 10:23:19','2022-04-19 10:23:19'),(111,'Jayaspur','jayaspur','https://source.unsplash.com/u3aYUsaHT20',0,'58',NULL,NULL,NULL,5,'2022-04-19 10:23:19','2022-04-19 10:23:19'),(112,'Khajura','khajura','https://source.unsplash.com/L4NA2qRqK0s',0,'58',NULL,NULL,NULL,5,'2022-04-19 10:23:19','2022-04-19 10:23:19'),(113,'Khaskusma','khaskusma','https://source.unsplash.com/2Q2dpVPY6XU',0,'58',NULL,NULL,NULL,5,'2022-04-19 10:23:19','2022-04-19 10:23:19'),(114,'Kohalapur','kohalapur','https://source.unsplash.com/L4NA2qRqK0s',0,'58',NULL,NULL,NULL,5,'2022-04-19 10:23:19','2022-04-19 10:23:19'),(115,'Ramjha','ramjha','https://source.unsplash.com/Wj9ELwGXa6c',0,'58',NULL,NULL,NULL,5,'2022-04-19 10:23:19','2022-04-19 10:23:19'),(116,'Suiya','suiya','https://source.unsplash.com/xyE1p1rG04U',0,'58',NULL,NULL,NULL,5,'2022-04-19 10:23:19','2022-04-19 10:23:19'),(117,'Udayapur','udayapur','https://source.unsplash.com/Wj9ELwGXa6c',0,'58',NULL,NULL,NULL,5,'2022-04-19 10:23:19','2022-04-19 10:23:19'),(118,'Baganaha','baganaha','https://source.unsplash.com/u3aYUsaHT20',0,'59',NULL,NULL,NULL,5,'2022-04-19 10:23:19','2022-04-19 10:23:19'),(119,'Bhurigaun','bhurigaun','https://source.unsplash.com/L4NA2qRqK0s',0,'59',NULL,NULL,NULL,5,'2022-04-19 10:23:19','2022-04-19 10:23:19'),(120,'Jamuni','jamuni','https://source.unsplash.com/xyE1p1rG04U',0,'59',NULL,NULL,NULL,5,'2022-04-19 10:23:19','2022-04-19 10:23:19'),(121,'Magaragadi','magaragadi','https://source.unsplash.com/KKm1ua7MSf0',0,'59',NULL,NULL,NULL,5,'2022-04-19 10:23:19','2022-04-19 10:23:19'),(122,'Mainapokhar','mainapokhar','https://source.unsplash.com/6yBAQeeNROU',0,'59',NULL,NULL,NULL,5,'2022-04-19 10:23:19','2022-04-19 10:23:19'),(123,'Motipur','motipur','https://source.unsplash.com/L4NA2qRqK0s',0,'59',NULL,NULL,NULL,5,'2022-04-19 10:23:19','2022-04-19 10:23:19'),(124,'Pashupatinagar','pashupatinagar','https://source.unsplash.com/2Q2dpVPY6XU',0,'59',NULL,NULL,NULL,5,'2022-04-19 10:23:19','2022-04-19 10:23:19'),(125,'Rajapur','rajapur','https://source.unsplash.com/KKm1ua7MSf0',0,'59',NULL,NULL,NULL,5,'2022-04-19 10:23:19','2022-04-19 10:23:19'),(126,'Sanoshri','sanoshri','https://source.unsplash.com/L4NA2qRqK0s',0,'59',NULL,NULL,NULL,5,'2022-04-19 10:23:19','2022-04-19 10:23:19'),(127,'Bhaluwang','bhaluwang','https://source.unsplash.com/xyE1p1rG04U',0,'54',NULL,NULL,NULL,5,'2022-04-19 10:23:19','2022-04-19 10:23:19'),(128,'Ghoraha','ghoraha','https://source.unsplash.com/KKm1ua7MSf0',0,'54',NULL,NULL,NULL,5,'2022-04-19 10:23:19','2022-04-19 10:23:19'),(129,'Hapur','hapur','https://source.unsplash.com/6yBAQeeNROU',0,'54',NULL,NULL,NULL,5,'2022-04-19 10:23:19','2022-04-19 10:23:19'),(130,'Hekuli','hekuli','https://source.unsplash.com/u3aYUsaHT20',0,'54',NULL,NULL,NULL,5,'2022-04-19 10:23:19','2022-04-19 10:23:19'),(131,'Jangrahawa','jangrahawa','https://source.unsplash.com/L4NA2qRqK0s',0,'54',NULL,NULL,NULL,5,'2022-04-19 10:23:19','2022-04-19 10:23:19'),(132,'Jumlepani','jumlepani','https://source.unsplash.com/2Q2dpVPY6XU',0,'54',NULL,NULL,NULL,5,'2022-04-19 10:23:19','2022-04-19 10:23:19'),(133,'Koilabas','koilabas','https://source.unsplash.com/L4NA2qRqK0s',0,'54',NULL,NULL,NULL,5,'2022-04-19 10:23:19','2022-04-19 10:23:19'),(134,'Lamahi','lamahi','https://source.unsplash.com/KKm1ua7MSf0',0,'54',NULL,NULL,NULL,5,'2022-04-19 10:23:19','2022-04-19 10:23:19'),(135,'Manpur','manpur','https://source.unsplash.com/L4NA2qRqK0s',0,'54',NULL,NULL,NULL,5,'2022-04-19 10:23:19','2022-04-19 10:23:19'),(136,'Panchakule','panchakule','https://source.unsplash.com/u3aYUsaHT20',0,'54',NULL,NULL,NULL,5,'2022-04-19 10:23:19','2022-04-19 10:23:19'),(137,'Rampur','rampur','https://source.unsplash.com/2Q2dpVPY6XU',0,'54',NULL,NULL,NULL,5,'2022-04-19 10:23:19','2022-04-19 10:23:19'),(138,'Shantinagar','shantinagar','https://source.unsplash.com/Wj9ELwGXa6c',0,'54',NULL,NULL,NULL,5,'2022-04-19 10:23:19','2022-04-19 10:23:19'),(139,'Tulsipur','tulsipur','https://source.unsplash.com/KKm1ua7MSf0',0,'54',NULL,NULL,NULL,5,'2022-04-19 10:23:19','2022-04-19 10:23:19'),(140,'Urahari','urahari','https://source.unsplash.com/2Q2dpVPY6XU',0,'54',NULL,NULL,NULL,5,'2022-04-19 10:23:19','2022-04-19 10:23:19'),(141,'Arje','arje','https://source.unsplash.com/L4NA2qRqK0s',0,'52',NULL,NULL,NULL,5,'2022-04-19 10:23:19','2022-04-19 10:23:19'),(142,'Bharse','bharse','https://source.unsplash.com/2Q2dpVPY6XU',0,'52',NULL,NULL,NULL,5,'2022-04-19 10:23:19','2022-04-19 10:23:19'),(143,'Birabas','birabas','https://source.unsplash.com/2Q2dpVPY6XU',0,'52',NULL,NULL,NULL,5,'2022-04-19 10:23:19','2022-04-19 10:23:19'),(144,'Chandrakot','chandrakot','https://source.unsplash.com/2Q2dpVPY6XU',0,'52',NULL,NULL,NULL,5,'2022-04-19 10:23:19','2022-04-19 10:23:19'),(145,'Dhurkot','dhurkot','https://source.unsplash.com/L4NA2qRqK0s',0,'52',NULL,NULL,NULL,5,'2022-04-19 10:23:19','2022-04-19 10:23:19'),(146,'Ismadohali','ismadohali','https://source.unsplash.com/Wj9ELwGXa6c',0,'52',NULL,NULL,NULL,5,'2022-04-19 10:23:19','2022-04-19 10:23:19'),(147,'Majuwa','majuwa','https://source.unsplash.com/Wj9ELwGXa6c',0,'52',NULL,NULL,NULL,5,'2022-04-19 10:23:19','2022-04-19 10:23:19'),(148,'Manabhak','manabhak','https://source.unsplash.com/xyE1p1rG04U',0,'52',NULL,NULL,NULL,5,'2022-04-19 10:23:19','2022-04-19 10:23:19'),(149,'Pipaldanda','pipaldanda','https://source.unsplash.com/u3aYUsaHT20',0,'52',NULL,NULL,NULL,5,'2022-04-19 10:23:19','2022-04-19 10:23:19'),(150,'Purkotadha','purkotadha','https://source.unsplash.com/xyE1p1rG04U',0,'52',NULL,NULL,NULL,5,'2022-04-19 10:23:19','2022-04-19 10:23:19'),(151,'Purtighat','purtighat','https://source.unsplash.com/xyE1p1rG04U',0,'52',NULL,NULL,NULL,5,'2022-04-19 10:23:19','2022-04-19 10:23:19'),(152,'Ridi','ridi','https://source.unsplash.com/2Q2dpVPY6XU',0,'52',NULL,NULL,NULL,5,'2022-04-19 10:23:19','2022-04-19 10:23:19'),(153,'Sringa','sringa','https://source.unsplash.com/xyE1p1rG04U',0,'52',NULL,NULL,NULL,5,'2022-04-19 10:23:19','2022-04-19 10:23:19'),(154,'Wami','wami','https://source.unsplash.com/L4NA2qRqK0s',0,'52',NULL,NULL,NULL,5,'2022-04-19 10:23:19','2022-04-19 10:23:19'),(155,'Argali','argali','https://source.unsplash.com/u3aYUsaHT20',0,'53',NULL,NULL,NULL,5,'2022-04-19 10:23:19','2022-04-19 10:23:19'),(156,'Aryabhanjyang','aryabhanjyang','https://source.unsplash.com/u3aYUsaHT20',0,'53',NULL,NULL,NULL,5,'2022-04-19 10:23:19','2022-04-19 10:23:19'),(157,'Baldengadi','baldengadi','https://source.unsplash.com/u3aYUsaHT20',0,'53',NULL,NULL,NULL,5,'2022-04-19 10:23:19','2022-04-19 10:23:19'),(158,'Chhahara','chhahara','https://source.unsplash.com/KKm1ua7MSf0',0,'53',NULL,NULL,NULL,5,'2022-04-19 10:23:19','2022-04-19 10:23:19'),(159,'Hungi','hungi','https://source.unsplash.com/2Q2dpVPY6XU',0,'53',NULL,NULL,NULL,5,'2022-04-19 10:23:19','2022-04-19 10:23:19'),(160,'Jalpa','jalpa','https://source.unsplash.com/KKm1ua7MSf0',0,'53',NULL,NULL,NULL,5,'2022-04-19 10:23:19','2022-04-19 10:23:19'),(161,'Jhadewa','jhadewa','https://source.unsplash.com/L4NA2qRqK0s',0,'53',NULL,NULL,NULL,5,'2022-04-19 10:23:19','2022-04-19 10:23:19'),(162,'Khasyauli','khasyauli','https://source.unsplash.com/L4NA2qRqK0s',0,'53',NULL,NULL,NULL,5,'2022-04-19 10:23:19','2022-04-19 10:23:19'),(163,'Madanpokhara','madanpokhara','https://source.unsplash.com/KKm1ua7MSf0',0,'53',NULL,NULL,NULL,5,'2022-04-19 10:23:19','2022-04-19 10:23:19'),(164,'Palungmainadi','palungmainadi','https://source.unsplash.com/u3aYUsaHT20',0,'53',NULL,NULL,NULL,5,'2022-04-19 10:23:19','2022-04-19 10:23:19'),(165,'Rampur','rampur','https://source.unsplash.com/Wj9ELwGXa6c',0,'53',NULL,NULL,NULL,5,'2022-04-19 10:23:19','2022-04-19 10:23:19'),(166,'Sahalkot','sahalkot','https://source.unsplash.com/u3aYUsaHT20',0,'53',NULL,NULL,NULL,5,'2022-04-19 10:23:19','2022-04-19 10:23:19'),(167,'Tahu','tahu','https://source.unsplash.com/L4NA2qRqK0s',0,'53',NULL,NULL,NULL,5,'2022-04-19 10:23:19','2022-04-19 10:23:19'),(168,'Baraula','baraula','https://source.unsplash.com/6yBAQeeNROU',0,'55',NULL,NULL,NULL,5,'2022-04-19 10:23:19','2022-04-19 10:23:19'),(169,'Bhingri','bhingri','https://source.unsplash.com/L4NA2qRqK0s',0,'55',NULL,NULL,NULL,5,'2022-04-19 10:23:19','2022-04-19 10:23:19'),(170,'Bijuwar','bijuwar','https://source.unsplash.com/KKm1ua7MSf0',0,'55',NULL,NULL,NULL,5,'2022-04-19 10:23:19','2022-04-19 10:23:19'),(171,'Dakhaquadi','dakhaquadi','https://source.unsplash.com/xyE1p1rG04U',0,'55',NULL,NULL,NULL,5,'2022-04-19 10:23:19','2022-04-19 10:23:19'),(172,'Lungbahane','lungbahane','https://source.unsplash.com/L4NA2qRqK0s',0,'55',NULL,NULL,NULL,5,'2022-04-19 10:23:19','2022-04-19 10:23:19'),(173,'Machchhi','machchhi','https://source.unsplash.com/6yBAQeeNROU',0,'55',NULL,NULL,NULL,5,'2022-04-19 10:23:19','2022-04-19 10:23:19'),(174,'Majuwa','majuwa','https://source.unsplash.com/KKm1ua7MSf0',0,'55',NULL,NULL,NULL,5,'2022-04-19 10:23:19','2022-04-19 10:23:19'),(175,'Naya Gaun','naya-gaun','https://source.unsplash.com/L4NA2qRqK0s',0,'55',NULL,NULL,NULL,5,'2022-04-19 10:23:19','2022-04-19 10:23:19'),(176,'Thulabesi','thulabesi','https://source.unsplash.com/xyE1p1rG04U',0,'55',NULL,NULL,NULL,5,'2022-04-19 10:23:19','2022-04-19 10:23:19'),(177,'Wangesal','wangesal','https://source.unsplash.com/xyE1p1rG04U',0,'55',NULL,NULL,NULL,5,'2022-04-19 10:23:19','2022-04-19 10:23:19'),(178,'Dahaban','dahaban','https://source.unsplash.com/xyE1p1rG04U',0,'56',NULL,NULL,NULL,5,'2022-04-19 10:23:19','2022-04-19 10:23:19'),(179,'Ghartigaun','ghartigaun','https://source.unsplash.com/KKm1ua7MSf0',0,'56',NULL,NULL,NULL,5,'2022-04-19 10:23:19','2022-04-19 10:23:19'),(180,'Himtakura','himtakura','https://source.unsplash.com/u3aYUsaHT20',0,'56',NULL,NULL,NULL,5,'2022-04-19 10:23:19','2022-04-19 10:23:19'),(181,'Jhenam (Holeri)','jhenam-holeri','https://source.unsplash.com/xyE1p1rG04U',0,'56',NULL,NULL,NULL,5,'2022-04-19 10:23:19','2022-04-19 10:23:19'),(182,'Khungri','khungri','https://source.unsplash.com/Wj9ELwGXa6c',0,'56',NULL,NULL,NULL,5,'2022-04-19 10:23:19','2022-04-19 10:23:19'),(183,'Nerpa','nerpa','https://source.unsplash.com/6yBAQeeNROU',0,'56',NULL,NULL,NULL,5,'2022-04-19 10:23:19','2022-04-19 10:23:19'),(184,'Shulichaur','shulichaur','https://source.unsplash.com/6yBAQeeNROU',0,'56',NULL,NULL,NULL,5,'2022-04-19 10:23:19','2022-04-19 10:23:19'),(185,'Sirpa','sirpa','https://source.unsplash.com/xyE1p1rG04U',0,'56',NULL,NULL,NULL,5,'2022-04-19 10:23:19','2022-04-19 10:23:19'),(186,'Thawang','thawang','https://source.unsplash.com/xyE1p1rG04U',0,'56',NULL,NULL,NULL,5,'2022-04-19 10:23:19','2022-04-19 10:23:19'),(187,'Amuwa','amuwa','https://source.unsplash.com/u3aYUsaHT20',0,'50',NULL,NULL,NULL,5,'2022-04-19 10:23:19','2022-04-19 10:23:19'),(188,'Betkuiya','betkuiya','https://source.unsplash.com/u3aYUsaHT20',0,'50',NULL,NULL,NULL,5,'2022-04-19 10:23:19','2022-04-19 10:23:19'),(189,'Butwal','butwal','https://source.unsplash.com/KKm1ua7MSf0',0,'50',NULL,NULL,NULL,5,'2022-04-19 10:23:19','2022-04-19 10:23:19'),(190,'Dhakadhai','dhakadhai','https://source.unsplash.com/KKm1ua7MSf0',0,'50',NULL,NULL,NULL,5,'2022-04-19 10:23:19','2022-04-19 10:23:19'),(191,'Kotihawa','kotihawa','https://source.unsplash.com/2Q2dpVPY6XU',0,'50',NULL,NULL,NULL,5,'2022-04-19 10:23:19','2022-04-19 10:23:19'),(192,'Lumbini','lumbini','https://source.unsplash.com/L4NA2qRqK0s',0,'50',NULL,NULL,NULL,5,'2022-04-19 10:23:19','2022-04-19 10:23:19'),(193,'Mahadehiya','mahadehiya','https://source.unsplash.com/L4NA2qRqK0s',0,'50',NULL,NULL,NULL,5,'2022-04-19 10:23:19','2022-04-19 10:23:19'),(194,'Manigram','manigram','https://source.unsplash.com/xyE1p1rG04U',0,'50',NULL,NULL,NULL,5,'2022-04-19 10:23:19','2022-04-19 10:23:19'),(195,'Parroha','parroha','https://source.unsplash.com/xyE1p1rG04U',0,'50',NULL,NULL,NULL,5,'2022-04-19 10:23:19','2022-04-19 10:23:19'),(196,'Saljhandi','saljhandi','https://source.unsplash.com/xyE1p1rG04U',0,'50',NULL,NULL,NULL,5,'2022-04-19 10:23:19','2022-04-19 10:23:19'),(197,'Sauraha Pharsa','sauraha-pharsa','https://source.unsplash.com/L4NA2qRqK0s',0,'50',NULL,NULL,NULL,5,'2022-04-19 10:23:19','2022-04-19 10:23:19'),(198,'Siktahan','siktahan','https://source.unsplash.com/Wj9ELwGXa6c',0,'50',NULL,NULL,NULL,5,'2022-04-19 10:23:19','2022-04-19 10:23:19'),(199,'Suryapura','suryapura','https://source.unsplash.com/Wj9ELwGXa6c',0,'50',NULL,NULL,NULL,5,'2022-04-19 10:23:19','2022-04-19 10:23:19'),(200,'Tenuhawa','tenuhawa','https://source.unsplash.com/Wj9ELwGXa6c',0,'50',NULL,NULL,NULL,5,'2022-04-19 10:23:19','2022-04-19 10:23:19'),(201,'Thutipipal','thutipipal','https://source.unsplash.com/xyE1p1rG04U',0,'50',NULL,NULL,NULL,5,'2022-04-19 10:23:19','2022-04-19 10:23:19'),(202,'Arnakot','arnakot','https://source.unsplash.com/xyE1p1rG04U',0,'36',NULL,NULL,NULL,4,'2022-04-19 10:23:19','2022-04-19 10:23:19'),(203,'Balewa Payupata','balewa-payupata','https://source.unsplash.com/6yBAQeeNROU',0,'36',NULL,NULL,NULL,4,'2022-04-19 10:23:19','2022-04-19 10:23:19'),(204,'Bereng','bereng','https://source.unsplash.com/KKm1ua7MSf0',0,'36',NULL,NULL,NULL,4,'2022-04-19 10:23:19','2022-04-19 10:23:19'),(205,'Bihukot','bihukot','https://source.unsplash.com/KKm1ua7MSf0',0,'36',NULL,NULL,NULL,4,'2022-04-19 10:23:19','2022-04-19 10:23:19'),(206,'Bongadovan','bongadovan','https://source.unsplash.com/L4NA2qRqK0s',0,'36',NULL,NULL,NULL,4,'2022-04-19 10:23:19','2022-04-19 10:23:19'),(207,'Galkot','galkot','https://source.unsplash.com/u3aYUsaHT20',0,'36',NULL,NULL,NULL,4,'2022-04-19 10:23:19','2022-04-19 10:23:19'),(208,'Harichaur','harichaur','https://source.unsplash.com/u3aYUsaHT20',0,'36',NULL,NULL,NULL,4,'2022-04-19 10:23:19','2022-04-19 10:23:19'),(209,'Jaidi Belbagar','jaidi-belbagar','https://source.unsplash.com/KKm1ua7MSf0',0,'36',NULL,NULL,NULL,4,'2022-04-19 10:23:19','2022-04-19 10:23:19'),(210,'Jhimpa','jhimpa','https://source.unsplash.com/L4NA2qRqK0s',0,'36',NULL,NULL,NULL,4,'2022-04-19 10:23:19','2022-04-19 10:23:19'),(211,'Khrwang','khrwang','https://source.unsplash.com/L4NA2qRqK0s',0,'36',NULL,NULL,NULL,4,'2022-04-19 10:23:19','2022-04-19 10:23:19'),(212,'Kusmi Shera','kusmi-shera','https://source.unsplash.com/xyE1p1rG04U',0,'36',NULL,NULL,NULL,4,'2022-04-19 10:23:19','2022-04-19 10:23:19'),(213,'Pala','pala','https://source.unsplash.com/2Q2dpVPY6XU',0,'36',NULL,NULL,NULL,4,'2022-04-19 10:23:19','2022-04-19 10:23:19'),(214,'Pandavkhani','pandavkhani','https://source.unsplash.com/u3aYUsaHT20',0,'36',NULL,NULL,NULL,4,'2022-04-19 10:23:19','2022-04-19 10:23:19'),(215,'Aarughat','aarughat','https://source.unsplash.com/xyE1p1rG04U',0,'37',NULL,NULL,NULL,4,'2022-04-19 10:23:19','2022-04-19 10:23:19'),(216,'Anapipal','anapipal','https://source.unsplash.com/L4NA2qRqK0s',0,'37',NULL,NULL,NULL,4,'2022-04-19 10:23:19','2022-04-19 10:23:19'),(217,'Batase','batase','https://source.unsplash.com/6yBAQeeNROU',0,'37',NULL,NULL,NULL,4,'2022-04-19 10:23:19','2022-04-19 10:23:19'),(218,'Bhachchek','bhachchek','https://source.unsplash.com/Wj9ELwGXa6c',0,'37',NULL,NULL,NULL,4,'2022-04-19 10:23:19','2022-04-19 10:23:19'),(219,'Bungkot','bungkot','https://source.unsplash.com/2Q2dpVPY6XU',0,'37',NULL,NULL,NULL,4,'2022-04-19 10:23:19','2022-04-19 10:23:19'),(220,'Ghyampesal','ghyampesal','https://source.unsplash.com/xyE1p1rG04U',0,'37',NULL,NULL,NULL,4,'2022-04-19 10:23:19','2022-04-19 10:23:19'),(221,'Gumda','gumda','https://source.unsplash.com/Wj9ELwGXa6c',0,'37',NULL,NULL,NULL,4,'2022-04-19 10:23:19','2022-04-19 10:23:19'),(222,'Jaubari','jaubari','https://source.unsplash.com/2Q2dpVPY6XU',0,'37',NULL,NULL,NULL,4,'2022-04-19 10:23:19','2022-04-19 10:23:19'),(223,'Luintel','luintel','https://source.unsplash.com/2Q2dpVPY6XU',0,'37',NULL,NULL,NULL,4,'2022-04-19 10:23:19','2022-04-19 10:23:19'),(224,'Manakamana','manakamana','https://source.unsplash.com/6yBAQeeNROU',0,'37',NULL,NULL,NULL,4,'2022-04-19 10:23:19','2022-04-19 10:23:19'),(225,'Saurpani','saurpani','https://source.unsplash.com/6yBAQeeNROU',0,'37',NULL,NULL,NULL,4,'2022-04-19 10:23:19','2022-04-19 10:23:19'),(226,'Sirdibash','sirdibash','https://source.unsplash.com/6yBAQeeNROU',0,'37',NULL,NULL,NULL,4,'2022-04-19 10:23:19','2022-04-19 10:23:19'),(227,'Bhalam','bhalam','https://source.unsplash.com/L4NA2qRqK0s',0,'38',NULL,NULL,NULL,4,'2022-04-19 10:23:19','2022-04-19 10:23:19'),(228,'Birethanti','birethanti','https://source.unsplash.com/L4NA2qRqK0s',0,'38',NULL,NULL,NULL,4,'2022-04-19 10:23:19','2022-04-19 10:23:19'),(229,'Chapakot','chapakot','https://source.unsplash.com/xyE1p1rG04U',0,'38',NULL,NULL,NULL,4,'2022-04-19 10:23:19','2022-04-19 10:23:19'),(230,'Gagan Gaunda','gagan-gaunda','https://source.unsplash.com/xyE1p1rG04U',0,'38',NULL,NULL,NULL,4,'2022-04-19 10:23:19','2022-04-19 10:23:19'),(231,'Ghachok','ghachok','https://source.unsplash.com/KKm1ua7MSf0',0,'38',NULL,NULL,NULL,4,'2022-04-19 10:23:19','2022-04-19 10:23:19'),(232,'Majhathana','majhathana','https://source.unsplash.com/2Q2dpVPY6XU',0,'38',NULL,NULL,NULL,4,'2022-04-19 10:23:19','2022-04-19 10:23:19'),(233,'Makaikhola','makaikhola','https://source.unsplash.com/L4NA2qRqK0s',0,'38',NULL,NULL,NULL,4,'2022-04-19 10:23:19','2022-04-19 10:23:19'),(234,'Naudanda','naudanda','https://source.unsplash.com/xyE1p1rG04U',0,'38',NULL,NULL,NULL,4,'2022-04-19 10:23:19','2022-04-19 10:23:19'),(235,'Nirmalpokhari','nirmalpokhari','https://source.unsplash.com/xyE1p1rG04U',0,'38',NULL,NULL,NULL,4,'2022-04-19 10:23:19','2022-04-19 10:23:19'),(236,'Pardibandh','pardibandh','https://source.unsplash.com/2Q2dpVPY6XU',0,'38',NULL,NULL,NULL,4,'2022-04-19 10:23:19','2022-04-19 10:23:19'),(237,'Purunchaur','purunchaur','https://source.unsplash.com/u3aYUsaHT20',0,'38',NULL,NULL,NULL,4,'2022-04-19 10:23:19','2022-04-19 10:23:19'),(238,'Rupakot','rupakot','https://source.unsplash.com/6yBAQeeNROU',0,'38',NULL,NULL,NULL,4,'2022-04-19 10:23:19','2022-04-19 10:23:19'),(239,'Sildujure','sildujure','https://source.unsplash.com/L4NA2qRqK0s',0,'38',NULL,NULL,NULL,4,'2022-04-19 10:23:19','2022-04-19 10:23:19'),(240,'Bharate','bharate','https://source.unsplash.com/6yBAQeeNROU',0,'39',NULL,NULL,NULL,4,'2022-04-19 10:23:19','2022-04-19 10:23:19'),(241,'Gaunda','gaunda','https://source.unsplash.com/6yBAQeeNROU',0,'39',NULL,NULL,NULL,4,'2022-04-19 10:23:19','2022-04-19 10:23:19'),(242,'Gilung','gilung','https://source.unsplash.com/6yBAQeeNROU',0,'39',NULL,NULL,NULL,4,'2022-04-19 10:23:19','2022-04-19 10:23:19'),(243,'Khudi','khudi','https://source.unsplash.com/L4NA2qRqK0s',0,'39',NULL,NULL,NULL,4,'2022-04-19 10:23:19','2022-04-19 10:23:19'),(244,'Kunchha','kunchha','https://source.unsplash.com/xyE1p1rG04U',0,'39',NULL,NULL,NULL,4,'2022-04-19 10:23:19','2022-04-19 10:23:19'),(245,'Maling','maling','https://source.unsplash.com/L4NA2qRqK0s',0,'39',NULL,NULL,NULL,4,'2022-04-19 10:23:19','2022-04-19 10:23:19'),(246,'Phaliyasanghu','phaliyasanghu','https://source.unsplash.com/u3aYUsaHT20',0,'39',NULL,NULL,NULL,4,'2022-04-19 10:23:19','2022-04-19 10:23:19'),(247,'Sotipasal','sotipasal','https://source.unsplash.com/Wj9ELwGXa6c',0,'39',NULL,NULL,NULL,4,'2022-04-19 10:23:19','2022-04-19 10:23:19'),(248,'Sundar Bazar','sundar-bazar','https://source.unsplash.com/u3aYUsaHT20',0,'39',NULL,NULL,NULL,4,'2022-04-19 10:23:19','2022-04-19 10:23:19'),(249,'Tarkughat','tarkughat','https://source.unsplash.com/L4NA2qRqK0s',0,'39',NULL,NULL,NULL,4,'2022-04-19 10:23:19','2022-04-19 10:23:19'),(250,'Bhakra','bhakra','https://source.unsplash.com/xyE1p1rG04U',0,'40',NULL,NULL,NULL,4,'2022-04-19 10:23:19','2022-04-19 10:23:19'),(251,'Dharapani','dharapani','https://source.unsplash.com/xyE1p1rG04U',0,'40',NULL,NULL,NULL,4,'2022-04-19 10:23:19','2022-04-19 10:23:19'),(252,'Mathillo Manang','mathillo-manang','https://source.unsplash.com/6yBAQeeNROU',0,'40',NULL,NULL,NULL,4,'2022-04-19 10:23:19','2022-04-19 10:23:19'),(253,'Nar','nar','https://source.unsplash.com/u3aYUsaHT20',0,'40',NULL,NULL,NULL,4,'2022-04-19 10:23:19','2022-04-19 10:23:19'),(254,'Pisang','pisang','https://source.unsplash.com/u3aYUsaHT20',0,'40',NULL,NULL,NULL,4,'2022-04-19 10:23:19','2022-04-19 10:23:19'),(255,'Charang','charang','https://source.unsplash.com/2Q2dpVPY6XU',0,'41',NULL,NULL,NULL,4,'2022-04-19 10:23:19','2022-04-19 10:23:19'),(256,'Chhoser','chhoser','https://source.unsplash.com/2Q2dpVPY6XU',0,'41',NULL,NULL,NULL,4,'2022-04-19 10:23:19','2022-04-19 10:23:19'),(257,'Kagbeni','kagbeni','https://source.unsplash.com/Wj9ELwGXa6c',0,'41',NULL,NULL,NULL,4,'2022-04-19 10:23:19','2022-04-19 10:23:19'),(258,'Lete','lete','https://source.unsplash.com/xyE1p1rG04U',0,'41',NULL,NULL,NULL,4,'2022-04-19 10:23:19','2022-04-19 10:23:19'),(259,'Marpha','marpha','https://source.unsplash.com/L4NA2qRqK0s',0,'41',NULL,NULL,NULL,4,'2022-04-19 10:23:19','2022-04-19 10:23:19'),(260,'Muktinath','muktinath','https://source.unsplash.com/Wj9ELwGXa6c',0,'41',NULL,NULL,NULL,4,'2022-04-19 10:23:19','2022-04-19 10:23:19'),(261,'Mustang','mustang','https://source.unsplash.com/2Q2dpVPY6XU',0,'41',NULL,NULL,NULL,4,'2022-04-19 10:23:19','2022-04-19 10:23:19'),(262,'Thak Tukuche','thak-tukuche','https://source.unsplash.com/L4NA2qRqK0s',0,'41',NULL,NULL,NULL,4,'2022-04-19 10:23:19','2022-04-19 10:23:19'),(263,'Babiyachaur','babiyachaur','https://source.unsplash.com/2Q2dpVPY6XU',0,'42',NULL,NULL,NULL,4,'2022-04-19 10:23:19','2022-04-19 10:23:19'),(264,'Dana','dana','https://source.unsplash.com/u3aYUsaHT20',0,'42',NULL,NULL,NULL,4,'2022-04-19 10:23:19','2022-04-19 10:23:19'),(265,'Darbang','darbang','https://source.unsplash.com/KKm1ua7MSf0',0,'42',NULL,NULL,NULL,4,'2022-04-19 10:23:19','2022-04-19 10:23:19'),(266,'Galeswor','galeswor','https://source.unsplash.com/KKm1ua7MSf0',0,'42',NULL,NULL,NULL,4,'2022-04-19 10:23:19','2022-04-19 10:23:19'),(267,'Lulang','lulang','https://source.unsplash.com/2Q2dpVPY6XU',0,'42',NULL,NULL,NULL,4,'2022-04-19 10:23:19','2022-04-19 10:23:19'),(268,'Pakhapani','pakhapani','https://source.unsplash.com/KKm1ua7MSf0',0,'42',NULL,NULL,NULL,4,'2022-04-19 10:23:19','2022-04-19 10:23:19'),(269,'Rakhu Bhagawati','rakhu-bhagawati','https://source.unsplash.com/KKm1ua7MSf0',0,'42',NULL,NULL,NULL,4,'2022-04-19 10:23:19','2022-04-19 10:23:19'),(270,'Sikha','sikha','https://source.unsplash.com/xyE1p1rG04U',0,'42',NULL,NULL,NULL,4,'2022-04-19 10:23:19','2022-04-19 10:23:19'),(271,'Takam','takam','https://source.unsplash.com/2Q2dpVPY6XU',0,'42',NULL,NULL,NULL,4,'2022-04-19 10:23:19','2022-04-19 10:23:19'),(272,'Xyamarukot','xyamarukot','https://source.unsplash.com/6yBAQeeNROU',0,'42',NULL,NULL,NULL,4,'2022-04-19 10:23:19','2022-04-19 10:23:19'),(273,'Bachchha','bachchha','https://source.unsplash.com/xyE1p1rG04U',0,'45',NULL,NULL,NULL,4,'2022-04-19 10:23:19','2022-04-19 10:23:19'),(274,'Deurali','deurali','https://source.unsplash.com/2Q2dpVPY6XU',0,'45',NULL,NULL,NULL,4,'2022-04-19 10:23:19','2022-04-19 10:23:19'),(275,'Devisthan','devisthan','https://source.unsplash.com/6yBAQeeNROU',0,'45',NULL,NULL,NULL,4,'2022-04-19 10:23:19','2022-04-19 10:23:19'),(276,'Hubas','hubas','https://source.unsplash.com/xyE1p1rG04U',0,'45',NULL,NULL,NULL,4,'2022-04-19 10:23:19','2022-04-19 10:23:19'),(277,'Karkineta','karkineta','https://source.unsplash.com/KKm1ua7MSf0',0,'45',NULL,NULL,NULL,4,'2022-04-19 10:23:19','2022-04-19 10:23:19'),(278,'Khor Pokhara','khor-pokhara','https://source.unsplash.com/Wj9ELwGXa6c',0,'45',NULL,NULL,NULL,4,'2022-04-19 10:23:19','2022-04-19 10:23:19'),(279,'Khurkot','khurkot','https://source.unsplash.com/6yBAQeeNROU',0,'45',NULL,NULL,NULL,4,'2022-04-19 10:23:19','2022-04-19 10:23:19'),(280,'Lankhudeurali','lankhudeurali','https://source.unsplash.com/KKm1ua7MSf0',0,'45',NULL,NULL,NULL,4,'2022-04-19 10:23:19','2022-04-19 10:23:19'),(281,'Salija','salija','https://source.unsplash.com/L4NA2qRqK0s',0,'45',NULL,NULL,NULL,4,'2022-04-19 10:23:19','2022-04-19 10:23:19'),(282,'Setibeni','setibeni','https://source.unsplash.com/L4NA2qRqK0s',0,'45',NULL,NULL,NULL,4,'2022-04-19 10:23:19','2022-04-19 10:23:19'),(283,'Thulipokhari','thulipokhari','https://source.unsplash.com/KKm1ua7MSf0',0,'45',NULL,NULL,NULL,4,'2022-04-19 10:23:19','2022-04-19 10:23:19'),(284,'Aanbu Khaireni','aanbu-khaireni','https://source.unsplash.com/u3aYUsaHT20',0,'47',NULL,NULL,NULL,4,'2022-04-19 10:23:19','2022-04-19 10:23:19'),(285,'Baidi','baidi','https://source.unsplash.com/Wj9ELwGXa6c',0,'47',NULL,NULL,NULL,4,'2022-04-19 10:23:19','2022-04-19 10:23:19'),(286,'Bandipur','bandipur','https://source.unsplash.com/xyE1p1rG04U',0,'47',NULL,NULL,NULL,4,'2022-04-19 10:23:19','2022-04-19 10:23:19'),(287,'Bhimad','bhimad','https://source.unsplash.com/xyE1p1rG04U',0,'47',NULL,NULL,NULL,4,'2022-04-19 10:23:19','2022-04-19 10:23:19'),(288,'Devaghat','devaghat','https://source.unsplash.com/u3aYUsaHT20',0,'47',NULL,NULL,NULL,4,'2022-04-19 10:23:19','2022-04-19 10:23:19'),(289,'Dumre','dumre','https://source.unsplash.com/L4NA2qRqK0s',0,'47',NULL,NULL,NULL,4,'2022-04-19 10:23:19','2022-04-19 10:23:19'),(290,'Ghiring Sundhara','ghiring-sundhara','https://source.unsplash.com/u3aYUsaHT20',0,'47',NULL,NULL,NULL,4,'2022-04-19 10:23:19','2022-04-19 10:23:19'),(291,'Kahunshivapur','kahunshivapur','https://source.unsplash.com/6yBAQeeNROU',0,'47',NULL,NULL,NULL,4,'2022-04-19 10:23:19','2022-04-19 10:23:19'),(292,'Khairenitar','khairenitar','https://source.unsplash.com/xyE1p1rG04U',0,'47',NULL,NULL,NULL,4,'2022-04-19 10:23:19','2022-04-19 10:23:19'),(293,'Lamagaun','lamagaun','https://source.unsplash.com/KKm1ua7MSf0',0,'47',NULL,NULL,NULL,4,'2022-04-19 10:23:19','2022-04-19 10:23:19'),(294,'Manechauka','manechauka','https://source.unsplash.com/2Q2dpVPY6XU',0,'47',NULL,NULL,NULL,4,'2022-04-19 10:23:19','2022-04-19 10:23:19'),(295,'Rising Ranipokhari','rising-ranipokhari','https://source.unsplash.com/xyE1p1rG04U',0,'47',NULL,NULL,NULL,4,'2022-04-19 10:23:19','2022-04-19 10:23:19'),(296,'Shisha Ghat','shisha-ghat','https://source.unsplash.com/u3aYUsaHT20',0,'47',NULL,NULL,NULL,4,'2022-04-19 10:23:19','2022-04-19 10:23:19'),(297,'Tuhure Pasal','tuhure-pasal','https://source.unsplash.com/L4NA2qRqK0s',0,'47',NULL,NULL,NULL,4,'2022-04-19 10:23:19','2022-04-19 10:23:19'),(298,'Amalekhgunj','amalekhgunj','https://source.unsplash.com/u3aYUsaHT20',0,'20',NULL,NULL,NULL,2,'2022-04-19 10:23:19','2022-04-19 10:23:19'),(299,'Bariyarpur','bariyarpur','https://source.unsplash.com/6yBAQeeNROU',0,'20',NULL,NULL,NULL,2,'2022-04-19 10:23:19','2022-04-19 10:23:19'),(300,'Basantapur','basantapur','https://source.unsplash.com/Wj9ELwGXa6c',0,'20',NULL,NULL,NULL,2,'2022-04-19 10:23:19','2022-04-19 10:23:19'),(301,'Dumarwana','dumarwana','https://source.unsplash.com/2Q2dpVPY6XU',0,'20',NULL,NULL,NULL,2,'2022-04-19 10:23:19','2022-04-19 10:23:19'),(302,'Jeetpur (Bhavanipur)','jeetpur-bhavanipur','https://source.unsplash.com/2Q2dpVPY6XU',0,'20',NULL,NULL,NULL,2,'2022-04-19 10:23:19','2022-04-19 10:23:19'),(303,'Kabahigoth','kabahigoth','https://source.unsplash.com/u3aYUsaHT20',0,'20',NULL,NULL,NULL,2,'2022-04-19 10:23:19','2022-04-19 10:23:19'),(304,'Mahendra Adarsha','mahendra-adarsha','https://source.unsplash.com/Wj9ELwGXa6c',0,'20',NULL,NULL,NULL,2,'2022-04-19 10:23:19','2022-04-19 10:23:19'),(305,'Nijgadh','nijgadh','https://source.unsplash.com/KKm1ua7MSf0',0,'20',NULL,NULL,NULL,2,'2022-04-19 10:23:19','2022-04-19 10:23:19'),(306,'Parsoni','parsoni','https://source.unsplash.com/2Q2dpVPY6XU',0,'20',NULL,NULL,NULL,2,'2022-04-19 10:23:19','2022-04-19 10:23:19'),(307,'Pipradhigoth','pipradhigoth','https://source.unsplash.com/u3aYUsaHT20',0,'20',NULL,NULL,NULL,2,'2022-04-19 10:23:19','2022-04-19 10:23:19'),(308,'Simara','simara','https://source.unsplash.com/Wj9ELwGXa6c',0,'20',NULL,NULL,NULL,2,'2022-04-19 10:23:19','2022-04-19 10:23:19'),(309,'Simraungadh','simraungadh','https://source.unsplash.com/6yBAQeeNROU',0,'20',NULL,NULL,NULL,2,'2022-04-19 10:23:19','2022-04-19 10:23:19'),(310,'Umjan','umjan','https://source.unsplash.com/KKm1ua7MSf0',0,'20',NULL,NULL,NULL,2,'2022-04-19 10:23:19','2022-04-19 10:23:19'),(311,'Bagachauda','bagachauda','https://source.unsplash.com/u3aYUsaHT20',0,'17',NULL,NULL,NULL,2,'2022-04-19 10:23:19','2022-04-19 10:23:19'),(312,'Chakkar','chakkar','https://source.unsplash.com/L4NA2qRqK0s',0,'17',NULL,NULL,NULL,2,'2022-04-19 10:23:19','2022-04-19 10:23:19'),(313,'Dhalkebar','dhalkebar','https://source.unsplash.com/2Q2dpVPY6XU',0,'17',NULL,NULL,NULL,2,'2022-04-19 10:23:19','2022-04-19 10:23:19'),(314,'Dhanushadham','dhanushadham','https://source.unsplash.com/L4NA2qRqK0s',0,'17',NULL,NULL,NULL,2,'2022-04-19 10:23:19','2022-04-19 10:23:19'),(315,'Duhabi','duhabi','https://source.unsplash.com/xyE1p1rG04U',0,'17',NULL,NULL,NULL,2,'2022-04-19 10:23:19','2022-04-19 10:23:19'),(316,'Godar Chisapani','godar-chisapani','https://source.unsplash.com/2Q2dpVPY6XU',0,'17',NULL,NULL,NULL,2,'2022-04-19 10:23:19','2022-04-19 10:23:19'),(317,'Jatahi','jatahi','https://source.unsplash.com/L4NA2qRqK0s',0,'17',NULL,NULL,NULL,2,'2022-04-19 10:23:19','2022-04-19 10:23:19'),(318,'Khajuri','khajuri','https://source.unsplash.com/KKm1ua7MSf0',0,'17',NULL,NULL,NULL,2,'2022-04-19 10:23:19','2022-04-19 10:23:19'),(319,'Phulgama','phulgama','https://source.unsplash.com/KKm1ua7MSf0',0,'17',NULL,NULL,NULL,2,'2022-04-19 10:23:19','2022-04-19 10:23:19'),(320,'Raghunathpur','raghunathpur','https://source.unsplash.com/L4NA2qRqK0s',0,'17',NULL,NULL,NULL,2,'2022-04-19 10:23:19','2022-04-19 10:23:19'),(321,'Sankhuwa Mahendranagar','sankhuwa-mahendranagar','https://source.unsplash.com/xyE1p1rG04U',0,'17',NULL,NULL,NULL,2,'2022-04-19 10:23:19','2022-04-19 10:23:19'),(322,'Tinkoriya','tinkoriya','https://source.unsplash.com/6yBAQeeNROU',0,'17',NULL,NULL,NULL,2,'2022-04-19 10:23:19','2022-04-19 10:23:19'),(323,'Yadukuha','yadukuha','https://source.unsplash.com/KKm1ua7MSf0',0,'17',NULL,NULL,NULL,2,'2022-04-19 10:23:19','2022-04-19 10:23:19'),(324,'Balawa','balawa','https://source.unsplash.com/KKm1ua7MSf0',0,'18',NULL,NULL,NULL,2,'2022-04-19 10:23:19','2022-04-19 10:23:19'),(325,'Bardibash','bardibash','https://source.unsplash.com/2Q2dpVPY6XU',0,'18',NULL,NULL,NULL,2,'2022-04-19 10:23:19','2022-04-19 10:23:19'),(326,'Bhangaha','bhangaha','https://source.unsplash.com/L4NA2qRqK0s',0,'18',NULL,NULL,NULL,2,'2022-04-19 10:23:19','2022-04-19 10:23:19'),(327,'Gaushala','gaushala','https://source.unsplash.com/Wj9ELwGXa6c',0,'18',NULL,NULL,NULL,2,'2022-04-19 10:23:19','2022-04-19 10:23:19'),(328,'Laxminiya','laxminiya','https://source.unsplash.com/L4NA2qRqK0s',0,'18',NULL,NULL,NULL,2,'2022-04-19 10:23:19','2022-04-19 10:23:19'),(329,'Loharpatti','loharpatti','https://source.unsplash.com/Wj9ELwGXa6c',0,'18',NULL,NULL,NULL,2,'2022-04-19 10:23:19','2022-04-19 10:23:19'),(330,'Manara','manara','https://source.unsplash.com/2Q2dpVPY6XU',0,'18',NULL,NULL,NULL,2,'2022-04-19 10:23:19','2022-04-19 10:23:19'),(331,'Matihani','matihani','https://source.unsplash.com/u3aYUsaHT20',0,'18',NULL,NULL,NULL,2,'2022-04-19 10:23:19','2022-04-19 10:23:19'),(332,'Pipara','pipara','https://source.unsplash.com/L4NA2qRqK0s',0,'18',NULL,NULL,NULL,2,'2022-04-19 10:23:19','2022-04-19 10:23:19'),(333,'Ramgopalpur','ramgopalpur','https://source.unsplash.com/xyE1p1rG04U',0,'18',NULL,NULL,NULL,2,'2022-04-19 10:23:19','2022-04-19 10:23:19'),(334,'Samsi','samsi','https://source.unsplash.com/2Q2dpVPY6XU',0,'18',NULL,NULL,NULL,2,'2022-04-19 10:23:19','2022-04-19 10:23:19'),(335,'Shreepur','shreepur','https://source.unsplash.com/xyE1p1rG04U',0,'18',NULL,NULL,NULL,2,'2022-04-19 10:23:19','2022-04-19 10:23:19'),(336,'Aadarshanagar','aadarshanagar','https://source.unsplash.com/KKm1ua7MSf0',0,'21',NULL,NULL,NULL,2,'2022-04-19 10:23:19','2022-04-19 10:23:19'),(337,'Bahuari Pidari','bahuari-pidari','https://source.unsplash.com/2Q2dpVPY6XU',0,'21',NULL,NULL,NULL,2,'2022-04-19 10:23:19','2022-04-19 10:23:19'),(338,'Bindabasini','bindabasini','https://source.unsplash.com/L4NA2qRqK0s',0,'21',NULL,NULL,NULL,2,'2022-04-19 10:23:19','2022-04-19 10:23:19'),(339,'Biruwaguthi','biruwaguthi','https://source.unsplash.com/L4NA2qRqK0s',0,'21',NULL,NULL,NULL,2,'2022-04-19 10:23:19','2022-04-19 10:23:19'),(340,'Janakitol','janakitol','https://source.unsplash.com/2Q2dpVPY6XU',0,'21',NULL,NULL,NULL,2,'2022-04-19 10:23:19','2022-04-19 10:23:19'),(341,'Jeetpur','jeetpur','https://source.unsplash.com/Wj9ELwGXa6c',0,'21',NULL,NULL,NULL,2,'2022-04-19 10:23:19','2022-04-19 10:23:19'),(342,'Pakahamainpur','pakahamainpur','https://source.unsplash.com/2Q2dpVPY6XU',0,'21',NULL,NULL,NULL,2,'2022-04-19 10:23:19','2022-04-19 10:23:19'),(343,'Parbanipur','parbanipur','https://source.unsplash.com/Wj9ELwGXa6c',0,'21',NULL,NULL,NULL,2,'2022-04-19 10:23:19','2022-04-19 10:23:19'),(344,'Paterwa Sugauli','paterwa-sugauli','https://source.unsplash.com/6yBAQeeNROU',0,'21',NULL,NULL,NULL,2,'2022-04-19 10:23:19','2022-04-19 10:23:19'),(345,'Phokhariya','phokhariya','https://source.unsplash.com/xyE1p1rG04U',0,'21',NULL,NULL,NULL,2,'2022-04-19 10:23:19','2022-04-19 10:23:19'),(346,'Ranigunj','ranigunj','https://source.unsplash.com/2Q2dpVPY6XU',0,'21',NULL,NULL,NULL,2,'2022-04-19 10:23:19','2022-04-19 10:23:19'),(347,'Shirsiya Khalwatola','shirsiya-khalwatola','https://source.unsplash.com/u3aYUsaHT20',0,'21',NULL,NULL,NULL,2,'2022-04-19 10:23:19','2022-04-19 10:23:19'),(348,'Thori','thori','https://source.unsplash.com/L4NA2qRqK0s',0,'21',NULL,NULL,NULL,2,'2022-04-19 10:23:19','2022-04-19 10:23:19'),(349,'Viswa','viswa','https://source.unsplash.com/xyE1p1rG04U',0,'21',NULL,NULL,NULL,2,'2022-04-19 10:23:19','2022-04-19 10:23:19'),(350,'Chandra Nigahapur','chandra-nigahapur','https://source.unsplash.com/6yBAQeeNROU',0,'22',NULL,NULL,NULL,2,'2022-04-19 10:23:19','2022-04-19 10:23:19'),(351,'Katahariya','katahariya','https://source.unsplash.com/6yBAQeeNROU',0,'22',NULL,NULL,NULL,2,'2022-04-19 10:23:19','2022-04-19 10:23:19'),(352,'Laxminiya','laxminiya','https://source.unsplash.com/KKm1ua7MSf0',0,'22',NULL,NULL,NULL,2,'2022-04-19 10:23:19','2022-04-19 10:23:19'),(353,'Madhopur','madhopur','https://source.unsplash.com/KKm1ua7MSf0',0,'22',NULL,NULL,NULL,2,'2022-04-19 10:23:19','2022-04-19 10:23:19'),(354,'Patharabudhram','patharabudhram','https://source.unsplash.com/u3aYUsaHT20',0,'22',NULL,NULL,NULL,2,'2022-04-19 10:23:19','2022-04-19 10:23:19'),(355,'Pipra bazar','pipra-bazar','https://source.unsplash.com/Wj9ELwGXa6c',0,'22',NULL,NULL,NULL,2,'2022-04-19 10:23:19','2022-04-19 10:23:19'),(356,'Rajpurpharahadawa','rajpurpharahadawa','https://source.unsplash.com/Wj9ELwGXa6c',0,'22',NULL,NULL,NULL,2,'2022-04-19 10:23:19','2022-04-19 10:23:19'),(357,'Samanpur','samanpur','https://source.unsplash.com/2Q2dpVPY6XU',0,'22',NULL,NULL,NULL,2,'2022-04-19 10:23:19','2022-04-19 10:23:19'),(358,'Saruatha','saruatha','https://source.unsplash.com/6yBAQeeNROU',0,'22',NULL,NULL,NULL,2,'2022-04-19 10:23:19','2022-04-19 10:23:19'),(359,'Shivanagar','shivanagar','https://source.unsplash.com/L4NA2qRqK0s',0,'22',NULL,NULL,NULL,2,'2022-04-19 10:23:19','2022-04-19 10:23:19'),(360,'Sitalpur','sitalpur','https://source.unsplash.com/L4NA2qRqK0s',0,'22',NULL,NULL,NULL,2,'2022-04-19 10:23:19','2022-04-19 10:23:19'),(361,'Arnaha','arnaha','https://source.unsplash.com/2Q2dpVPY6XU',0,'15',NULL,NULL,NULL,2,'2022-04-19 10:23:19','2022-04-19 10:23:19'),(362,'Bairaba','bairaba','https://source.unsplash.com/Wj9ELwGXa6c',0,'15',NULL,NULL,NULL,2,'2022-04-19 10:23:19','2022-04-19 10:23:19'),(363,'Bhagawatpur','bhagawatpur','https://source.unsplash.com/L4NA2qRqK0s',0,'15',NULL,NULL,NULL,2,'2022-04-19 10:23:19','2022-04-19 10:23:19'),(364,'Bhardaha','bhardaha','https://source.unsplash.com/2Q2dpVPY6XU',0,'15',NULL,NULL,NULL,2,'2022-04-19 10:23:19','2022-04-19 10:23:19'),(365,'Bishnupur','bishnupur','https://source.unsplash.com/u3aYUsaHT20',0,'15',NULL,NULL,NULL,2,'2022-04-19 10:23:19','2022-04-19 10:23:19'),(366,'Bodebarsain','bodebarsain','https://source.unsplash.com/xyE1p1rG04U',0,'15',NULL,NULL,NULL,2,'2022-04-19 10:23:19','2022-04-19 10:23:19'),(367,'Chhinnamasta','chhinnamasta','https://source.unsplash.com/2Q2dpVPY6XU',0,'15',NULL,NULL,NULL,2,'2022-04-19 10:23:19','2022-04-19 10:23:19'),(368,'Hanuman Nagar','hanuman-nagar','https://source.unsplash.com/Wj9ELwGXa6c',0,'15',NULL,NULL,NULL,2,'2022-04-19 10:23:19','2022-04-19 10:23:19'),(369,'Kadarwona','kadarwona','https://source.unsplash.com/L4NA2qRqK0s',0,'15',NULL,NULL,NULL,2,'2022-04-19 10:23:19','2022-04-19 10:23:19'),(370,'Kalyanpur','kalyanpur','https://source.unsplash.com/KKm1ua7MSf0',0,'15',NULL,NULL,NULL,2,'2022-04-19 10:23:19','2022-04-19 10:23:19'),(371,'Kanchanpur','kanchanpur','https://source.unsplash.com/Wj9ELwGXa6c',0,'15',NULL,NULL,NULL,2,'2022-04-19 10:23:19','2022-04-19 10:23:19'),(372,'Koiladi','koiladi','https://source.unsplash.com/xyE1p1rG04U',0,'15',NULL,NULL,NULL,2,'2022-04-19 10:23:19','2022-04-19 10:23:19'),(373,'Pato','pato','https://source.unsplash.com/xyE1p1rG04U',0,'15',NULL,NULL,NULL,2,'2022-04-19 10:23:19','2022-04-19 10:23:19'),(374,'Phattepur','phattepur','https://source.unsplash.com/Wj9ELwGXa6c',0,'15',NULL,NULL,NULL,2,'2022-04-19 10:23:19','2022-04-19 10:23:19'),(375,'Praswani','praswani','https://source.unsplash.com/Wj9ELwGXa6c',0,'15',NULL,NULL,NULL,2,'2022-04-19 10:23:19','2022-04-19 10:23:19'),(376,'Rupani','rupani','https://source.unsplash.com/Wj9ELwGXa6c',0,'15',NULL,NULL,NULL,2,'2022-04-19 10:23:19','2022-04-19 10:23:19'),(377,'Sisawa','sisawa','https://source.unsplash.com/6yBAQeeNROU',0,'15',NULL,NULL,NULL,2,'2022-04-19 10:23:19','2022-04-19 10:23:19'),(378,'Barahathawa','barahathawa','https://source.unsplash.com/u3aYUsaHT20',0,'19',NULL,NULL,NULL,2,'2022-04-19 10:23:19','2022-04-19 10:23:19'),(379,'Bayalbas','bayalbas','https://source.unsplash.com/6yBAQeeNROU',0,'19',NULL,NULL,NULL,2,'2022-04-19 10:23:19','2022-04-19 10:23:19'),(380,'Brahmapuri','brahmapuri','https://source.unsplash.com/xyE1p1rG04U',0,'19',NULL,NULL,NULL,2,'2022-04-19 10:23:19','2022-04-19 10:23:19'),(381,'Chhatauna','chhatauna','https://source.unsplash.com/2Q2dpVPY6XU',0,'19',NULL,NULL,NULL,2,'2022-04-19 10:23:19','2022-04-19 10:23:19'),(382,'Dumariya','dumariya','https://source.unsplash.com/2Q2dpVPY6XU',0,'19',NULL,NULL,NULL,2,'2022-04-19 10:23:19','2022-04-19 10:23:19'),(383,'Hariaun','hariaun','https://source.unsplash.com/xyE1p1rG04U',0,'19',NULL,NULL,NULL,2,'2022-04-19 10:23:19','2022-04-19 10:23:19'),(384,'Haripur','haripur','https://source.unsplash.com/u3aYUsaHT20',0,'19',NULL,NULL,NULL,2,'2022-04-19 10:23:19','2022-04-19 10:23:19'),(385,'Haripurwa','haripurwa','https://source.unsplash.com/KKm1ua7MSf0',0,'19',NULL,NULL,NULL,2,'2022-04-19 10:23:19','2022-04-19 10:23:19'),(386,'Harkathawa','harkathawa','https://source.unsplash.com/Wj9ELwGXa6c',0,'19',NULL,NULL,NULL,2,'2022-04-19 10:23:19','2022-04-19 10:23:19'),(387,'Karmaiya','karmaiya','https://source.unsplash.com/xyE1p1rG04U',0,'19',NULL,NULL,NULL,2,'2022-04-19 10:23:19','2022-04-19 10:23:19'),(388,'Kaudena','kaudena','https://source.unsplash.com/xyE1p1rG04U',0,'19',NULL,NULL,NULL,2,'2022-04-19 10:23:19','2022-04-19 10:23:19'),(389,'Lalbandi','lalbandi','https://source.unsplash.com/u3aYUsaHT20',0,'19',NULL,NULL,NULL,2,'2022-04-19 10:23:19','2022-04-19 10:23:19'),(390,'Ramnagar(Bahuarwa)','ramnagarbahuarwa','https://source.unsplash.com/xyE1p1rG04U',0,'19',NULL,NULL,NULL,2,'2022-04-19 10:23:19','2022-04-19 10:23:19'),(391,'Sundarpur','sundarpur','https://source.unsplash.com/2Q2dpVPY6XU',0,'19',NULL,NULL,NULL,2,'2022-04-19 10:23:19','2022-04-19 10:23:19'),(392,'Bandipur','bandipur','https://source.unsplash.com/L4NA2qRqK0s',0,'16',NULL,NULL,NULL,2,'2022-04-19 10:23:19','2022-04-19 10:23:19'),(393,'Bariyarpatti','bariyarpatti','https://source.unsplash.com/Wj9ELwGXa6c',0,'16',NULL,NULL,NULL,2,'2022-04-19 10:23:19','2022-04-19 10:23:19'),(394,'Bastipur','bastipur','https://source.unsplash.com/L4NA2qRqK0s',0,'16',NULL,NULL,NULL,2,'2022-04-19 10:23:19','2022-04-19 10:23:19'),(395,'Belha','belha','https://source.unsplash.com/KKm1ua7MSf0',0,'16',NULL,NULL,NULL,2,'2022-04-19 10:23:19','2022-04-19 10:23:19'),(396,'Bhagawanpur','bhagawanpur','https://source.unsplash.com/KKm1ua7MSf0',0,'16',NULL,NULL,NULL,2,'2022-04-19 10:23:19','2022-04-19 10:23:19'),(397,'Bishnupur','bishnupur','https://source.unsplash.com/2Q2dpVPY6XU',0,'16',NULL,NULL,NULL,2,'2022-04-19 10:23:19','2022-04-19 10:23:19'),(398,'Dhanagadhi','dhanagadhi','https://source.unsplash.com/xyE1p1rG04U',0,'16',NULL,NULL,NULL,2,'2022-04-19 10:23:19','2022-04-19 10:23:19'),(399,'Golbazar (Asanpur)','golbazar-asanpur','https://source.unsplash.com/u3aYUsaHT20',0,'16',NULL,NULL,NULL,2,'2022-04-19 10:23:19','2022-04-19 10:23:19'),(400,'Kalyanpur','kalyanpur','https://source.unsplash.com/2Q2dpVPY6XU',0,'16',NULL,NULL,NULL,2,'2022-04-19 10:23:19','2022-04-19 10:23:19'),(401,'Lahan','lahan','https://source.unsplash.com/KKm1ua7MSf0',0,'16',NULL,NULL,NULL,2,'2022-04-19 10:23:19','2022-04-19 10:23:19'),(402,'Madar','madar','https://source.unsplash.com/KKm1ua7MSf0',0,'16',NULL,NULL,NULL,2,'2022-04-19 10:23:19','2022-04-19 10:23:19'),(403,'Maheshpur patari','maheshpur-patari','https://source.unsplash.com/L4NA2qRqK0s',0,'16',NULL,NULL,NULL,2,'2022-04-19 10:23:19','2022-04-19 10:23:19'),(404,'Mirchaiya','mirchaiya','https://source.unsplash.com/xyE1p1rG04U',0,'16',NULL,NULL,NULL,2,'2022-04-19 10:23:19','2022-04-19 10:23:19'),(405,'Sukhipur','sukhipur','https://source.unsplash.com/L4NA2qRqK0s',0,'16',NULL,NULL,NULL,2,'2022-04-19 10:23:19','2022-04-19 10:23:19'),(406,'Dibyashwori','dibyashwori','https://source.unsplash.com/xyE1p1rG04U',0,'26',NULL,NULL,NULL,3,'2022-04-19 10:23:19','2022-04-19 10:23:19'),(407,'Dubakot','dubakot','https://source.unsplash.com/Wj9ELwGXa6c',0,'26',NULL,NULL,NULL,3,'2022-04-19 10:23:19','2022-04-19 10:23:19'),(408,'Gamcha','gamcha','https://source.unsplash.com/2Q2dpVPY6XU',0,'26',NULL,NULL,NULL,3,'2022-04-19 10:23:19','2022-04-19 10:23:19'),(409,'Jorpati','jorpati','https://source.unsplash.com/KKm1ua7MSf0',0,'26',NULL,NULL,NULL,3,'2022-04-19 10:23:19','2022-04-19 10:23:19'),(410,'Kharipati','kharipati','https://source.unsplash.com/KKm1ua7MSf0',0,'26',NULL,NULL,NULL,3,'2022-04-19 10:23:19','2022-04-19 10:23:19'),(411,'Nagarkot','nagarkot','https://source.unsplash.com/KKm1ua7MSf0',0,'26',NULL,NULL,NULL,3,'2022-04-19 10:23:19','2022-04-19 10:23:19'),(412,'Tathali','tathali','https://source.unsplash.com/2Q2dpVPY6XU',0,'26',NULL,NULL,NULL,3,'2022-04-19 10:23:19','2022-04-19 10:23:19'),(413,'Thimi','thimi','https://source.unsplash.com/Wj9ELwGXa6c',0,'26',NULL,NULL,NULL,3,'2022-04-19 10:23:19','2022-04-19 10:23:19'),(414,'Jutpani','jutpani','https://source.unsplash.com/Wj9ELwGXa6c',0,'34',NULL,NULL,NULL,3,'2022-04-19 10:23:19','2022-04-19 10:23:19'),(415,'Khairahani','khairahani','https://source.unsplash.com/Wj9ELwGXa6c',0,'34',NULL,NULL,NULL,3,'2022-04-19 10:23:19','2022-04-19 10:23:19'),(416,'Meghauli','meghauli','https://source.unsplash.com/KKm1ua7MSf0',0,'34',NULL,NULL,NULL,3,'2022-04-19 10:23:19','2022-04-19 10:23:19'),(417,'Patihani','patihani','https://source.unsplash.com/Wj9ELwGXa6c',0,'34',NULL,NULL,NULL,3,'2022-04-19 10:23:19','2022-04-19 10:23:19'),(418,'Phulbari','phulbari','https://source.unsplash.com/xyE1p1rG04U',0,'34',NULL,NULL,NULL,3,'2022-04-19 10:23:19','2022-04-19 10:23:19'),(419,'Bhumisthan','bhumisthan','https://source.unsplash.com/u3aYUsaHT20',0,'27',NULL,NULL,NULL,3,'2022-04-19 10:23:19','2022-04-19 10:23:19'),(420,'Gajuri','gajuri','https://source.unsplash.com/KKm1ua7MSf0',0,'27',NULL,NULL,NULL,3,'2022-04-19 10:23:19','2022-04-19 10:23:19'),(421,'Katunje','katunje','https://source.unsplash.com/L4NA2qRqK0s',0,'27',NULL,NULL,NULL,3,'2022-04-19 10:23:19','2022-04-19 10:23:19'),(422,'Khanikhola','khanikhola','https://source.unsplash.com/Wj9ELwGXa6c',0,'27',NULL,NULL,NULL,3,'2022-04-19 10:23:19','2022-04-19 10:23:19'),(423,'Lapa','lapa','https://source.unsplash.com/L4NA2qRqK0s',0,'27',NULL,NULL,NULL,3,'2022-04-19 10:23:19','2022-04-19 10:23:19'),(424,'Maidi','maidi','https://source.unsplash.com/xyE1p1rG04U',0,'27',NULL,NULL,NULL,3,'2022-04-19 10:23:19','2022-04-19 10:23:19'),(425,'Malekhu','malekhu','https://source.unsplash.com/xyE1p1rG04U',0,'27',NULL,NULL,NULL,3,'2022-04-19 10:23:19','2022-04-19 10:23:19'),(426,'Phulkharka','phulkharka','https://source.unsplash.com/6yBAQeeNROU',0,'27',NULL,NULL,NULL,3,'2022-04-19 10:23:19','2022-04-19 10:23:19'),(427,'Sertung','sertung','https://source.unsplash.com/KKm1ua7MSf0',0,'27',NULL,NULL,NULL,3,'2022-04-19 10:23:19','2022-04-19 10:23:19'),(428,'Sunaulabazar','sunaulabazar','https://source.unsplash.com/2Q2dpVPY6XU',0,'27',NULL,NULL,NULL,3,'2022-04-19 10:23:19','2022-04-19 10:23:19'),(429,'Sunkhani','sunkhani','https://source.unsplash.com/6yBAQeeNROU',0,'27',NULL,NULL,NULL,3,'2022-04-19 10:23:19','2022-04-19 10:23:19'),(430,'Tripureshwor','tripureshwor','https://source.unsplash.com/Wj9ELwGXa6c',0,'27',NULL,NULL,NULL,3,'2022-04-19 10:23:19','2022-04-19 10:23:19'),(431,'Bhusapheda','bhusapheda','https://source.unsplash.com/2Q2dpVPY6XU',0,'25',NULL,NULL,NULL,3,'2022-04-19 10:23:19','2022-04-19 10:23:19'),(432,'Chitre','chitre','https://source.unsplash.com/xyE1p1rG04U',0,'25',NULL,NULL,NULL,3,'2022-04-19 10:23:19','2022-04-19 10:23:19'),(433,'Japhekalapani','japhekalapani','https://source.unsplash.com/6yBAQeeNROU',0,'25',NULL,NULL,NULL,3,'2022-04-19 10:23:19','2022-04-19 10:23:19'),(434,'Jiri','jiri','https://source.unsplash.com/2Q2dpVPY6XU',0,'25',NULL,NULL,NULL,3,'2022-04-19 10:23:19','2022-04-19 10:23:19'),(435,'Khahare','khahare','https://source.unsplash.com/Wj9ELwGXa6c',0,'25',NULL,NULL,NULL,3,'2022-04-19 10:23:19','2022-04-19 10:23:19'),(436,'Khopachangu','khopachangu','https://source.unsplash.com/2Q2dpVPY6XU',0,'25',NULL,NULL,NULL,3,'2022-04-19 10:23:19','2022-04-19 10:23:19'),(437,'Lamabagar','lamabagar','https://source.unsplash.com/2Q2dpVPY6XU',0,'25',NULL,NULL,NULL,3,'2022-04-19 10:23:19','2022-04-19 10:23:19'),(438,'Melung','melung','https://source.unsplash.com/Wj9ELwGXa6c',0,'25',NULL,NULL,NULL,3,'2022-04-19 10:23:19','2022-04-19 10:23:19'),(439,'Namdu','namdu','https://source.unsplash.com/6yBAQeeNROU',0,'25',NULL,NULL,NULL,3,'2022-04-19 10:23:19','2022-04-19 10:23:19'),(440,'Sunkhani','sunkhani','https://source.unsplash.com/Wj9ELwGXa6c',0,'25',NULL,NULL,NULL,3,'2022-04-19 10:23:19','2022-04-19 10:23:19'),(441,'Balaju','balaju','https://source.unsplash.com/Wj9ELwGXa6c',0,'28','Balaju',NULL,'Balaju',3,'2022-04-19 10:23:19','2022-04-28 11:48:44'),(442,'Baluwatar','baluwatar','https://source.unsplash.com/u3aYUsaHT20',0,'28',NULL,NULL,NULL,3,'2022-04-19 10:23:19','2022-04-19 10:23:19'),(443,'Bansbari','bansbari','https://source.unsplash.com/xyE1p1rG04U',0,'28',NULL,NULL,NULL,3,'2022-04-19 10:23:19','2022-04-19 10:23:19'),(444,'Budhanilkantha','budhanilkantha','https://source.unsplash.com/Wj9ELwGXa6c',0,'28',NULL,NULL,NULL,3,'2022-04-19 10:23:19','2022-04-19 10:23:19'),(445,'Chabahil','chabahil','https://source.unsplash.com/xyE1p1rG04U',0,'28',NULL,NULL,NULL,3,'2022-04-19 10:23:19','2022-04-19 10:23:19'),(446,'Dillibazar','dillibazar','https://source.unsplash.com/2Q2dpVPY6XU',0,'28',NULL,NULL,NULL,3,'2022-04-19 10:23:19','2022-04-19 10:23:19'),(447,'Gauchar','gauchar','https://source.unsplash.com/KKm1ua7MSf0',0,'28',NULL,NULL,NULL,3,'2022-04-19 10:23:19','2022-04-19 10:23:19'),(448,'Kalimati','kalimati','https://source.unsplash.com/KKm1ua7MSf0',0,'28',NULL,NULL,NULL,3,'2022-04-19 10:23:19','2022-04-19 10:23:19'),(449,'Kirtipur','kirtipur','https://source.unsplash.com/6yBAQeeNROU',0,'28',NULL,NULL,NULL,3,'2022-04-19 10:23:19','2022-04-19 10:23:19'),(450,'Manmaiju','manmaiju','https://source.unsplash.com/L4NA2qRqK0s',0,'28',NULL,NULL,NULL,3,'2022-04-19 10:23:19','2022-04-19 10:23:19'),(451,'Pashupati','pashupati','https://source.unsplash.com/KKm1ua7MSf0',0,'28',NULL,NULL,NULL,3,'2022-04-19 10:23:19','2022-04-19 10:23:19'),(452,'Pharping','pharping','https://source.unsplash.com/6yBAQeeNROU',0,'28',NULL,NULL,NULL,3,'2022-04-19 10:23:19','2022-04-19 10:23:19'),(453,'Sachibalaya','sachibalaya','https://source.unsplash.com/Wj9ELwGXa6c',0,'28',NULL,NULL,NULL,3,'2022-04-19 10:23:19','2022-04-19 10:23:19'),(454,'Sankhu','sankhu','https://source.unsplash.com/Wj9ELwGXa6c',0,'28',NULL,NULL,NULL,3,'2022-04-19 10:23:19','2022-04-19 10:23:19'),(455,'Sarbochcha Adalat','sarbochcha-adalat','https://source.unsplash.com/6yBAQeeNROU',0,'28',NULL,NULL,NULL,3,'2022-04-19 10:23:19','2022-04-19 10:23:19'),(456,'Sundarijal','sundarijal','https://source.unsplash.com/2Q2dpVPY6XU',0,'28',NULL,NULL,NULL,3,'2022-04-19 10:23:19','2022-04-19 10:23:19'),(457,'Swayambhu','swayambhu','https://source.unsplash.com/L4NA2qRqK0s',0,'28',NULL,NULL,NULL,3,'2022-04-19 10:23:19','2022-04-19 10:23:19'),(458,'Thankot','thankot','https://source.unsplash.com/6yBAQeeNROU',0,'28',NULL,NULL,NULL,3,'2022-04-19 10:23:19','2022-04-19 10:23:19'),(459,'Tokha Saraswati','tokha-saraswati','https://source.unsplash.com/2Q2dpVPY6XU',0,'28',NULL,NULL,NULL,3,'2022-04-19 10:23:19','2022-04-19 10:23:19'),(460,'Tribhuvan University','tribhuvan-university','https://source.unsplash.com/6yBAQeeNROU',0,'28',NULL,NULL,NULL,3,'2022-04-19 10:23:19','2022-04-19 10:23:19'),(461,'Banepa','banepa','https://source.unsplash.com/xyE1p1rG04U',0,'29',NULL,NULL,NULL,3,'2022-04-19 10:23:19','2022-04-19 10:23:19'),(462,'Dapcha','dapcha','https://source.unsplash.com/L4NA2qRqK0s',0,'29',NULL,NULL,NULL,3,'2022-04-19 10:23:19','2022-04-19 10:23:19'),(463,'Dolal Ghat','dolal-ghat','https://source.unsplash.com/xyE1p1rG04U',0,'29',NULL,NULL,NULL,3,'2022-04-19 10:23:19','2022-04-19 10:23:19'),(464,'Ghartichhap','ghartichhap','https://source.unsplash.com/2Q2dpVPY6XU',0,'29',NULL,NULL,NULL,3,'2022-04-19 10:23:19','2022-04-19 10:23:19'),(465,'Mangaltar','mangaltar','https://source.unsplash.com/6yBAQeeNROU',0,'29',NULL,NULL,NULL,3,'2022-04-19 10:23:19','2022-04-19 10:23:19'),(466,'Panauti','panauti','https://source.unsplash.com/xyE1p1rG04U',0,'29',NULL,NULL,NULL,3,'2022-04-19 10:23:19','2022-04-19 10:23:19'),(467,'Panchkhal','panchkhal','https://source.unsplash.com/u3aYUsaHT20',0,'29',NULL,NULL,NULL,3,'2022-04-19 10:23:19','2022-04-19 10:23:19'),(468,'Phalante','phalante','https://source.unsplash.com/L4NA2qRqK0s',0,'29',NULL,NULL,NULL,3,'2022-04-19 10:23:19','2022-04-19 10:23:19'),(469,'Bhattedanda','bhattedanda','https://source.unsplash.com/6yBAQeeNROU',0,'30',NULL,NULL,NULL,3,'2022-04-19 10:23:19','2022-04-19 10:23:19'),(470,'Chapagaun','chapagaun','https://source.unsplash.com/2Q2dpVPY6XU',0,'30',NULL,NULL,NULL,3,'2022-04-19 10:23:19','2022-04-19 10:23:19'),(471,'Darabartole','darabartole','https://source.unsplash.com/L4NA2qRqK0s',0,'30',NULL,NULL,NULL,3,'2022-04-19 10:23:19','2022-04-19 10:23:19'),(472,'Dhapakhel','dhapakhel','https://source.unsplash.com/u3aYUsaHT20',0,'30',NULL,NULL,NULL,3,'2022-04-19 10:23:19','2022-04-19 10:23:19'),(473,'Godawari','godawari','https://source.unsplash.com/KKm1ua7MSf0',0,'30',NULL,NULL,NULL,3,'2022-04-19 10:23:19','2022-04-19 10:23:19'),(474,'Gotikhel','gotikhel','https://source.unsplash.com/Wj9ELwGXa6c',0,'30',NULL,NULL,NULL,3,'2022-04-19 10:23:19','2022-04-19 10:23:19'),(475,'Imadol','imadol','https://source.unsplash.com/KKm1ua7MSf0',0,'30',NULL,NULL,NULL,3,'2022-04-19 10:23:19','2022-04-19 10:23:19'),(476,'Lubhu','lubhu','https://source.unsplash.com/L4NA2qRqK0s',0,'30',NULL,NULL,NULL,3,'2022-04-19 10:23:19','2022-04-19 10:23:19'),(477,'Pyutar','pyutar','https://source.unsplash.com/6yBAQeeNROU',0,'30',NULL,NULL,NULL,3,'2022-04-19 10:23:19','2022-04-19 10:23:19'),(478,'Bhadratar','bhadratar','https://source.unsplash.com/u3aYUsaHT20',0,'31',NULL,NULL,NULL,3,'2022-04-19 10:23:19','2022-04-19 10:23:19'),(479,'Chokade','chokade','https://source.unsplash.com/KKm1ua7MSf0',0,'31',NULL,NULL,NULL,3,'2022-04-19 10:23:19','2022-04-19 10:23:19'),(480,'Deurali','deurali','https://source.unsplash.com/6yBAQeeNROU',0,'31',NULL,NULL,NULL,3,'2022-04-19 10:23:19','2022-04-19 10:23:19'),(481,'Devighat','devighat','https://source.unsplash.com/u3aYUsaHT20',0,'31',NULL,NULL,NULL,3,'2022-04-19 10:23:19','2022-04-19 10:23:19'),(482,'Kahule','kahule','https://source.unsplash.com/Wj9ELwGXa6c',0,'31',NULL,NULL,NULL,3,'2022-04-19 10:23:19','2022-04-19 10:23:19'),(483,'Kharanitar','kharanitar','https://source.unsplash.com/L4NA2qRqK0s',0,'31',NULL,NULL,NULL,3,'2022-04-19 10:23:19','2022-04-19 10:23:19'),(484,'Nuwakot','nuwakot','https://source.unsplash.com/KKm1ua7MSf0',0,'31',NULL,NULL,NULL,3,'2022-04-19 10:23:19','2022-04-19 10:23:19'),(485,'Pokharichapadanda','pokharichapadanda','https://source.unsplash.com/6yBAQeeNROU',0,'31',NULL,NULL,NULL,3,'2022-04-19 10:23:19','2022-04-19 10:23:19'),(486,'Ramabati','ramabati','https://source.unsplash.com/L4NA2qRqK0s',0,'31',NULL,NULL,NULL,3,'2022-04-19 10:23:19','2022-04-19 10:23:19'),(487,'Ranipauwa','ranipauwa','https://source.unsplash.com/Wj9ELwGXa6c',0,'31',NULL,NULL,NULL,3,'2022-04-19 10:23:19','2022-04-19 10:23:19'),(488,'Rautbesi','rautbesi','https://source.unsplash.com/xyE1p1rG04U',0,'31',NULL,NULL,NULL,3,'2022-04-19 10:23:19','2022-04-19 10:23:19'),(489,'Taruka','taruka','https://source.unsplash.com/xyE1p1rG04U',0,'31',NULL,NULL,NULL,3,'2022-04-19 10:23:19','2022-04-19 10:23:19'),(490,'Thansingh','thansingh','https://source.unsplash.com/KKm1ua7MSf0',0,'31',NULL,NULL,NULL,3,'2022-04-19 10:23:19','2022-04-19 10:23:19'),(491,'Betali','betali','https://source.unsplash.com/Wj9ELwGXa6c',0,'24',NULL,NULL,NULL,3,'2022-04-19 10:23:19','2022-04-19 10:23:19'),(492,'Bhirpani','bhirpani','https://source.unsplash.com/Wj9ELwGXa6c',0,'24',NULL,NULL,NULL,3,'2022-04-19 10:23:19','2022-04-19 10:23:19'),(493,'Doramba','doramba','https://source.unsplash.com/xyE1p1rG04U',0,'24',NULL,NULL,NULL,3,'2022-04-19 10:23:19','2022-04-19 10:23:19'),(494,'Duragaun','duragaun','https://source.unsplash.com/Wj9ELwGXa6c',0,'24',NULL,NULL,NULL,3,'2022-04-19 10:23:19','2022-04-19 10:23:19'),(495,'Hiledevi','hiledevi','https://source.unsplash.com/xyE1p1rG04U',0,'24',NULL,NULL,NULL,3,'2022-04-19 10:23:19','2022-04-19 10:23:19'),(496,'Kathjor','kathjor','https://source.unsplash.com/2Q2dpVPY6XU',0,'24',NULL,NULL,NULL,3,'2022-04-19 10:23:19','2022-04-19 10:23:19'),(497,'Khimti','khimti','https://source.unsplash.com/6yBAQeeNROU',0,'24',NULL,NULL,NULL,3,'2022-04-19 10:23:19','2022-04-19 10:23:19'),(498,'Puranagaun','puranagaun','https://source.unsplash.com/L4NA2qRqK0s',0,'24',NULL,NULL,NULL,3,'2022-04-19 10:23:19','2022-04-19 10:23:19'),(499,'Saghutar','saghutar','https://source.unsplash.com/u3aYUsaHT20',0,'24',NULL,NULL,NULL,3,'2022-04-19 10:23:19','2022-04-19 10:23:19'),(500,'Those','those','https://source.unsplash.com/u3aYUsaHT20',0,'24',NULL,NULL,NULL,3,'2022-04-19 10:23:19','2022-04-19 10:23:19'),(501,'Dhaibung','dhaibung','https://source.unsplash.com/L4NA2qRqK0s',0,'32',NULL,NULL,NULL,3,'2022-04-19 10:23:19','2022-04-19 10:23:19'),(502,'Ramkali','ramkali','https://source.unsplash.com/6yBAQeeNROU',0,'32',NULL,NULL,NULL,3,'2022-04-19 10:23:19','2022-04-19 10:23:19'),(503,'Rasuwa','rasuwa','https://source.unsplash.com/L4NA2qRqK0s',0,'32',NULL,NULL,NULL,3,'2022-04-19 10:23:19','2022-04-19 10:23:19'),(504,'Syaphru Besi','syaphru-besi','https://source.unsplash.com/KKm1ua7MSf0',0,'32',NULL,NULL,NULL,3,'2022-04-19 10:23:19','2022-04-19 10:23:19'),(505,'Bahun Tilpung','bahun-tilpung','https://source.unsplash.com/KKm1ua7MSf0',0,'23',NULL,NULL,NULL,3,'2022-04-19 10:23:19','2022-04-19 10:23:19'),(506,'Belghari','belghari','https://source.unsplash.com/xyE1p1rG04U',0,'23',NULL,NULL,NULL,3,'2022-04-19 10:23:19','2022-04-19 10:23:19'),(507,'Bhiman','bhiman','https://source.unsplash.com/xyE1p1rG04U',0,'23',NULL,NULL,NULL,3,'2022-04-19 10:23:19','2022-04-19 10:23:19'),(508,'Dakaha','dakaha','https://source.unsplash.com/6yBAQeeNROU',0,'23',NULL,NULL,NULL,3,'2022-04-19 10:23:19','2022-04-19 10:23:19'),(509,'Dudhauli','dudhauli','https://source.unsplash.com/6yBAQeeNROU',0,'23',NULL,NULL,NULL,3,'2022-04-19 10:23:19','2022-04-19 10:23:19'),(510,'Gwaltar','gwaltar','https://source.unsplash.com/L4NA2qRqK0s',0,'23',NULL,NULL,NULL,3,'2022-04-19 10:23:19','2022-04-19 10:23:19'),(511,'Jhanga Jholi','jhanga-jholi','https://source.unsplash.com/2Q2dpVPY6XU',0,'23',NULL,NULL,NULL,3,'2022-04-19 10:23:19','2022-04-19 10:23:19'),(512,'Kapilakot','kapilakot','https://source.unsplash.com/2Q2dpVPY6XU',0,'23',NULL,NULL,NULL,3,'2022-04-19 10:23:19','2022-04-19 10:23:19'),(513,'Khurkot','khurkot','https://source.unsplash.com/2Q2dpVPY6XU',0,'23',NULL,NULL,NULL,3,'2022-04-19 10:23:19','2022-04-19 10:23:19'),(514,'Netrakali','netrakali','https://source.unsplash.com/L4NA2qRqK0s',0,'23',NULL,NULL,NULL,3,'2022-04-19 10:23:19','2022-04-19 10:23:19'),(515,'Pipalmadhiratanpur','pipalmadhiratanpur','https://source.unsplash.com/2Q2dpVPY6XU',0,'23',NULL,NULL,NULL,3,'2022-04-19 10:23:19','2022-04-19 10:23:19'),(516,'Solpa','solpa','https://source.unsplash.com/L4NA2qRqK0s',0,'23',NULL,NULL,NULL,3,'2022-04-19 10:23:19','2022-04-19 10:23:19'),(517,'Atarpur','atarpur','https://source.unsplash.com/6yBAQeeNROU',0,'33',NULL,NULL,NULL,3,'2022-04-19 10:23:19','2022-04-19 10:23:19'),(518,'Balephi','balephi','https://source.unsplash.com/L4NA2qRqK0s',0,'33',NULL,NULL,NULL,3,'2022-04-19 10:23:19','2022-04-19 10:23:19'),(519,'Barabise','barabise','https://source.unsplash.com/L4NA2qRqK0s',0,'33',NULL,NULL,NULL,3,'2022-04-19 10:23:19','2022-04-19 10:23:19'),(520,'Bhotsipa','bhotsipa','https://source.unsplash.com/xyE1p1rG04U',0,'33',NULL,NULL,NULL,3,'2022-04-19 10:23:19','2022-04-19 10:23:19'),(521,'Dubachaur','dubachaur','https://source.unsplash.com/u3aYUsaHT20',0,'33',NULL,NULL,NULL,3,'2022-04-19 10:23:19','2022-04-19 10:23:19'),(522,'Gyalthum','gyalthum','https://source.unsplash.com/KKm1ua7MSf0',0,'33',NULL,NULL,NULL,3,'2022-04-19 10:23:19','2022-04-19 10:23:19'),(523,'Jalbire','jalbire','https://source.unsplash.com/2Q2dpVPY6XU',0,'33',NULL,NULL,NULL,3,'2022-04-19 10:23:19','2022-04-19 10:23:19'),(524,'Kodari','kodari','https://source.unsplash.com/L4NA2qRqK0s',0,'33',NULL,NULL,NULL,3,'2022-04-19 10:23:19','2022-04-19 10:23:19'),(525,'Lamosanghu','lamosanghu','https://source.unsplash.com/L4NA2qRqK0s',0,'33',NULL,NULL,NULL,3,'2022-04-19 10:23:19','2022-04-19 10:23:19'),(526,'Melamchi Bahunepati','melamchi-bahunepati','https://source.unsplash.com/KKm1ua7MSf0',0,'33',NULL,NULL,NULL,3,'2022-04-19 10:23:19','2022-04-19 10:23:19'),(527,'Nawalpur','nawalpur','https://source.unsplash.com/xyE1p1rG04U',0,'33',NULL,NULL,NULL,3,'2022-04-19 10:23:19','2022-04-19 10:23:19'),(528,'Pangtang','pangtang','https://source.unsplash.com/2Q2dpVPY6XU',0,'33',NULL,NULL,NULL,3,'2022-04-19 10:23:19','2022-04-19 10:23:19'),(529,'Thangapaldhap','thangapaldhap','https://source.unsplash.com/L4NA2qRqK0s',0,'33',NULL,NULL,NULL,3,'2022-04-19 10:23:19','2022-04-19 10:23:19'),(530,'Baikunthe','baikunthe','https://source.unsplash.com/xyE1p1rG04U',0,'1',NULL,NULL,NULL,1,'2022-04-19 10:23:19','2022-04-19 10:23:19'),(531,'Bastim','bastim','https://source.unsplash.com/u3aYUsaHT20',0,'1',NULL,NULL,NULL,1,'2022-04-19 10:23:19','2022-04-19 10:23:19'),(532,'Bhulke','bhulke','https://source.unsplash.com/KKm1ua7MSf0',0,'1',NULL,NULL,NULL,1,'2022-04-19 10:23:19','2022-04-19 10:23:19'),(533,'Deurali','deurali','https://source.unsplash.com/Wj9ELwGXa6c',0,'1',NULL,NULL,NULL,1,'2022-04-19 10:23:19','2022-04-19 10:23:19'),(534,'Dilpa Annapurna','dilpa-annapurna','https://source.unsplash.com/L4NA2qRqK0s',0,'1',NULL,NULL,NULL,1,'2022-04-19 10:23:19','2022-04-19 10:23:19'),(535,'Dingla','dingla','https://source.unsplash.com/KKm1ua7MSf0',0,'1',NULL,NULL,NULL,1,'2022-04-19 10:23:19','2022-04-19 10:23:19'),(536,'Dobhane','dobhane','https://source.unsplash.com/u3aYUsaHT20',0,'1',NULL,NULL,NULL,1,'2022-04-19 10:23:19','2022-04-19 10:23:19'),(537,'Kulung Agrakhe','kulung-agrakhe','https://source.unsplash.com/u3aYUsaHT20',0,'1',NULL,NULL,NULL,1,'2022-04-19 10:23:19','2022-04-19 10:23:19'),(538,'Pyauli','pyauli','https://source.unsplash.com/u3aYUsaHT20',0,'1',NULL,NULL,NULL,1,'2022-04-19 10:23:19','2022-04-19 10:23:19'),(539,'Ranibas','ranibas','https://source.unsplash.com/6yBAQeeNROU',0,'1',NULL,NULL,NULL,1,'2022-04-19 10:23:19','2022-04-19 10:23:19'),(540,'Timma','timma','https://source.unsplash.com/L4NA2qRqK0s',0,'1',NULL,NULL,NULL,1,'2022-04-19 10:23:19','2022-04-19 10:23:19'),(541,'Tiwari Bhanjyang','tiwari-bhanjyang','https://source.unsplash.com/xyE1p1rG04U',0,'1',NULL,NULL,NULL,1,'2022-04-19 10:23:19','2022-04-19 10:23:19'),(542,'Walangkha','walangkha','https://source.unsplash.com/xyE1p1rG04U',0,'1',NULL,NULL,NULL,1,'2022-04-19 10:23:19','2022-04-19 10:23:19'),(543,'Yaku','yaku','https://source.unsplash.com/6yBAQeeNROU',0,'1',NULL,NULL,NULL,1,'2022-04-19 10:23:19','2022-04-19 10:23:19'),(544,'Ankhisalla','ankhisalla','https://source.unsplash.com/L4NA2qRqK0s',0,'2',NULL,NULL,NULL,1,'2022-04-19 10:23:19','2022-04-19 10:23:19'),(545,'Arknaule','arknaule','https://source.unsplash.com/u3aYUsaHT20',0,'2',NULL,NULL,NULL,1,'2022-04-19 10:23:19','2022-04-19 10:23:19'),(546,'Bhedetar','bhedetar','https://source.unsplash.com/6yBAQeeNROU',0,'2',NULL,NULL,NULL,1,'2022-04-19 10:23:19','2022-04-19 10:23:19'),(547,'Chungmang','chungmang','https://source.unsplash.com/Wj9ELwGXa6c',0,'2',NULL,NULL,NULL,1,'2022-04-19 10:23:19','2022-04-19 10:23:19'),(548,'Dandabazar','dandabazar','https://source.unsplash.com/u3aYUsaHT20',0,'2',NULL,NULL,NULL,1,'2022-04-19 10:23:19','2022-04-19 10:23:19'),(549,'Dhankuta','dhankuta','https://source.unsplash.com/Wj9ELwGXa6c',0,'2',NULL,NULL,NULL,1,'2022-04-19 10:23:19','2022-04-19 10:23:19'),(550,'Hile','hile','https://source.unsplash.com/6yBAQeeNROU',0,'2',NULL,NULL,NULL,1,'2022-04-19 10:23:19','2022-04-19 10:23:19'),(551,'Leguwa','leguwa','https://source.unsplash.com/6yBAQeeNROU',0,'2',NULL,NULL,NULL,1,'2022-04-19 10:23:19','2022-04-19 10:23:19'),(552,'Mare Katahare','mare-katahare','https://source.unsplash.com/u3aYUsaHT20',0,'2',NULL,NULL,NULL,1,'2022-04-19 10:23:19','2022-04-19 10:23:19'),(553,'Mudhebash','mudhebash','https://source.unsplash.com/KKm1ua7MSf0',0,'2',NULL,NULL,NULL,1,'2022-04-19 10:23:19','2022-04-19 10:23:19'),(554,'Muga','muga','https://source.unsplash.com/6yBAQeeNROU',0,'2',NULL,NULL,NULL,1,'2022-04-19 10:23:19','2022-04-19 10:23:19'),(555,'Pakhribash','pakhribash','https://source.unsplash.com/2Q2dpVPY6XU',0,'2',NULL,NULL,NULL,1,'2022-04-19 10:23:19','2022-04-19 10:23:19'),(556,'Rajarani','rajarani','https://source.unsplash.com/KKm1ua7MSf0',0,'2',NULL,NULL,NULL,1,'2022-04-19 10:23:19','2022-04-19 10:23:19'),(557,'Teliya','teliya','https://source.unsplash.com/Wj9ELwGXa6c',0,'2',NULL,NULL,NULL,1,'2022-04-19 10:23:19','2022-04-19 10:23:19'),(558,'Aaitabare','aaitabare','https://source.unsplash.com/2Q2dpVPY6XU',0,'3',NULL,NULL,NULL,1,'2022-04-19 10:23:19','2022-04-19 10:23:19'),(559,'Cheesa Pani Panchami','cheesa-pani-panchami','https://source.unsplash.com/KKm1ua7MSf0',0,'3',NULL,NULL,NULL,1,'2022-04-19 10:23:19','2022-04-19 10:23:19'),(560,'Gajurmukhi','gajurmukhi','https://source.unsplash.com/xyE1p1rG04U',0,'3',NULL,NULL,NULL,1,'2022-04-19 10:23:19','2022-04-19 10:23:19'),(561,'Gitpur','gitpur','https://source.unsplash.com/L4NA2qRqK0s',0,'3',NULL,NULL,NULL,1,'2022-04-19 10:23:19','2022-04-19 10:23:19'),(562,'Harkatebazar','harkatebazar','https://source.unsplash.com/Wj9ELwGXa6c',0,'3',NULL,NULL,NULL,1,'2022-04-19 10:23:19','2022-04-19 10:23:19'),(563,'Jamuna','jamuna','https://source.unsplash.com/2Q2dpVPY6XU',0,'3',NULL,NULL,NULL,1,'2022-04-19 10:23:19','2022-04-19 10:23:19'),(564,'Mangal Bare','mangal-bare','https://source.unsplash.com/Wj9ELwGXa6c',0,'3',NULL,NULL,NULL,1,'2022-04-19 10:23:19','2022-04-19 10:23:19'),(565,'Nayabazar','nayabazar','https://source.unsplash.com/xyE1p1rG04U',0,'3',NULL,NULL,NULL,1,'2022-04-19 10:23:19','2022-04-19 10:23:19'),(566,'Nepaltar','nepaltar','https://source.unsplash.com/u3aYUsaHT20',0,'3',NULL,NULL,NULL,1,'2022-04-19 10:23:19','2022-04-19 10:23:19'),(567,'Pashupatinagar','pashupatinagar','https://source.unsplash.com/u3aYUsaHT20',0,'3',NULL,NULL,NULL,1,'2022-04-19 10:23:19','2022-04-19 10:23:19'),(568,'Phikal','phikal','https://source.unsplash.com/KKm1ua7MSf0',0,'3',NULL,NULL,NULL,1,'2022-04-19 10:23:19','2022-04-19 10:23:19'),(569,'Baniyani','baniyani','https://source.unsplash.com/2Q2dpVPY6XU',0,'4',NULL,NULL,NULL,1,'2022-04-19 10:23:19','2022-04-19 10:23:19'),(570,'Birtamod','birtamod','https://source.unsplash.com/u3aYUsaHT20',0,'4',NULL,NULL,NULL,1,'2022-04-19 10:23:19','2022-04-19 10:23:19'),(571,'Budhabare','budhabare','https://source.unsplash.com/L4NA2qRqK0s',0,'4',NULL,NULL,NULL,1,'2022-04-19 10:23:19','2022-04-19 10:23:19'),(572,'Chandragadhi','chandragadhi','https://source.unsplash.com/6yBAQeeNROU',0,'4',NULL,NULL,NULL,1,'2022-04-19 10:23:19','2022-04-19 10:23:19'),(573,'Damak','damak','https://source.unsplash.com/xyE1p1rG04U',0,'4',NULL,NULL,NULL,1,'2022-04-19 10:23:19','2022-04-19 10:23:19'),(574,'Dhulabari','dhulabari','https://source.unsplash.com/u3aYUsaHT20',0,'4',NULL,NULL,NULL,1,'2022-04-19 10:23:19','2022-04-19 10:23:19'),(575,'Dudhe','dudhe','https://source.unsplash.com/xyE1p1rG04U',0,'4',NULL,NULL,NULL,1,'2022-04-19 10:23:19','2022-04-19 10:23:19'),(576,'Durgapur','durgapur','https://source.unsplash.com/Wj9ELwGXa6c',0,'4',NULL,NULL,NULL,1,'2022-04-19 10:23:19','2022-04-19 10:23:19'),(577,'Gauradaha','gauradaha','https://source.unsplash.com/6yBAQeeNROU',0,'4',NULL,NULL,NULL,1,'2022-04-19 10:23:19','2022-04-19 10:23:19'),(578,'Gaurigunj','gaurigunj','https://source.unsplash.com/6yBAQeeNROU',0,'4',NULL,NULL,NULL,1,'2022-04-19 10:23:19','2022-04-19 10:23:19'),(579,'Goldhap','goldhap','https://source.unsplash.com/u3aYUsaHT20',0,'4',NULL,NULL,NULL,1,'2022-04-19 10:23:19','2022-04-19 10:23:19'),(580,'Jhapa','jhapa','https://source.unsplash.com/xyE1p1rG04U',0,'4',NULL,NULL,NULL,1,'2022-04-19 10:23:19','2022-04-19 10:23:19'),(581,'Kankarbhitta','kankarbhitta','https://source.unsplash.com/6yBAQeeNROU',0,'4',NULL,NULL,NULL,1,'2022-04-19 10:23:19','2022-04-19 10:23:19'),(582,'Rajgadh','rajgadh','https://source.unsplash.com/KKm1ua7MSf0',0,'4',NULL,NULL,NULL,1,'2022-04-19 10:23:19','2022-04-19 10:23:19'),(583,'Sanishchare','sanishchare','https://source.unsplash.com/2Q2dpVPY6XU',0,'4',NULL,NULL,NULL,1,'2022-04-19 10:23:19','2022-04-19 10:23:19'),(584,'Shivagunj','shivagunj','https://source.unsplash.com/u3aYUsaHT20',0,'4',NULL,NULL,NULL,1,'2022-04-19 10:23:19','2022-04-19 10:23:19'),(585,'Topagachhi','topagachhi','https://source.unsplash.com/u3aYUsaHT20',0,'4',NULL,NULL,NULL,1,'2022-04-19 10:23:19','2022-04-19 10:23:19'),(586,'Aiselukharka','aiselukharka','https://source.unsplash.com/Wj9ELwGXa6c',0,'5',NULL,NULL,NULL,1,'2022-04-19 10:23:19','2022-04-19 10:23:19'),(587,'Buipa','buipa','https://source.unsplash.com/u3aYUsaHT20',0,'5',NULL,NULL,NULL,1,'2022-04-19 10:23:19','2022-04-19 10:23:19'),(588,'Chisapani','chisapani','https://source.unsplash.com/KKm1ua7MSf0',0,'5',NULL,NULL,NULL,1,'2022-04-19 10:23:19','2022-04-19 10:23:19'),(589,'Halesi mahadevasthan','halesi-mahadevasthan','https://source.unsplash.com/2Q2dpVPY6XU',0,'5',NULL,NULL,NULL,1,'2022-04-19 10:23:19','2022-04-19 10:23:19'),(590,'Jalpa','jalpa','https://source.unsplash.com/KKm1ua7MSf0',0,'5',NULL,NULL,NULL,1,'2022-04-19 10:23:19','2022-04-19 10:23:19'),(591,'Khotang','khotang','https://source.unsplash.com/xyE1p1rG04U',0,'5',NULL,NULL,NULL,1,'2022-04-19 10:23:19','2022-04-19 10:23:19'),(592,'Lamidanda','lamidanda','https://source.unsplash.com/Wj9ELwGXa6c',0,'5',NULL,NULL,NULL,1,'2022-04-19 10:23:19','2022-04-19 10:23:19'),(593,'Manebhanjyang','manebhanjyang','https://source.unsplash.com/KKm1ua7MSf0',0,'5',NULL,NULL,NULL,1,'2022-04-19 10:23:19','2022-04-19 10:23:19'),(594,'Sapteshworichhitapokhari','sapteshworichhitapokhari','https://source.unsplash.com/6yBAQeeNROU',0,'5',NULL,NULL,NULL,1,'2022-04-19 10:23:19','2022-04-19 10:23:19'),(595,'Simpani','simpani','https://source.unsplash.com/L4NA2qRqK0s',0,'5',NULL,NULL,NULL,1,'2022-04-19 10:23:19','2022-04-19 10:23:19'),(596,'Wakshila','wakshila','https://source.unsplash.com/KKm1ua7MSf0',0,'5',NULL,NULL,NULL,1,'2022-04-19 10:23:19','2022-04-19 10:23:19'),(597,'Banigama','banigama','https://source.unsplash.com/Wj9ELwGXa6c',0,'6',NULL,NULL,NULL,1,'2022-04-19 10:23:19','2022-04-19 10:23:19'),(598,'Bansbari','bansbari','https://source.unsplash.com/Wj9ELwGXa6c',0,'6',NULL,NULL,NULL,1,'2022-04-19 10:23:19','2022-04-19 10:23:19'),(599,'Bayarban','bayarban','https://source.unsplash.com/6yBAQeeNROU',0,'6',NULL,NULL,NULL,1,'2022-04-19 10:23:19','2022-04-19 10:23:19'),(600,'Bhaudaha','bhaudaha','https://source.unsplash.com/Wj9ELwGXa6c',0,'6',NULL,NULL,NULL,1,'2022-04-19 10:23:19','2022-04-19 10:23:19'),(601,'Biratnagar Bazar','biratnagar-bazar','https://source.unsplash.com/L4NA2qRqK0s',0,'6',NULL,NULL,NULL,1,'2022-04-19 10:23:19','2022-04-19 10:23:19'),(602,'Chunimari','chunimari','https://source.unsplash.com/xyE1p1rG04U',0,'6',NULL,NULL,NULL,1,'2022-04-19 10:23:19','2022-04-19 10:23:19'),(603,'Dadarberiya','dadarberiya','https://source.unsplash.com/L4NA2qRqK0s',0,'6',NULL,NULL,NULL,1,'2022-04-19 10:23:19','2022-04-19 10:23:19'),(604,'Haraincha','haraincha','https://source.unsplash.com/u3aYUsaHT20',0,'6',NULL,NULL,NULL,1,'2022-04-19 10:23:19','2022-04-19 10:23:19'),(605,'Jhorahat','jhorahat','https://source.unsplash.com/Wj9ELwGXa6c',0,'6',NULL,NULL,NULL,1,'2022-04-19 10:23:19','2022-04-19 10:23:19'),(606,'Kerabari','kerabari','https://source.unsplash.com/xyE1p1rG04U',0,'6',NULL,NULL,NULL,1,'2022-04-19 10:23:19','2022-04-19 10:23:19'),(607,'Letang','letang','https://source.unsplash.com/Wj9ELwGXa6c',0,'6',NULL,NULL,NULL,1,'2022-04-19 10:23:19','2022-04-19 10:23:19'),(608,'Madhumalla','madhumalla','https://source.unsplash.com/6yBAQeeNROU',0,'6',NULL,NULL,NULL,1,'2022-04-19 10:23:19','2022-04-19 10:23:19'),(609,'Rangeli','rangeli','https://source.unsplash.com/2Q2dpVPY6XU',0,'6',NULL,NULL,NULL,1,'2022-04-19 10:23:19','2022-04-19 10:23:19'),(610,'Rani Sikiyahi','rani-sikiyahi','https://source.unsplash.com/Wj9ELwGXa6c',0,'6',NULL,NULL,NULL,1,'2022-04-19 10:23:19','2022-04-19 10:23:19'),(611,'Sanischare','sanischare','https://source.unsplash.com/Wj9ELwGXa6c',0,'6',NULL,NULL,NULL,1,'2022-04-19 10:23:19','2022-04-19 10:23:19'),(612,'Sorabhag','sorabhag','https://source.unsplash.com/xyE1p1rG04U',0,'6',NULL,NULL,NULL,1,'2022-04-19 10:23:19','2022-04-19 10:23:19'),(613,'Urlabari','urlabari','https://source.unsplash.com/u3aYUsaHT20',0,'6',NULL,NULL,NULL,1,'2022-04-19 10:23:19','2022-04-19 10:23:19'),(614,'Bigutar','bigutar','https://source.unsplash.com/6yBAQeeNROU',0,'7',NULL,NULL,NULL,1,'2022-04-19 10:23:19','2022-04-19 10:23:19'),(615,'Chyanam','chyanam','https://source.unsplash.com/2Q2dpVPY6XU',0,'7',NULL,NULL,NULL,1,'2022-04-19 10:23:19','2022-04-19 10:23:19'),(616,'Gamanangtar','gamanangtar','https://source.unsplash.com/KKm1ua7MSf0',0,'7',NULL,NULL,NULL,1,'2022-04-19 10:23:19','2022-04-19 10:23:19'),(617,'Ghorakhori','ghorakhori','https://source.unsplash.com/xyE1p1rG04U',0,'7',NULL,NULL,NULL,1,'2022-04-19 10:23:19','2022-04-19 10:23:19'),(618,'Khani Bhanjyang','khani-bhanjyang','https://source.unsplash.com/u3aYUsaHT20',0,'7',NULL,NULL,NULL,1,'2022-04-19 10:23:19','2022-04-19 10:23:19'),(619,'Khiji Phalate','khiji-phalate','https://source.unsplash.com/Wj9ELwGXa6c',0,'7',NULL,NULL,NULL,1,'2022-04-19 10:23:19','2022-04-19 10:23:19'),(620,'Mane Bhanjyang','mane-bhanjyang','https://source.unsplash.com/Wj9ELwGXa6c',0,'7',NULL,NULL,NULL,1,'2022-04-19 10:23:19','2022-04-19 10:23:19'),(621,'Moli','moli','https://source.unsplash.com/u3aYUsaHT20',0,'7',NULL,NULL,NULL,1,'2022-04-19 10:23:19','2022-04-19 10:23:19'),(622,'Ragani','ragani','https://source.unsplash.com/u3aYUsaHT20',0,'7',NULL,NULL,NULL,1,'2022-04-19 10:23:19','2022-04-19 10:23:19'),(623,'Rampur','rampur','https://source.unsplash.com/L4NA2qRqK0s',0,'7',NULL,NULL,NULL,1,'2022-04-19 10:23:19','2022-04-19 10:23:19'),(624,'Rumjatar','rumjatar','https://source.unsplash.com/u3aYUsaHT20',0,'7',NULL,NULL,NULL,1,'2022-04-19 10:23:19','2022-04-19 10:23:19'),(625,'Ambarpur','ambarpur','https://source.unsplash.com/KKm1ua7MSf0',0,'8',NULL,NULL,NULL,1,'2022-04-19 10:23:19','2022-04-19 10:23:19'),(626,'Chyangthapu','chyangthapu','https://source.unsplash.com/L4NA2qRqK0s',0,'8',NULL,NULL,NULL,1,'2022-04-19 10:23:19','2022-04-19 10:23:19'),(627,'Limba','limba','https://source.unsplash.com/6yBAQeeNROU',0,'8',NULL,NULL,NULL,1,'2022-04-19 10:23:19','2022-04-19 10:23:19'),(628,'Mauwa','mauwa','https://source.unsplash.com/L4NA2qRqK0s',0,'8',NULL,NULL,NULL,1,'2022-04-19 10:23:19','2022-04-19 10:23:19'),(629,'Medibung','medibung','https://source.unsplash.com/L4NA2qRqK0s',0,'8',NULL,NULL,NULL,1,'2022-04-19 10:23:19','2022-04-19 10:23:19'),(630,'Mehelbote','mehelbote','https://source.unsplash.com/xyE1p1rG04U',0,'8',NULL,NULL,NULL,1,'2022-04-19 10:23:19','2022-04-19 10:23:19'),(631,'Namluwa','namluwa','https://source.unsplash.com/u3aYUsaHT20',0,'8',NULL,NULL,NULL,1,'2022-04-19 10:23:19','2022-04-19 10:23:19'),(632,'Nawamidanda','nawamidanda','https://source.unsplash.com/L4NA2qRqK0s',0,'8',NULL,NULL,NULL,1,'2022-04-19 10:23:19','2022-04-19 10:23:19'),(633,'Rabi','rabi','https://source.unsplash.com/6yBAQeeNROU',0,'8',NULL,NULL,NULL,1,'2022-04-19 10:23:19','2022-04-19 10:23:19'),(634,'Yangnam','yangnam','https://source.unsplash.com/xyE1p1rG04U',0,'8',NULL,NULL,NULL,1,'2022-04-19 10:23:19','2022-04-19 10:23:19'),(635,'Yasok','yasok','https://source.unsplash.com/L4NA2qRqK0s',0,'8',NULL,NULL,NULL,1,'2022-04-19 10:23:19','2022-04-19 10:23:19'),(636,'Ankhibhui','ankhibhui','https://source.unsplash.com/2Q2dpVPY6XU',0,'9',NULL,NULL,NULL,1,'2022-04-19 10:23:19','2022-04-19 10:23:19'),(637,'Bahrabishe','bahrabishe','https://source.unsplash.com/xyE1p1rG04U',0,'9',NULL,NULL,NULL,1,'2022-04-19 10:23:19','2022-04-19 10:23:19'),(638,'Chainpur','chainpur','https://source.unsplash.com/L4NA2qRqK0s',0,'9',NULL,NULL,NULL,1,'2022-04-19 10:23:19','2022-04-19 10:23:19'),(639,'Chandanpur','chandanpur','https://source.unsplash.com/2Q2dpVPY6XU',0,'9',NULL,NULL,NULL,1,'2022-04-19 10:23:19','2022-04-19 10:23:19'),(640,'Hatiya','hatiya','https://source.unsplash.com/xyE1p1rG04U',0,'9',NULL,NULL,NULL,1,'2022-04-19 10:23:19','2022-04-19 10:23:19'),(641,'Hedangana','hedangana','https://source.unsplash.com/6yBAQeeNROU',0,'9',NULL,NULL,NULL,1,'2022-04-19 10:23:19','2022-04-19 10:23:19'),(642,'Madi','madi','https://source.unsplash.com/2Q2dpVPY6XU',0,'9',NULL,NULL,NULL,1,'2022-04-19 10:23:19','2022-04-19 10:23:19'),(643,'Mamling','mamling','https://source.unsplash.com/2Q2dpVPY6XU',0,'9',NULL,NULL,NULL,1,'2022-04-19 10:23:19','2022-04-19 10:23:19'),(644,'Manebhanjyang','manebhanjyang','https://source.unsplash.com/2Q2dpVPY6XU',0,'9',NULL,NULL,NULL,1,'2022-04-19 10:23:19','2022-04-19 10:23:19'),(645,'Shidhakali','shidhakali','https://source.unsplash.com/L4NA2qRqK0s',0,'9',NULL,NULL,NULL,1,'2022-04-19 10:23:19','2022-04-19 10:23:19'),(646,'Tamku','tamku','https://source.unsplash.com/6yBAQeeNROU',0,'9',NULL,NULL,NULL,1,'2022-04-19 10:23:19','2022-04-19 10:23:19'),(647,'Tumlingtar','tumlingtar','https://source.unsplash.com/u3aYUsaHT20',0,'9',NULL,NULL,NULL,1,'2022-04-19 10:23:19','2022-04-19 10:23:19'),(648,'Wana','wana','https://source.unsplash.com/L4NA2qRqK0s',0,'9',NULL,NULL,NULL,1,'2022-04-19 10:23:19','2022-04-19 10:23:19'),(649,'Himaganga','himaganga','https://source.unsplash.com/KKm1ua7MSf0',0,'10',NULL,NULL,NULL,1,'2022-04-19 10:23:19','2022-04-19 10:23:19'),(650,'Jubu','jubu','https://source.unsplash.com/KKm1ua7MSf0',0,'10',NULL,NULL,NULL,1,'2022-04-19 10:23:19','2022-04-19 10:23:19'),(651,'Lukla','lukla','https://source.unsplash.com/6yBAQeeNROU',0,'10',NULL,NULL,NULL,1,'2022-04-19 10:23:19','2022-04-19 10:23:19'),(652,'Namche Bazar','namche-bazar','https://source.unsplash.com/L4NA2qRqK0s',0,'10',NULL,NULL,NULL,1,'2022-04-19 10:23:19','2022-04-19 10:23:19'),(653,'Necha','necha','https://source.unsplash.com/2Q2dpVPY6XU',0,'10',NULL,NULL,NULL,1,'2022-04-19 10:23:19','2022-04-19 10:23:19'),(654,'Nele','nele','https://source.unsplash.com/L4NA2qRqK0s',0,'10',NULL,NULL,NULL,1,'2022-04-19 10:23:19','2022-04-19 10:23:19'),(655,'Shishakhola','shishakhola','https://source.unsplash.com/xyE1p1rG04U',0,'10',NULL,NULL,NULL,1,'2022-04-19 10:23:19','2022-04-19 10:23:19'),(656,'Sotang','sotang','https://source.unsplash.com/Wj9ELwGXa6c',0,'10',NULL,NULL,NULL,1,'2022-04-19 10:23:19','2022-04-19 10:23:19'),(657,'Aurabari','aurabari','https://source.unsplash.com/xyE1p1rG04U',0,'11',NULL,NULL,NULL,1,'2022-04-19 10:23:19','2022-04-19 10:23:19'),(658,'Bakalauri','bakalauri','https://source.unsplash.com/KKm1ua7MSf0',0,'11',NULL,NULL,NULL,1,'2022-04-19 10:23:19','2022-04-19 10:23:19'),(659,'Bhutaha','bhutaha','https://source.unsplash.com/2Q2dpVPY6XU',0,'11',NULL,NULL,NULL,1,'2022-04-19 10:23:19','2022-04-19 10:23:19'),(660,'Chatara','chatara','https://source.unsplash.com/KKm1ua7MSf0',0,'11',NULL,NULL,NULL,1,'2022-04-19 10:23:19','2022-04-19 10:23:19'),(661,'Chhitaha','chhitaha','https://source.unsplash.com/KKm1ua7MSf0',0,'11',NULL,NULL,NULL,1,'2022-04-19 10:23:19','2022-04-19 10:23:19'),(662,'Chimadi','chimadi','https://source.unsplash.com/KKm1ua7MSf0',0,'11',NULL,NULL,NULL,1,'2022-04-19 10:23:19','2022-04-19 10:23:19'),(663,'Dewangunj','dewangunj','https://source.unsplash.com/6yBAQeeNROU',0,'11',NULL,NULL,NULL,1,'2022-04-19 10:23:19','2022-04-19 10:23:19'),(664,'Dharan','dharan','https://source.unsplash.com/xyE1p1rG04U',0,'11',NULL,NULL,NULL,1,'2022-04-19 10:23:19','2022-04-19 10:23:19'),(665,'Duhabi','duhabi','https://source.unsplash.com/xyE1p1rG04U',0,'11',NULL,NULL,NULL,1,'2022-04-19 10:23:19','2022-04-19 10:23:19'),(666,'Inarauwa','inarauwa','https://source.unsplash.com/2Q2dpVPY6XU',0,'11',NULL,NULL,NULL,1,'2022-04-19 10:23:19','2022-04-19 10:23:19'),(667,'Itahari','itahari','https://source.unsplash.com/xyE1p1rG04U',0,'11',NULL,NULL,NULL,1,'2022-04-19 10:23:19','2022-04-19 10:23:19'),(668,'Jhumka','jhumka','https://source.unsplash.com/u3aYUsaHT20',0,'11',NULL,NULL,NULL,1,'2022-04-19 10:23:19','2022-04-19 10:23:19'),(669,'Laukahee','laukahee','https://source.unsplash.com/L4NA2qRqK0s',0,'11',NULL,NULL,NULL,1,'2022-04-19 10:23:19','2022-04-19 10:23:19'),(670,'Madhuvan','madhuvan','https://source.unsplash.com/xyE1p1rG04U',0,'11',NULL,NULL,NULL,1,'2022-04-19 10:23:19','2022-04-19 10:23:19'),(671,'Mahendra Nagar','mahendra-nagar','https://source.unsplash.com/6yBAQeeNROU',0,'11',NULL,NULL,NULL,1,'2022-04-19 10:23:19','2022-04-19 10:23:19'),(672,'Mangalbare','mangalbare','https://source.unsplash.com/u3aYUsaHT20',0,'11',NULL,NULL,NULL,1,'2022-04-19 10:23:19','2022-04-19 10:23:19'),(673,'Simariya','simariya','https://source.unsplash.com/L4NA2qRqK0s',0,'11',NULL,NULL,NULL,1,'2022-04-19 10:23:19','2022-04-19 10:23:19'),(674,'Change','change','https://source.unsplash.com/6yBAQeeNROU',0,'12',NULL,NULL,NULL,1,'2022-04-19 10:23:19','2022-04-19 10:23:19'),(675,'Dobhan','dobhan','https://source.unsplash.com/Wj9ELwGXa6c',0,'12',NULL,NULL,NULL,1,'2022-04-19 10:23:19','2022-04-19 10:23:19'),(676,'Hangpang','hangpang','https://source.unsplash.com/2Q2dpVPY6XU',0,'12',NULL,NULL,NULL,1,'2022-04-19 10:23:19','2022-04-19 10:23:19'),(677,'Khokling','khokling','https://source.unsplash.com/2Q2dpVPY6XU',0,'12',NULL,NULL,NULL,1,'2022-04-19 10:23:19','2022-04-19 10:23:19'),(678,'Olangchunggola','olangchunggola','https://source.unsplash.com/2Q2dpVPY6XU',0,'12',NULL,NULL,NULL,1,'2022-04-19 10:23:19','2022-04-19 10:23:19'),(679,'Pedang','pedang','https://source.unsplash.com/KKm1ua7MSf0',0,'12',NULL,NULL,NULL,1,'2022-04-19 10:23:19','2022-04-19 10:23:19'),(680,'Sadeba','sadeba','https://source.unsplash.com/6yBAQeeNROU',0,'12',NULL,NULL,NULL,1,'2022-04-19 10:23:19','2022-04-19 10:23:19'),(681,'Sinam','sinam','https://source.unsplash.com/KKm1ua7MSf0',0,'12',NULL,NULL,NULL,1,'2022-04-19 10:23:19','2022-04-19 10:23:19'),(682,'Siwang','siwang','https://source.unsplash.com/6yBAQeeNROU',0,'12',NULL,NULL,NULL,1,'2022-04-19 10:23:19','2022-04-19 10:23:19'),(683,'Taplejung','taplejung','https://source.unsplash.com/2Q2dpVPY6XU',0,'12',NULL,NULL,NULL,1,'2022-04-19 10:23:19','2022-04-19 10:23:19'),(684,'Thechambu','thechambu','https://source.unsplash.com/u3aYUsaHT20',0,'12',NULL,NULL,NULL,1,'2022-04-19 10:23:19','2022-04-19 10:23:19'),(685,'Thokimba','thokimba','https://source.unsplash.com/Wj9ELwGXa6c',0,'12',NULL,NULL,NULL,1,'2022-04-19 10:23:19','2022-04-19 10:23:19'),(686,'Basantapur','basantapur','https://source.unsplash.com/Wj9ELwGXa6c',0,'13',NULL,NULL,NULL,1,'2022-04-19 10:23:19','2022-04-19 10:23:19'),(687,'Hamarjung','hamarjung','https://source.unsplash.com/xyE1p1rG04U',0,'13',NULL,NULL,NULL,1,'2022-04-19 10:23:19','2022-04-19 10:23:19'),(688,'Iwa','iwa','https://source.unsplash.com/u3aYUsaHT20',0,'13',NULL,NULL,NULL,1,'2022-04-19 10:23:19','2022-04-19 10:23:19'),(689,'Jirikhimti','jirikhimti','https://source.unsplash.com/KKm1ua7MSf0',0,'13',NULL,NULL,NULL,1,'2022-04-19 10:23:19','2022-04-19 10:23:19'),(690,'Morahang','morahang','https://source.unsplash.com/L4NA2qRqK0s',0,'13',NULL,NULL,NULL,1,'2022-04-19 10:23:19','2022-04-19 10:23:19'),(691,'Mulpani','mulpani','https://source.unsplash.com/6yBAQeeNROU',0,'13',NULL,NULL,NULL,1,'2022-04-19 10:23:19','2022-04-19 10:23:19'),(692,'Pokalawang','pokalawang','https://source.unsplash.com/L4NA2qRqK0s',0,'13',NULL,NULL,NULL,1,'2022-04-19 10:23:19','2022-04-19 10:23:19'),(693,'Sudap','sudap','https://source.unsplash.com/L4NA2qRqK0s',0,'13',NULL,NULL,NULL,1,'2022-04-19 10:23:19','2022-04-19 10:23:19'),(694,'Tinjure','tinjure','https://source.unsplash.com/u3aYUsaHT20',0,'13',NULL,NULL,NULL,1,'2022-04-19 10:23:19','2022-04-19 10:23:19'),(695,'Baraha','baraha','https://source.unsplash.com/L4NA2qRqK0s',0,'14',NULL,NULL,NULL,1,'2022-04-19 10:23:19','2022-04-19 10:23:19'),(696,'Beltar','beltar','https://source.unsplash.com/u3aYUsaHT20',0,'14',NULL,NULL,NULL,1,'2022-04-19 10:23:19','2022-04-19 10:23:19'),(697,'Bhutar','bhutar','https://source.unsplash.com/6yBAQeeNROU',0,'14',NULL,NULL,NULL,1,'2022-04-19 10:23:19','2022-04-19 10:23:19'),(698,'Hadiya','hadiya','https://source.unsplash.com/L4NA2qRqK0s',0,'14',NULL,NULL,NULL,1,'2022-04-19 10:23:19','2022-04-19 10:23:19'),(699,'Katari','katari','https://source.unsplash.com/Wj9ELwGXa6c',0,'14',NULL,NULL,NULL,1,'2022-04-19 10:23:19','2022-04-19 10:23:19'),(700,'Pokhari','pokhari','https://source.unsplash.com/6yBAQeeNROU',0,'14',NULL,NULL,NULL,1,'2022-04-19 10:23:19','2022-04-19 10:23:19'),(701,'Rampur Jhilke','rampur-jhilke','https://source.unsplash.com/u3aYUsaHT20',0,'14',NULL,NULL,NULL,1,'2022-04-19 10:23:19','2022-04-19 10:23:19'),(702,'Ratapani (Thoksila)','ratapani-thoksila','https://source.unsplash.com/2Q2dpVPY6XU',0,'14',NULL,NULL,NULL,1,'2022-04-19 10:23:19','2022-04-19 10:23:19'),(703,'Rauta Murkuchi','rauta-murkuchi','https://source.unsplash.com/6yBAQeeNROU',0,'14',NULL,NULL,NULL,1,'2022-04-19 10:23:19','2022-04-19 10:23:19'),(704,'Sorung Chhabise','sorung-chhabise','https://source.unsplash.com/2Q2dpVPY6XU',0,'14',NULL,NULL,NULL,1,'2022-04-19 10:23:19','2022-04-19 10:23:19'),(705,'Udayapur Gadhi','udayapur-gadhi','https://source.unsplash.com/KKm1ua7MSf0',0,'14',NULL,NULL,NULL,1,'2022-04-19 10:23:19','2022-04-19 10:23:19'),(706,'Byastada','byastada','https://source.unsplash.com/6yBAQeeNROU',0,'68',NULL,NULL,NULL,6,'2022-04-19 10:23:19','2022-04-19 10:23:19'),(707,'Dhungeshwor','dhungeshwor','https://source.unsplash.com/6yBAQeeNROU',0,'68',NULL,NULL,NULL,6,'2022-04-19 10:23:19','2022-04-19 10:23:19'),(708,'Dullu','dullu','https://source.unsplash.com/Wj9ELwGXa6c',0,'68',NULL,NULL,NULL,6,'2022-04-19 10:23:19','2022-04-19 10:23:19'),(709,'Gaidabaj','gaidabaj','https://source.unsplash.com/L4NA2qRqK0s',0,'68',NULL,NULL,NULL,6,'2022-04-19 10:23:19','2022-04-19 10:23:19'),(710,'Jambu Kandha','jambu-kandha','https://source.unsplash.com/KKm1ua7MSf0',0,'68',NULL,NULL,NULL,6,'2022-04-19 10:23:19','2022-04-19 10:23:19'),(711,'Malika','malika','https://source.unsplash.com/2Q2dpVPY6XU',0,'68',NULL,NULL,NULL,6,'2022-04-19 10:23:19','2022-04-19 10:23:19'),(712,'Naumule','naumule','https://source.unsplash.com/u3aYUsaHT20',0,'68',NULL,NULL,NULL,6,'2022-04-19 10:23:19','2022-04-19 10:23:19'),(713,'Rakam Karnali','rakam-karnali','https://source.unsplash.com/6yBAQeeNROU',0,'68',NULL,NULL,NULL,6,'2022-04-19 10:23:19','2022-04-19 10:23:19'),(714,'Foksundo','foksundo','https://source.unsplash.com/u3aYUsaHT20',0,'62',NULL,NULL,NULL,6,'2022-04-19 10:23:19','2022-04-19 10:23:19'),(715,'Juphal','juphal','https://source.unsplash.com/u3aYUsaHT20',0,'62',NULL,NULL,NULL,6,'2022-04-19 10:23:19','2022-04-19 10:23:19'),(716,'Kaigaun','kaigaun','https://source.unsplash.com/6yBAQeeNROU',0,'62',NULL,NULL,NULL,6,'2022-04-19 10:23:19','2022-04-19 10:23:19'),(717,'Liku','liku','https://source.unsplash.com/KKm1ua7MSf0',0,'62',NULL,NULL,NULL,6,'2022-04-19 10:23:19','2022-04-19 10:23:19'),(718,'Namdo','namdo','https://source.unsplash.com/xyE1p1rG04U',0,'62',NULL,NULL,NULL,6,'2022-04-19 10:23:19','2022-04-19 10:23:19'),(719,'Sarmi','sarmi','https://source.unsplash.com/2Q2dpVPY6XU',0,'62',NULL,NULL,NULL,6,'2022-04-19 10:23:19','2022-04-19 10:23:19'),(720,'Tripurakot','tripurakot','https://source.unsplash.com/Wj9ELwGXa6c',0,'62',NULL,NULL,NULL,6,'2022-04-19 10:23:19','2022-04-19 10:23:19'),(721,'Darma','darma','https://source.unsplash.com/Wj9ELwGXa6c',0,'63',NULL,NULL,NULL,6,'2022-04-19 10:23:19','2022-04-19 10:23:19'),(722,'Lali','lali','https://source.unsplash.com/2Q2dpVPY6XU',0,'63',NULL,NULL,NULL,6,'2022-04-19 10:23:19','2022-04-19 10:23:19'),(723,'Muchu','muchu','https://source.unsplash.com/2Q2dpVPY6XU',0,'63',NULL,NULL,NULL,6,'2022-04-19 10:23:19','2022-04-19 10:23:19'),(724,'Sarkegadh','sarkegadh','https://source.unsplash.com/u3aYUsaHT20',0,'63',NULL,NULL,NULL,6,'2022-04-19 10:23:19','2022-04-19 10:23:19'),(725,'Srinagar','srinagar','https://source.unsplash.com/L4NA2qRqK0s',0,'63',NULL,NULL,NULL,6,'2022-04-19 10:23:19','2022-04-19 10:23:19'),(726,'Dalli','dalli','https://source.unsplash.com/xyE1p1rG04U',0,'69',NULL,NULL,NULL,6,'2022-04-19 10:23:19','2022-04-19 10:23:19'),(727,'Dashera','dashera','https://source.unsplash.com/Wj9ELwGXa6c',0,'69',NULL,NULL,NULL,6,'2022-04-19 10:23:19','2022-04-19 10:23:19'),(728,'Dhime','dhime','https://source.unsplash.com/6yBAQeeNROU',0,'69',NULL,NULL,NULL,6,'2022-04-19 10:23:19','2022-04-19 10:23:19'),(729,'Garkhakot','garkhakot','https://source.unsplash.com/KKm1ua7MSf0',0,'69',NULL,NULL,NULL,6,'2022-04-19 10:23:19','2022-04-19 10:23:19'),(730,'Karkigaun','karkigaun','https://source.unsplash.com/u3aYUsaHT20',0,'69',NULL,NULL,NULL,6,'2022-04-19 10:23:19','2022-04-19 10:23:19'),(731,'Ragda','ragda','https://source.unsplash.com/KKm1ua7MSf0',0,'69',NULL,NULL,NULL,6,'2022-04-19 10:23:19','2022-04-19 10:23:19'),(732,'Rokaya gaun (Limsa)','rokaya-gaun-limsa','https://source.unsplash.com/2Q2dpVPY6XU',0,'69',NULL,NULL,NULL,6,'2022-04-19 10:23:19','2022-04-19 10:23:19'),(733,'Thalaraikar','thalaraikar','https://source.unsplash.com/xyE1p1rG04U',0,'69',NULL,NULL,NULL,6,'2022-04-19 10:23:19','2022-04-19 10:23:19'),(734,'Chautha','chautha','https://source.unsplash.com/6yBAQeeNROU',0,'64',NULL,NULL,NULL,6,'2022-04-19 10:23:19','2022-04-19 10:23:19'),(735,'Dillichaur','dillichaur','https://source.unsplash.com/u3aYUsaHT20',0,'64',NULL,NULL,NULL,6,'2022-04-19 10:23:19','2022-04-19 10:23:19'),(736,'Hatsinja','hatsinja','https://source.unsplash.com/KKm1ua7MSf0',0,'64',NULL,NULL,NULL,6,'2022-04-19 10:23:19','2022-04-19 10:23:19'),(737,'Kalikakhetu','kalikakhetu','https://source.unsplash.com/xyE1p1rG04U',0,'64',NULL,NULL,NULL,6,'2022-04-19 10:23:19','2022-04-19 10:23:19'),(738,'Malikathata','malikathata','https://source.unsplash.com/2Q2dpVPY6XU',0,'64',NULL,NULL,NULL,6,'2022-04-19 10:23:19','2022-04-19 10:23:19'),(739,'Narakot','narakot','https://source.unsplash.com/xyE1p1rG04U',0,'64',NULL,NULL,NULL,6,'2022-04-19 10:23:19','2022-04-19 10:23:19'),(740,'Tatopani','tatopani','https://source.unsplash.com/KKm1ua7MSf0',0,'64',NULL,NULL,NULL,6,'2022-04-19 10:23:19','2022-04-19 10:23:19'),(741,'Jubitha','jubitha','https://source.unsplash.com/L4NA2qRqK0s',0,'65',NULL,NULL,NULL,6,'2022-04-19 10:23:19','2022-04-19 10:23:19'),(742,'Kalikot','kalikot','https://source.unsplash.com/L4NA2qRqK0s',0,'65',NULL,NULL,NULL,6,'2022-04-19 10:23:19','2022-04-19 10:23:19'),(743,'Kotbada','kotbada','https://source.unsplash.com/KKm1ua7MSf0',0,'65',NULL,NULL,NULL,6,'2022-04-19 10:23:19','2022-04-19 10:23:19'),(744,'Mehalmudi','mehalmudi','https://source.unsplash.com/2Q2dpVPY6XU',0,'65',NULL,NULL,NULL,6,'2022-04-19 10:23:19','2022-04-19 10:23:19'),(745,'Padamghat','padamghat','https://source.unsplash.com/2Q2dpVPY6XU',0,'65',NULL,NULL,NULL,6,'2022-04-19 10:23:19','2022-04-19 10:23:19'),(746,'Sanniraskot','sanniraskot','https://source.unsplash.com/Wj9ELwGXa6c',0,'65',NULL,NULL,NULL,6,'2022-04-19 10:23:19','2022-04-19 10:23:19'),(747,'Thirpu','thirpu','https://source.unsplash.com/2Q2dpVPY6XU',0,'65',NULL,NULL,NULL,6,'2022-04-19 10:23:19','2022-04-19 10:23:19'),(748,'Dhainkot','dhainkot','https://source.unsplash.com/2Q2dpVPY6XU',0,'66',NULL,NULL,NULL,6,'2022-04-19 10:23:19','2022-04-19 10:23:19'),(749,'Gumtha','gumtha','https://source.unsplash.com/2Q2dpVPY6XU',0,'66',NULL,NULL,NULL,6,'2022-04-19 10:23:19','2022-04-19 10:23:19'),(750,'Pulu','pulu','https://source.unsplash.com/Wj9ELwGXa6c',0,'66',NULL,NULL,NULL,6,'2022-04-19 10:23:19','2022-04-19 10:23:19'),(751,'Rara','rara','https://source.unsplash.com/6yBAQeeNROU',0,'66',NULL,NULL,NULL,6,'2022-04-19 10:23:19','2022-04-19 10:23:19'),(752,'Rowa','rowa','https://source.unsplash.com/L4NA2qRqK0s',0,'66',NULL,NULL,NULL,6,'2022-04-19 10:23:19','2022-04-19 10:23:19'),(753,'Sorubarma','sorubarma','https://source.unsplash.com/2Q2dpVPY6XU',0,'66',NULL,NULL,NULL,6,'2022-04-19 10:23:19','2022-04-19 10:23:19'),(754,'Sukhadhik','sukhadhik','https://source.unsplash.com/u3aYUsaHT20',0,'66',NULL,NULL,NULL,6,'2022-04-19 10:23:19','2022-04-19 10:23:19'),(755,'Bhalchaur','bhalchaur','https://source.unsplash.com/Wj9ELwGXa6c',0,'61',NULL,NULL,NULL,6,'2022-04-19 10:23:19','2022-04-19 10:23:19'),(756,'Dhanbang','dhanbang','https://source.unsplash.com/Wj9ELwGXa6c',0,'61',NULL,NULL,NULL,6,'2022-04-19 10:23:19','2022-04-19 10:23:19'),(757,'Kalimati Kalche','kalimati-kalche','https://source.unsplash.com/KKm1ua7MSf0',0,'61',NULL,NULL,NULL,6,'2022-04-19 10:23:19','2022-04-19 10:23:19'),(758,'Luham','luham','https://source.unsplash.com/KKm1ua7MSf0',0,'61',NULL,NULL,NULL,6,'2022-04-19 10:23:19','2022-04-19 10:23:19'),(759,'Mahaneta','mahaneta','https://source.unsplash.com/xyE1p1rG04U',0,'61',NULL,NULL,NULL,6,'2022-04-19 10:23:19','2022-04-19 10:23:19'),(760,'Maidu','maidu','https://source.unsplash.com/Wj9ELwGXa6c',0,'61',NULL,NULL,NULL,6,'2022-04-19 10:23:19','2022-04-19 10:23:19'),(761,'Malneta','malneta','https://source.unsplash.com/2Q2dpVPY6XU',0,'61',NULL,NULL,NULL,6,'2022-04-19 10:23:19','2022-04-19 10:23:19'),(762,'Ragechour','ragechour','https://source.unsplash.com/u3aYUsaHT20',0,'61',NULL,NULL,NULL,6,'2022-04-19 10:23:19','2022-04-19 10:23:19'),(763,'Tharmare','tharmare','https://source.unsplash.com/xyE1p1rG04U',0,'61',NULL,NULL,NULL,6,'2022-04-19 10:23:19','2022-04-19 10:23:19'),(764,'Babiyachaur','babiyachaur','https://source.unsplash.com/u3aYUsaHT20',0,'67',NULL,NULL,NULL,6,'2022-04-19 10:23:19','2022-04-19 10:23:19'),(765,'Bheriganga','bheriganga','https://source.unsplash.com/L4NA2qRqK0s',0,'67',NULL,NULL,NULL,6,'2022-04-19 10:23:19','2022-04-19 10:23:19'),(766,'Chhinchu','chhinchu','https://source.unsplash.com/L4NA2qRqK0s',0,'67',NULL,NULL,NULL,6,'2022-04-19 10:23:19','2022-04-19 10:23:19'),(767,'Garpan','garpan','https://source.unsplash.com/2Q2dpVPY6XU',0,'67',NULL,NULL,NULL,6,'2022-04-19 10:23:19','2022-04-19 10:23:19'),(768,'Gumi','gumi','https://source.unsplash.com/L4NA2qRqK0s',0,'67',NULL,NULL,NULL,6,'2022-04-19 10:23:19','2022-04-19 10:23:19'),(769,'Gutu','gutu','https://source.unsplash.com/xyE1p1rG04U',0,'67',NULL,NULL,NULL,6,'2022-04-19 10:23:19','2022-04-19 10:23:19'),(770,'Kunathari','kunathari','https://source.unsplash.com/u3aYUsaHT20',0,'67',NULL,NULL,NULL,6,'2022-04-19 10:23:19','2022-04-19 10:23:19'),(771,'Matela','matela','https://source.unsplash.com/xyE1p1rG04U',0,'67',NULL,NULL,NULL,6,'2022-04-19 10:23:19','2022-04-19 10:23:19'),(772,'Ramghat','ramghat','https://source.unsplash.com/6yBAQeeNROU',0,'67',NULL,NULL,NULL,6,'2022-04-19 10:23:19','2022-04-19 10:23:19'),(773,'Sahare','sahare','https://source.unsplash.com/6yBAQeeNROU',0,'67',NULL,NULL,NULL,6,'2022-04-19 10:23:19','2022-04-19 10:23:19'),(774,'New Road','new-road',NULL,0,'28','New Road',NULL,'New Road',3,'2022-05-04 05:22:06','2022-05-04 05:22:06');
/*!40000 ALTER TABLE `cities` ENABLE KEYS */;
UNLOCK TABLES;

--
-- Table structure for table `conversation_lists`
--

DROP TABLE IF EXISTS `conversation_lists`;
/*!40101 SET @saved_cs_client     = @@character_set_client */;
/*!40101 SET character_set_client = utf8 */;
CREATE TABLE `conversation_lists` (
  `id` bigint(20) unsigned NOT NULL AUTO_INCREMENT,
  `fullname` varchar(191) COLLATE utf8mb4_unicode_ci DEFAULT NULL,
  `email` varchar(191) COLLATE utf8mb4_unicode_ci DEFAULT NULL,
  `phone` varchar(191) COLLATE utf8mb4_unicode_ci DEFAULT NULL,
  `conversation_id` varchar(191) COLLATE utf8mb4_unicode_ci DEFAULT NULL,
  `created_at` timestamp NULL DEFAULT NULL,
  `updated_at` timestamp NULL DEFAULT NULL,
  PRIMARY KEY (`id`)
) ENGINE=InnoDB AUTO_INCREMENT=100000 DEFAULT CHARSET=utf8mb4 COLLATE=utf8mb4_unicode_ci;
/*!40101 SET character_set_client = @saved_cs_client */;

--
-- Dumping data for table `conversation_lists`
--

LOCK TABLES `conversation_lists` WRITE;
/*!40000 ALTER TABLE `conversation_lists` DISABLE KEYS */;
/*!40000 ALTER TABLE `conversation_lists` ENABLE KEYS */;
UNLOCK TABLES;

--
-- Table structure for table `customers`
--

DROP TABLE IF EXISTS `customers`;
/*!40101 SET @saved_cs_client     = @@character_set_client */;
/*!40101 SET character_set_client = utf8 */;
CREATE TABLE `customers` (
  `id` bigint(20) unsigned NOT NULL AUTO_INCREMENT,
  `name` varchar(191) COLLATE utf8mb4_unicode_ci NOT NULL,
  `profile` varchar(191) COLLATE utf8mb4_unicode_ci DEFAULT NULL,
  `email` varchar(191) COLLATE utf8mb4_unicode_ci NOT NULL,
  `password` varchar(191) COLLATE utf8mb4_unicode_ci NOT NULL,
  `mobile` varchar(191) COLLATE utf8mb4_unicode_ci DEFAULT NULL,
  `dob` varchar(191) COLLATE utf8mb4_unicode_ci DEFAULT NULL,
  `full_address` date DEFAULT NULL,
  `access_token` text COLLATE utf8mb4_unicode_ci DEFAULT NULL,
  `is_blocked` tinyint(1) NOT NULL DEFAULT 0,
  `is_active` tinyint(1) NOT NULL DEFAULT 1,
  `social_id` varchar(191) COLLATE utf8mb4_unicode_ci DEFAULT NULL,
  `social_from` enum('facebook','google','normal') COLLATE utf8mb4_unicode_ci NOT NULL DEFAULT 'normal',
  `email_verified_at` timestamp NULL DEFAULT NULL,
  `otp` varchar(6) COLLATE utf8mb4_unicode_ci DEFAULT NULL,
  `remember_token` varchar(100) COLLATE utf8mb4_unicode_ci DEFAULT NULL,
  `created_at` timestamp NULL DEFAULT NULL,
  `updated_at` timestamp NULL DEFAULT NULL,
  `deleted_at` timestamp NULL DEFAULT NULL,
  PRIMARY KEY (`id`),
  UNIQUE KEY `customers_email_unique` (`email`)
) ENGINE=InnoDB DEFAULT CHARSET=utf8mb4 COLLATE=utf8mb4_unicode_ci;
/*!40101 SET character_set_client = @saved_cs_client */;

--
-- Dumping data for table `customers`
--

LOCK TABLES `customers` WRITE;
/*!40000 ALTER TABLE `customers` DISABLE KEYS */;
/*!40000 ALTER TABLE `customers` ENABLE KEYS */;
UNLOCK TABLES;

--
-- Table structure for table `device_credentials`
--

DROP TABLE IF EXISTS `device_credentials`;
/*!40101 SET @saved_cs_client     = @@character_set_client */;
/*!40101 SET character_set_client = utf8 */;
CREATE TABLE `device_credentials` (
  `id` bigint(20) unsigned NOT NULL AUTO_INCREMENT,
  `ip_address` varchar(191) COLLATE utf8mb4_unicode_ci NOT NULL,
  `agent` varchar(191) COLLATE utf8mb4_unicode_ci NOT NULL COMMENT 'browser that users logged in with',
  `country` varchar(191) COLLATE utf8mb4_unicode_ci DEFAULT NULL,
  `countryCode` varchar(191) COLLATE utf8mb4_unicode_ci DEFAULT NULL,
  `region` varchar(191) COLLATE utf8mb4_unicode_ci DEFAULT NULL,
  `regionName` varchar(191) COLLATE utf8mb4_unicode_ci DEFAULT NULL,
  `city` varchar(191) COLLATE utf8mb4_unicode_ci DEFAULT NULL,
  `zip` varchar(191) COLLATE utf8mb4_unicode_ci DEFAULT NULL,
  `latitude` varchar(191) COLLATE utf8mb4_unicode_ci DEFAULT NULL,
  `longitude` varchar(191) COLLATE utf8mb4_unicode_ci DEFAULT NULL,
  `timezone` varchar(191) COLLATE utf8mb4_unicode_ci DEFAULT NULL,
  `isp` varchar(191) COLLATE utf8mb4_unicode_ci DEFAULT NULL,
  `org` varchar(191) COLLATE utf8mb4_unicode_ci DEFAULT NULL,
  `as` varchar(191) COLLATE utf8mb4_unicode_ci DEFAULT NULL,
  `location` varchar(191) COLLATE utf8mb4_unicode_ci NOT NULL,
  `userId` bigint(20) unsigned DEFAULT NULL,
  `created_at` timestamp NULL DEFAULT NULL,
  `updated_at` timestamp NULL DEFAULT NULL,
  PRIMARY KEY (`id`),
  KEY `device_credentials_userid_foreign` (`userId`),
  CONSTRAINT `device_credentials_userid_foreign` FOREIGN KEY (`userId`) REFERENCES `users` (`id`) ON DELETE CASCADE ON UPDATE CASCADE
) ENGINE=InnoDB DEFAULT CHARSET=utf8mb4 COLLATE=utf8mb4_unicode_ci;
/*!40101 SET character_set_client = @saved_cs_client */;

--
-- Dumping data for table `device_credentials`
--

LOCK TABLES `device_credentials` WRITE;
/*!40000 ALTER TABLE `device_credentials` DISABLE KEYS */;
/*!40000 ALTER TABLE `device_credentials` ENABLE KEYS */;
UNLOCK TABLES;

--
-- Table structure for table `districts`
--

DROP TABLE IF EXISTS `districts`;
/*!40101 SET @saved_cs_client     = @@character_set_client */;
/*!40101 SET character_set_client = utf8 */;
CREATE TABLE `districts` (
  `id` bigint(20) unsigned NOT NULL AUTO_INCREMENT,
  `np_name` varchar(30) COLLATE utf8mb4_unicode_ci DEFAULT NULL,
  `en_name` varchar(30) COLLATE utf8mb4_unicode_ci DEFAULT NULL,
  `en_slug` varchar(30) COLLATE utf8mb4_unicode_ci DEFAULT NULL,
  `np_slug` varchar(30) COLLATE utf8mb4_unicode_ci DEFAULT NULL,
  `province` bigint(20) unsigned DEFAULT NULL,
  `created_at` timestamp NULL DEFAULT NULL,
  `updated_at` timestamp NULL DEFAULT NULL,
  PRIMARY KEY (`id`),
  KEY `districts_province_foreign` (`province`),
  CONSTRAINT `districts_province_foreign` FOREIGN KEY (`province`) REFERENCES `provinces` (`id`) ON DELETE SET NULL ON UPDATE CASCADE
) ENGINE=InnoDB AUTO_INCREMENT=79 DEFAULT CHARSET=utf8mb4 COLLATE=utf8mb4_unicode_ci;
/*!40101 SET character_set_client = @saved_cs_client */;

--
-- Dumping data for table `districts`
--

LOCK TABLES `districts` WRITE;
/*!40000 ALTER TABLE `districts` DISABLE KEYS */;
INSERT INTO `districts` VALUES (1,'भोजपुर','Bhojpur','bhojpur','भोजपुर',1,NULL,NULL),(2,'धनकुटा','Dhankuta','dhankuta','धनकुटा',1,NULL,NULL),(3,'इलाम','Ilam','ilam','इलाम',1,NULL,NULL),(4,'झापा','Jhapa','jhapa','झापा',1,NULL,NULL),(5,'खोटाँग','Khotang','khotang','खोटाँग',1,NULL,NULL),(6,'मोरंग','Morang','morang','मोरंग',1,NULL,NULL),(7,'ओखलढुंगा','Okhaldhunga','okhaldhunga','ओखलढुंगा',1,NULL,NULL),(8,'पांचथर','Panchthar','panchthar','पांचथर',1,NULL,NULL),(9,'संखुवासभा','Sankhuwasabha','sankhuwasabha','संखुवासभा',1,NULL,NULL),(10,'सोलुखुम्बू','Solukhumbu','solukhumbu','सोलुखुम्बू',1,NULL,NULL),(11,'सुनसरी','Sunsari','sunsari','सुनसरी',1,NULL,NULL),(12,'ताप्लेजुंग','Taplejung','taplejung','ताप्लेजुंग',1,NULL,NULL),(13,'तेह्रथुम','Terhathum','terhathum','तेह्रथुम',1,NULL,NULL),(14,'उदयपुर','Udayapur','udayapur','उदयपुर',1,NULL,NULL),(15,'सप्तरी','Saptari','saptari','सप्तरी',2,NULL,NULL),(16,'सिराहा','Siraha','siraha','सिराहा',2,NULL,NULL),(17,'धनुषा','Dhanusha','dhanusha','धनुषा',2,NULL,NULL),(18,'महोत्तरी','Mahottari','mahottari','महोत्तरी',2,NULL,NULL),(19,'सर्लाही','Sarlahi','sarlahi','सर्लाही',2,NULL,NULL),(20,'बारा','Bara','bara','बारा',2,NULL,NULL),(21,'पर्सा','Parsa','parsa','पर्सा',2,NULL,NULL),(22,'रौतहट','Rautahat','rautahat','रौतहट',2,NULL,NULL),(23,'सिन्धुली','Sindhuli','sindhuli','सिन्धुली',3,NULL,NULL),(24,'रामेछाप','Ramechhap','ramechhap','रामेछाप',3,NULL,NULL),(25,'दोलखा','Dolakha','dolakha','दोलखा',3,NULL,NULL),(26,'भक्तपुर','Bhaktapur','bhaktapur','भक्तपुर',3,NULL,NULL),(27,'धादिङ','Dhading','dhading','धादिङ',3,NULL,NULL),(28,'काठमाडौँ','Kathmandu','kathmandu','काठमाडौँ',3,NULL,NULL),(29,'काभ्रेपलान्चोक','Kavrepalanchok','kavrepalanchok','काभ्रेपलान्चोक',3,NULL,NULL),(30,'ललितपुर','Lalitpur','lalitpur','ललितपुर',3,NULL,NULL),(31,'नुवाकोट','Nuwakot','nuwakot','नुवाकोट',3,NULL,NULL),(32,'रसुवा','Rasuwa','rasuwa','रसुवा',3,NULL,NULL),(33,'सिन्धुपाल्चोक','Sindhupalchok','Sindhupalchok','सिन्धुपाल्चोक',3,NULL,NULL),(34,'चितवन','Chitwan','chitwan','चितवन',3,NULL,NULL),(35,'मकवानपुर','Makwanpur','makwanpur','मकवानपुर',3,NULL,NULL),(36,'बागलुङ','Baglung','baglung','बागलुङ',4,NULL,NULL),(37,'गोरखा','Gorkha','gorkha','गोरखा',4,NULL,NULL),(38,'कास्की','Kaski','kaski','कास्की',4,NULL,NULL),(39,'लमजुङ','Lamjung','lamjung','लमजुङ',4,NULL,NULL),(40,'मनाङ','Manang','manang','मनाङ',4,NULL,NULL),(41,'मुस्ताङ','Mustang','mustang','मुस्ताङ',4,NULL,NULL),(42,'म्याग्दी','Myagdi','myagdi','म्याग्दी',4,NULL,NULL),(43,'नवलपुर','Nawalpur','nawalpur','नवलपुर',4,NULL,NULL),(45,'पर्वत','Parbat','parbat','पर्वत',4,NULL,NULL),(46,'स्याङग्जा','Syangja','syangja','स्याङग्जा',4,NULL,NULL),(47,'तनहुँ','Tanahun','tanahun','तनहुँ',4,NULL,NULL),(48,'कपिलवस्तु','Kapilvastu','kapilvastu','कपिलवस्तु',5,NULL,NULL),(49,'परासी','Parasi','parasi','परासी',5,NULL,NULL),(50,'रुपन्देही','Rupandehi','rupandehi','रुपन्देही',5,NULL,NULL),(51,'अर्घाखाँची','Arghakhanchi','arghakhanchi','अर्घाखाँची',5,NULL,NULL),(52,'गुल्मी','Gulmi','gulmi','गुल्मी',5,NULL,NULL),(53,'पाल्पा','Palpa','palpa','पाल्पा',5,NULL,NULL),(54,'दाङ','Dang','dang','दाङ',5,NULL,NULL),(55,'प्युठान','Pyuthan','pyuthan','प्युठान',5,NULL,NULL),(56,'रोल्पा','Rolpa','rolpa','रोल्पा',5,NULL,NULL),(57,'पूर्वी रूकुम','Eastern Rukum','eastern-rukum','पूर्वी-रूकुम',5,NULL,NULL),(58,'बाँके','Banke','banke','बाँके',5,NULL,NULL),(59,'बर्दिया','Bardiya','bardiya','बर्दिया',5,NULL,NULL),(60,'पश्चिमी रूकुम','Western Rukum','western-rukum','पश्चिमी-रूकुम',6,NULL,NULL),(61,'सल्यान','Salyan','salyan','सल्यान',6,NULL,NULL),(62,'डोल्पा','Dolpa','dolpa','डोल्पा',6,NULL,NULL),(63,'हुम्ला','Humla','humla','हुम्ला',6,NULL,NULL),(64,'जुम्ला','Jumla','jumla','जुम्ला',6,NULL,NULL),(65,'कालिकोट','Kalikot','kalikot','कालिकोट',6,NULL,NULL),(66,'मुगु','Mugu','mugu','मुगु',6,NULL,NULL),(67,'सुर्खेत','Surkhet','surkhet','सुर्खेत',6,NULL,NULL),(68,'दैलेख','Dailekh','dailekh','दैलेख',6,NULL,NULL),(69,'जाजरकोट','Jajarkot','jajarkot','जाजरकोट',6,NULL,NULL),(70,'कैलाली','Kailali','kailali','कैलाली',7,NULL,NULL),(71,'अछाम','Achham','achham','अछाम',7,NULL,NULL),(72,'डोटी','Doti','doti','डोटी',7,NULL,NULL),(73,'बझाङ','Bajhang','bajhang','बझाङ',7,NULL,NULL),(74,'बाजुरा','Bajura','bajura','बाजुरा',7,NULL,NULL),(75,'कंचनपुर','Kanchanpur','kanchanpur','कंचनपुर',7,NULL,NULL),(76,'डडेलधुरा','Dadeldhura','dadeldhura','डडेलधुरा',7,NULL,NULL),(77,'बैतडी','Baitadi','baitadi','बैतडी',7,NULL,NULL),(78,'दार्चुला','Darchula','darchula','दार्चुला',7,NULL,NULL);
/*!40000 ALTER TABLE `districts` ENABLE KEYS */;
UNLOCK TABLES;

--
-- Table structure for table `enquiries`
--

DROP TABLE IF EXISTS `enquiries`;
/*!40101 SET @saved_cs_client     = @@character_set_client */;
/*!40101 SET character_set_client = utf8 */;
CREATE TABLE `enquiries` (
  `id` bigint(20) unsigned NOT NULL AUTO_INCREMENT,
  `name` varchar(191) COLLATE utf8mb4_unicode_ci NOT NULL,
  `email` varchar(191) COLLATE utf8mb4_unicode_ci NOT NULL,
  `contact_info` varchar(191) COLLATE utf8mb4_unicode_ci DEFAULT NULL,
  `subject` varchar(191) COLLATE utf8mb4_unicode_ci DEFAULT NULL,
  `message` text COLLATE utf8mb4_unicode_ci DEFAULT NULL,
  `property_id` bigint(20) unsigned DEFAULT NULL,
  `created_at` timestamp NULL DEFAULT NULL,
  `updated_at` timestamp NULL DEFAULT NULL,
  PRIMARY KEY (`id`)
) ENGINE=InnoDB AUTO_INCREMENT=55 DEFAULT CHARSET=utf8mb4 COLLATE=utf8mb4_unicode_ci;
/*!40101 SET character_set_client = @saved_cs_client */;

--
-- Dumping data for table `enquiries`
--

LOCK TABLES `enquiries` WRITE;
/*!40000 ALTER TABLE `enquiries` DISABLE KEYS */;
INSERT INTO `enquiries` VALUES (1,'ram','mohan.khadka@nectardigit.com','9813242341035','hgjgbjkbh','bhfgvjjkbkjb dghkgb gkn jk',NULL,'2022-04-28 05:31:51','2022-04-28 05:31:51'),(2,'ram','ram@gmail.com','9821212152',NULL,NULL,2,'2022-05-04 06:30:57','2022-05-04 06:30:57'),(3,'ram','ram@gmail.com','9821212152',NULL,NULL,2,'2022-05-04 06:31:00','2022-05-04 06:31:00'),(4,'ram','ram@gmail.com','9821212152',NULL,NULL,2,'2022-05-04 06:31:01','2022-05-04 06:31:01'),(5,'ram','ram@gmail.com','9821212152',NULL,NULL,2,'2022-05-04 06:31:03','2022-05-04 06:31:03'),(6,'ram','ram@gmail.com','9821212152',NULL,NULL,2,'2022-05-04 06:31:10','2022-05-04 06:31:10'),(7,'ram','ram@gmail.com','9821212152',NULL,NULL,2,'2022-05-04 06:31:10','2022-05-04 06:31:10'),(8,'ram','ram@gmail.com','9821212152',NULL,NULL,2,'2022-05-04 06:31:11','2022-05-04 06:31:11'),(9,'ram','ram@gmail.com','9821212152',NULL,NULL,2,'2022-05-04 06:31:14','2022-05-04 06:31:14'),(10,'ram','ram@gmail.com','9821212152',NULL,NULL,2,'2022-05-04 06:31:19','2022-05-04 06:31:19'),(11,'ram','ram@gmail.com','9821212152',NULL,NULL,2,'2022-05-04 06:31:34','2022-05-04 06:31:34'),(12,'ram','ram@gmail.com','9821212152',NULL,NULL,2,'2022-05-04 06:32:26','2022-05-04 06:32:26'),(13,'ram','ram@gmail.com','9821212152',NULL,NULL,2,'2022-05-04 06:32:27','2022-05-04 06:32:27'),(14,'ram','ram@gmail.com','9821212152',NULL,NULL,2,'2022-05-04 06:32:36','2022-05-04 06:32:36'),(15,'ram','mohan.khadka@nectardigit.com','9821212152',NULL,NULL,2,'2022-05-04 06:32:55','2022-05-04 06:32:55'),(16,'ram','mohan.khadka@nectardigit.com','9821212152',NULL,NULL,2,'2022-05-04 06:32:56','2022-05-04 06:32:56'),(17,'ram','mohan.khadka@nectardigit.com','9821212152',NULL,NULL,2,'2022-05-04 06:32:57','2022-05-04 06:32:57'),(18,'Mohan Khadka','mohan.khadka@nectardigit.com','9821212152',NULL,NULL,2,'2022-05-04 06:33:06','2022-05-04 06:33:06'),(19,'Mohan Khadka','mohan.khadka@nectardigit.com','9821212152',NULL,NULL,2,'2022-05-04 06:33:06','2022-05-04 06:33:06'),(20,'Mohan Khadka','mohan.khadka@nectardigit.com','9821212152',NULL,NULL,2,'2022-05-04 06:33:06','2022-05-04 06:33:06'),(21,'Mohan Khadka','mohan.khadka@nectardigit.com','9821212152',NULL,NULL,2,'2022-05-04 06:33:06','2022-05-04 06:33:06'),(22,'Mohan Khadka','mohan.khadka@nectardigit.com','9821212152',NULL,NULL,2,'2022-05-04 06:33:36','2022-05-04 06:33:36'),(23,'Mohan Khadka','mohan.khadka@nectardigit.com','9821212152',NULL,NULL,2,'2022-05-04 06:33:37','2022-05-04 06:33:37'),(24,'Mohan Khadka','mohan.khadka@nectardigit.com','9821212152',NULL,NULL,2,'2022-05-04 06:33:37','2022-05-04 06:33:37'),(25,'Mohan Khadka','mohan.khadka@nectardigit.com','9821212152',NULL,NULL,2,'2022-05-04 06:33:38','2022-05-04 06:33:38'),(26,'Mohan Khadka','mohan.khadka@nectardigit.com','9821212152',NULL,NULL,2,'2022-05-04 06:33:38','2022-05-04 06:33:38'),(27,'Mohan Khadka','mohan.khadka@nectardigit.com','9821212152',NULL,NULL,2,'2022-05-04 06:33:40','2022-05-04 06:33:40'),(28,'Mohan Khadka','mohan.khadka@nectardigit.com','9821212152',NULL,NULL,2,'2022-05-04 06:33:55','2022-05-04 06:33:55'),(29,'Mohan Khadka','mohan.khadka@nectardigit.com','9821212152',NULL,NULL,2,'2022-05-04 06:33:56','2022-05-04 06:33:56'),(30,'Mohan Khadka','mohan.khadka@nectardigit.com','9821212152',NULL,NULL,2,'2022-05-04 06:33:56','2022-05-04 06:33:56'),(31,'Mohan Khadka','mohan.khadka@nectardigit.com','9821212152',NULL,NULL,2,'2022-05-04 06:33:56','2022-05-04 06:33:56'),(32,'Mohan Khadka','mohan.khadka@nectardigit.com','9821212152',NULL,NULL,2,'2022-05-04 06:33:56','2022-05-04 06:33:56'),(33,'Mohan Khadka','mohan.khadka@nectardigit.com','9821212152',NULL,NULL,2,'2022-05-04 06:34:03','2022-05-04 06:34:03'),(34,'Mohan Khadka','mohan.khadka@nectardigit.com','9821212152',NULL,NULL,2,'2022-05-04 06:36:57','2022-05-04 06:36:57'),(35,'test','lekhabidhi@gmail.com','9803357102',NULL,NULL,2,'2022-05-04 07:11:35','2022-05-04 07:11:35'),(36,'test','lekhabidhi@gmail.com','9803357102',NULL,NULL,2,'2022-05-04 07:11:52','2022-05-04 07:11:52'),(37,'test','lekhabidhi@gmail.com','9810299206',NULL,NULL,2,'2022-05-04 07:26:55','2022-05-04 07:26:55'),(38,'test','lekhabidhi@gmail.com','9810299206',NULL,NULL,2,'2022-05-04 07:27:04','2022-05-04 07:27:04'),(39,'test','lekhabidhi@gmail.com','9810299206',NULL,NULL,2,'2022-05-04 07:27:55','2022-05-04 07:27:55'),(40,'ram','ram@gmail.com','9821212152',NULL,NULL,3,'2022-05-04 07:30:21','2022-05-04 07:30:21'),(41,'ram','ram@gmail.com','9821212152',NULL,NULL,3,'2022-05-04 07:30:23','2022-05-04 07:30:23'),(42,'ram','ram@gmail.com','9821212152',NULL,NULL,3,'2022-05-04 07:30:23','2022-05-04 07:30:23'),(43,'ram','ram@gmail.com','9821212152',NULL,NULL,3,'2022-05-04 07:30:23','2022-05-04 07:30:23'),(44,'ram','ram@gmail.com','9821212152',NULL,NULL,3,'2022-05-04 07:30:24','2022-05-04 07:30:24'),(45,'ram','ram@gmail.com','9821212152',NULL,NULL,3,'2022-05-04 07:30:24','2022-05-04 07:30:24'),(46,'ram','ram@gmail.com','9821212152',NULL,NULL,3,'2022-05-04 07:30:40','2022-05-04 07:30:40'),(47,'ram','ram@gmail.com','9821212152',NULL,NULL,3,'2022-05-04 07:31:37','2022-05-04 07:31:37'),(48,'Amrit','amritsparsha1@gmail.com','9864478901',NULL,NULL,3,'2022-05-18 07:45:35','2022-05-18 07:45:35'),(49,'Amrit','amritsparsha1@gmail.com','9864478901',NULL,NULL,3,'2022-05-18 07:45:37','2022-05-18 07:45:37'),(50,'dhurba dhakal','dhurba179@gmail.com','9803270065',NULL,NULL,3,'2022-05-18 09:56:05','2022-05-18 09:56:05'),(51,'dhurba dhakal','nectardigit@admin.com','9803270065',NULL,NULL,3,'2022-05-18 09:59:03','2022-05-18 09:59:03'),(52,'dhurba dhakal','nectardigit@admin.com','9803270065',NULL,NULL,3,'2022-05-18 10:01:25','2022-05-18 10:01:25'),(53,'dhurba dhakal','nectardigit@admin.com','9803270065',NULL,NULL,3,'2022-05-18 10:48:24','2022-05-18 10:48:24'),(54,'dhurba dhakal','nectardigit@admin.com','9803270065',NULL,NULL,3,'2022-05-18 12:13:04','2022-05-18 12:13:04');
/*!40000 ALTER TABLE `enquiries` ENABLE KEYS */;
UNLOCK TABLES;

--
-- Table structure for table `failed_jobs`
--

DROP TABLE IF EXISTS `failed_jobs`;
/*!40101 SET @saved_cs_client     = @@character_set_client */;
/*!40101 SET character_set_client = utf8 */;
CREATE TABLE `failed_jobs` (
  `id` bigint(20) unsigned NOT NULL AUTO_INCREMENT,
  `uuid` varchar(191) COLLATE utf8mb4_unicode_ci NOT NULL,
  `connection` text COLLATE utf8mb4_unicode_ci NOT NULL,
  `queue` text COLLATE utf8mb4_unicode_ci NOT NULL,
  `payload` longtext COLLATE utf8mb4_unicode_ci NOT NULL,
  `exception` longtext COLLATE utf8mb4_unicode_ci NOT NULL,
  `failed_at` timestamp NOT NULL DEFAULT current_timestamp(),
  PRIMARY KEY (`id`),
  UNIQUE KEY `failed_jobs_uuid_unique` (`uuid`)
) ENGINE=InnoDB DEFAULT CHARSET=utf8mb4 COLLATE=utf8mb4_unicode_ci;
/*!40101 SET character_set_client = @saved_cs_client */;

--
-- Dumping data for table `failed_jobs`
--

LOCK TABLES `failed_jobs` WRITE;
/*!40000 ALTER TABLE `failed_jobs` DISABLE KEYS */;
/*!40000 ALTER TABLE `failed_jobs` ENABLE KEYS */;
UNLOCK TABLES;

--
-- Table structure for table `faqs`
--

DROP TABLE IF EXISTS `faqs`;
/*!40101 SET @saved_cs_client     = @@character_set_client */;
/*!40101 SET character_set_client = utf8 */;
CREATE TABLE `faqs` (
  `id` bigint(20) unsigned NOT NULL AUTO_INCREMENT,
  `question` text COLLATE utf8mb4_unicode_ci NOT NULL,
  `answer` text COLLATE utf8mb4_unicode_ci NOT NULL,
  `meta_keyword` varchar(191) COLLATE utf8mb4_unicode_ci DEFAULT NULL,
  `meta_description` varchar(191) COLLATE utf8mb4_unicode_ci DEFAULT NULL,
  `featured` tinyint(1) NOT NULL DEFAULT 1,
  `deleted_at` timestamp NULL DEFAULT NULL,
  `created_at` timestamp NULL DEFAULT NULL,
  `updated_at` timestamp NULL DEFAULT NULL,
  PRIMARY KEY (`id`)
) ENGINE=InnoDB AUTO_INCREMENT=12 DEFAULT CHARSET=utf8mb4 COLLATE=utf8mb4_unicode_ci;
/*!40101 SET character_set_client = @saved_cs_client */;

--
-- Dumping data for table `faqs`
--

LOCK TABLES `faqs` WRITE;
/*!40000 ALTER TABLE `faqs` DISABLE KEYS */;
INSERT INTO `faqs` VALUES (1,'xcvvs h','<p>fcvb dbv</p>',NULL,NULL,1,'2022-04-28 11:17:30','2022-04-28 11:17:22','2022-04-28 11:17:30'),(2,'How to create an account in Linkedhill?','<p>You can select the option ‘Signup’ in Website or in mobile application. You will then have to &nbsp;fill your details as an individual or business with some security information in order to protect your account.</p>',NULL,NULL,1,NULL,'2022-05-17 17:19:22','2022-05-17 17:19:22'),(3,'How to post an advertisement to sell/rent my property?','<p>We have an option ‘Post Property Free’ in Top right side of Homepage. Simply, click the link and fill all your property details as an individual or business.</p>',NULL,NULL,1,NULL,'2022-05-17 17:20:01','2022-05-18 08:57:58'),(4,'What is LinkedHill?','<p>LinkedHill is one of the top company for sharing the information about individuals</p>',NULL,NULL,1,'2022-05-18 06:39:41','2022-05-18 06:39:36','2022-05-18 06:39:41'),(5,'How much time it will take to appear my ad in the website?','<p>Once you’ve submitted your details, we will verify it for security reasons and its authenticity. Once verified, it will be appear within 1-2 business days.</p>',NULL,NULL,1,NULL,'2022-05-18 08:58:25','2022-05-18 08:58:25'),(6,'What are the Charges for advertising in Linkedhill?','<p>At this moment, we are running business on Promotion phase. We are listing all types of rental properties or properties on sale with free of cost. But we have various plans with better feature and more sales target which is more suitable for the businesses or even an individuals once you are logged in to our website/mobile apps.<br>&nbsp;</p>',NULL,NULL,1,NULL,'2022-05-18 08:58:49','2022-05-18 08:58:49'),(7,'Do I have to pay commission after the property sold from Linkedhill site?','<p>Absolutely not. With clarity, we only onetime charge as an Administration fee before listing any property once you signup with the business. But at the moment, we are running it with free of cost and if you want to upgrade for pricing plans, please feel free to navigate our site.<br>&nbsp;</p>',NULL,NULL,1,NULL,'2022-05-18 08:59:13','2022-05-18 08:59:13'),(8,'Do you get involve in Property Sales?','<p>We are completely an advertising and marketing agency and we do not have any connections with the sales. We highly encourage everyone to contact directly to the relevant business or individuals. The contact details are provided underneath the property details.&nbsp;<br>&nbsp;</p>',NULL,NULL,1,NULL,'2022-05-18 08:59:34','2022-05-18 08:59:34'),(9,'How do I become an Agent?','<p>We have a section called &nbsp;‘Become an Agent’ where you can fill all your details and security questions. We will then Verify your details as an individual agent or businesses and register you in our system which will take from 2-3 days in order to maintain a valid portfolio.&nbsp;<br>&nbsp;</p>',NULL,NULL,1,NULL,'2022-05-18 08:59:57','2022-05-18 08:59:57'),(10,'How do I contact if I need to speak with someone about enquiries, complaints, advertisement and other general information?','<p>We have categorised customer service into three ways. The best possible ways are:<br>(i) Email us directly at: &nbsp;linkedhill@gmail.com&nbsp;<br>(ii) Live Chat which is located at the bottom right side of the website or app.<br>(iii) We have a section as ‘Contact us’ in Homepage where you can send a quick message with your personal details.&nbsp;<br>Note: Please address us the subject and our team will contact you through various ways of communication with prior notification.</p>',NULL,NULL,1,NULL,'2022-05-18 09:00:20','2022-05-18 09:00:20'),(11,'How do I cancel my account?','<p>If you would like to cancel your account, please contact us at linkedhill@gmail.com please let us know your first and last name and the email address associated with your account. Once the account has been cancelled we will confirm with you via email.<br>&nbsp;</p>',NULL,NULL,1,NULL,'2022-05-18 09:00:39','2022-05-18 09:00:39');
/*!40000 ALTER TABLE `faqs` ENABLE KEYS */;
UNLOCK TABLES;

--
-- Table structure for table `favourite_lists`
--

DROP TABLE IF EXISTS `favourite_lists`;
/*!40101 SET @saved_cs_client     = @@character_set_client */;
/*!40101 SET character_set_client = utf8 */;
CREATE TABLE `favourite_lists` (
  `id` bigint(20) unsigned NOT NULL AUTO_INCREMENT,
  `property_id` bigint(20) unsigned NOT NULL,
  `user_id` bigint(20) unsigned NOT NULL,
  `created_at` timestamp NULL DEFAULT NULL,
  `updated_at` timestamp NULL DEFAULT NULL,
  PRIMARY KEY (`id`),
  KEY `favourite_lists_property_id_foreign` (`property_id`),
  KEY `favourite_lists_user_id_foreign` (`user_id`),
  CONSTRAINT `favourite_lists_property_id_foreign` FOREIGN KEY (`property_id`) REFERENCES `properties` (`id`) ON DELETE CASCADE,
  CONSTRAINT `favourite_lists_user_id_foreign` FOREIGN KEY (`user_id`) REFERENCES `users` (`id`) ON DELETE CASCADE
) ENGINE=InnoDB AUTO_INCREMENT=5 DEFAULT CHARSET=utf8mb4 COLLATE=utf8mb4_unicode_ci;
/*!40101 SET character_set_client = @saved_cs_client */;

--
-- Dumping data for table `favourite_lists`
--

LOCK TABLES `favourite_lists` WRITE;
/*!40000 ALTER TABLE `favourite_lists` DISABLE KEYS */;
/*!40000 ALTER TABLE `favourite_lists` ENABLE KEYS */;
UNLOCK TABLES;

--
-- Table structure for table `feature_property`
--

DROP TABLE IF EXISTS `feature_property`;
/*!40101 SET @saved_cs_client     = @@character_set_client */;
/*!40101 SET character_set_client = utf8 */;
CREATE TABLE `feature_property` (
  `id` bigint(20) unsigned NOT NULL AUTO_INCREMENT,
  `property_id` bigint(20) unsigned NOT NULL,
  `feature_id` bigint(20) unsigned NOT NULL,
  `value` varchar(191) COLLATE utf8mb4_unicode_ci DEFAULT NULL,
  `created_at` timestamp NULL DEFAULT NULL,
  `updated_at` timestamp NULL DEFAULT NULL,
  PRIMARY KEY (`id`),
  KEY `feature_property_property_id_foreign` (`property_id`),
  KEY `feature_property_feature_id_foreign` (`feature_id`),
  CONSTRAINT `feature_property_feature_id_foreign` FOREIGN KEY (`feature_id`) REFERENCES `features` (`id`),
  CONSTRAINT `feature_property_property_id_foreign` FOREIGN KEY (`property_id`) REFERENCES `properties` (`id`)
) ENGINE=InnoDB AUTO_INCREMENT=7 DEFAULT CHARSET=utf8mb4 COLLATE=utf8mb4_unicode_ci;
/*!40101 SET character_set_client = @saved_cs_client */;

--
-- Dumping data for table `feature_property`
--

LOCK TABLES `feature_property` WRITE;
/*!40000 ALTER TABLE `feature_property` DISABLE KEYS */;
/*!40000 ALTER TABLE `feature_property` ENABLE KEYS */;
UNLOCK TABLES;

--
-- Table structure for table `feature_property_category`
--

DROP TABLE IF EXISTS `feature_property_category`;
/*!40101 SET @saved_cs_client     = @@character_set_client */;
/*!40101 SET character_set_client = utf8 */;
CREATE TABLE `feature_property_category` (
  `id` bigint(20) unsigned NOT NULL AUTO_INCREMENT,
  `feature_id` bigint(20) unsigned NOT NULL,
  `property_category_id` bigint(20) unsigned NOT NULL,
  `created_at` timestamp NULL DEFAULT NULL,
  `updated_at` timestamp NULL DEFAULT NULL,
  PRIMARY KEY (`id`),
  KEY `feature_property_category_feature_id_foreign` (`feature_id`),
  KEY `feature_property_category_property_category_id_foreign` (`property_category_id`),
  CONSTRAINT `feature_property_category_feature_id_foreign` FOREIGN KEY (`feature_id`) REFERENCES `features` (`id`),
  CONSTRAINT `feature_property_category_property_category_id_foreign` FOREIGN KEY (`property_category_id`) REFERENCES `property_categories` (`id`)
) ENGINE=InnoDB AUTO_INCREMENT=49 DEFAULT CHARSET=utf8mb4 COLLATE=utf8mb4_unicode_ci;
/*!40101 SET character_set_client = @saved_cs_client */;

--
-- Dumping data for table `feature_property_category`
--

LOCK TABLES `feature_property_category` WRITE;
/*!40000 ALTER TABLE `feature_property_category` DISABLE KEYS */;
INSERT INTO `feature_property_category` VALUES (1,1,5,NULL,NULL),(2,1,6,NULL,NULL),(3,1,7,NULL,NULL),(4,1,8,NULL,NULL),(5,2,4,NULL,NULL),(6,2,5,NULL,NULL),(10,3,5,NULL,NULL),(11,3,6,NULL,NULL),(12,3,7,NULL,NULL),(13,3,8,NULL,NULL),(14,4,4,NULL,NULL),(15,4,5,NULL,NULL),(16,4,6,NULL,NULL),(17,4,7,NULL,NULL),(18,4,8,NULL,NULL),(19,5,1,NULL,NULL),(20,5,2,NULL,NULL),(21,5,3,NULL,NULL),(22,5,4,NULL,NULL),(23,5,5,NULL,NULL),(24,5,6,NULL,NULL),(25,5,7,NULL,NULL),(26,5,8,NULL,NULL),(27,6,5,NULL,NULL),(28,6,6,NULL,NULL),(29,6,7,NULL,NULL),(30,6,8,NULL,NULL),(31,7,4,NULL,NULL),(32,7,5,NULL,NULL),(33,7,6,NULL,NULL),(34,7,7,NULL,NULL),(35,7,8,NULL,NULL),(36,8,5,NULL,NULL),(37,8,6,NULL,NULL),(38,8,7,NULL,NULL),(39,8,8,NULL,NULL),(40,9,5,NULL,NULL),(41,9,6,NULL,NULL),(42,9,7,NULL,NULL),(43,9,8,NULL,NULL),(44,10,5,NULL,NULL),(45,10,6,NULL,NULL),(46,10,7,NULL,NULL),(47,10,8,NULL,NULL),(48,1,1,NULL,NULL);
/*!40000 ALTER TABLE `feature_property_category` ENABLE KEYS */;
UNLOCK TABLES;

--
-- Table structure for table `features`
--

DROP TABLE IF EXISTS `features`;
/*!40101 SET @saved_cs_client     = @@character_set_client */;
/*!40101 SET character_set_client = utf8 */;
CREATE TABLE `features` (
  `id` bigint(20) unsigned NOT NULL AUTO_INCREMENT,
  `title` varchar(191) COLLATE utf8mb4_unicode_ci NOT NULL,
  `description` longtext COLLATE utf8mb4_unicode_ci DEFAULT NULL,
  `image` varchar(191) COLLATE utf8mb4_unicode_ci DEFAULT NULL,
  `type` tinyint(4) NOT NULL DEFAULT 1 COMMENT 'Type of Feature maybe [text,Booelan,Image]=>[1,2,3]',
  `position` int(11) NOT NULL DEFAULT 1,
  `parent_id` bigint(20) unsigned DEFAULT NULL,
  `created_at` timestamp NULL DEFAULT NULL,
  `updated_at` timestamp NULL DEFAULT NULL,
  PRIMARY KEY (`id`),
  KEY `features_parent_id_foreign` (`parent_id`),
  CONSTRAINT `features_parent_id_foreign` FOREIGN KEY (`parent_id`) REFERENCES `features` (`id`) ON DELETE SET NULL ON UPDATE CASCADE
) ENGINE=InnoDB AUTO_INCREMENT=11 DEFAULT CHARSET=utf8mb4 COLLATE=utf8mb4_unicode_ci;
/*!40101 SET character_set_client = @saved_cs_client */;

--
-- Dumping data for table `features`
--

LOCK TABLES `features` WRITE;
/*!40000 ALTER TABLE `features` DISABLE KEYS */;
INSERT INTO `features` VALUES (1,'best house to buy in ktm','<p>this is a best for buy</p>','https://linkedhill.com.np/storage/photos/1/poperty.jpg',2,2,NULL,'2022-04-19 10:23:18','2022-04-28 06:13:22'),(2,'house is available for rent','<p>house is available for rent</p>','https://linkedhill.com.np/storage/photos/1/untitled.png',2,1,NULL,'2022-04-19 10:23:18','2022-04-28 07:29:30'),(3,'morph best-of-breed vortals',NULL,'/tmp/aff8f78a1e91afade412ca4fa0d586f8.png',1,2,NULL,'2022-04-19 10:23:18','2022-04-19 10:23:18'),(4,'evolve open-source web-readiness',NULL,'/tmp/f1911b89fa0e89fbb6b567cd81253155.png',2,2,NULL,'2022-04-19 10:23:18','2022-04-19 10:23:18'),(5,'scale magnetic e-commerce',NULL,'/tmp/6737ca36b700a229a21f330d588b849e.png',2,1,NULL,'2022-04-19 10:23:18','2022-04-19 10:23:18'),(6,'grow frictionless schemas',NULL,'/tmp/48ad68e921a8597fcf2cfef0cff7f7e0.png',1,2,NULL,'2022-04-19 10:23:18','2022-04-19 10:23:18'),(7,'productize open-source technologies',NULL,'/tmp/4e99e94d5d61bdce4735dc04c4b01476.png',2,1,NULL,'2022-04-19 10:23:18','2022-04-19 10:23:18'),(8,'seize frictionless vortals',NULL,'/tmp/1572e88b891f38ba2ee5dd75c17421e5.png',2,2,NULL,'2022-04-19 10:23:18','2022-04-19 10:23:18'),(9,'iterate mission-critical technologies',NULL,'/tmp/10301a03b8537d67ecbaaf46beae5ea0.png',1,1,NULL,'2022-04-19 10:23:18','2022-04-19 10:23:18'),(10,'engineer customized e-commerce',NULL,'/tmp/ea9be802c8ddbfe960cc602759a71ef2.png',1,2,NULL,'2022-04-19 10:23:18','2022-04-19 10:23:18');
/*!40000 ALTER TABLE `features` ENABLE KEYS */;
UNLOCK TABLES;

--
-- Table structure for table `menus`
--

DROP TABLE IF EXISTS `menus`;
/*!40101 SET @saved_cs_client     = @@character_set_client */;
/*!40101 SET character_set_client = utf8 */;
CREATE TABLE `menus` (
  `id` bigint(20) unsigned NOT NULL AUTO_INCREMENT,
  `parent_id` bigint(20) unsigned DEFAULT NULL,
  `name` varchar(50) COLLATE utf8mb4_unicode_ci DEFAULT NULL,
  `slug` varchar(50) COLLATE utf8mb4_unicode_ci DEFAULT NULL,
  `url` varchar(200) COLLATE utf8mb4_unicode_ci DEFAULT NULL,
  `type` varchar(20) COLLATE utf8mb4_unicode_ci DEFAULT NULL,
  `show` varchar(20) COLLATE utf8mb4_unicode_ci DEFAULT NULL,
  `description` text COLLATE utf8mb4_unicode_ci DEFAULT NULL,
  `order` int(11) DEFAULT NULL,
  `image` varchar(191) COLLATE utf8mb4_unicode_ci DEFAULT NULL,
  `active` tinyint(1) DEFAULT 0,
  `created_at` timestamp NULL DEFAULT NULL,
  `updated_at` timestamp NULL DEFAULT NULL,
  PRIMARY KEY (`id`)
) ENGINE=InnoDB AUTO_INCREMENT=13 DEFAULT CHARSET=utf8mb4 COLLATE=utf8mb4_unicode_ci;
/*!40101 SET character_set_client = @saved_cs_client */;

--
-- Dumping data for table `menus`
--

LOCK TABLES `menus` WRITE;
/*!40000 ALTER TABLE `menus` DISABLE KEYS */;
INSERT INTO `menus` VALUES (1,NULL,'Home','','','home','[\"header\"]',NULL,1,'https://source.unsplash.com/XbwHrt87mQ0',1,NULL,'2022-05-18 09:45:42'),(2,NULL,'About Us','about-us',NULL,'about','[\"header\"]','<p><strong>Who we are</strong><br>Linkedhill is a digital marketing &amp; advertising company which focuses on delivering results to our customers, clients and people covering multiple property searches. Linkedhill has grown to become Nepal’s leading real estate &amp; property online portal featuring largest range of residential, commercial &amp; agricultural property networks.<br>Established in 2021, Linkedhill has transformed the experience of looking for a property for hundreds of thousands of property hunters and has also provided estate agents with an efficient and effective marketing tool.</p><p><strong>What we do</strong><br>For all properties listed in our online platform, we combine strong marketing campaigns, product knowledge to the related parties and skilful customer service skills to deliver outstanding results and achieving successful record. We also have an extensive Services section which allows users to search a comprehensive directory of Service Providers or just browse our many articles on Home Improvement tips and advice.<br>With our extensive property listings and our wide property search options the Linkedhill.com.np site has created a significantly more convenient and effective way for property hunters to find their next property whatever the criteria; buying or renting.<br>With our various mobile apps and mobile site growing in popularity, Linkedhill attracts tremendous page impressions per month, with high number of visitors. These figures continue to rise year-on-year making Linkedhill one of the fastest growing property sites around.</p><p><strong>Our Commitment</strong><br>Our business relationship has been built on proven results, honesty, integrity, professionalism, ethics and good hard work within a short period of time.<br>Our team’s dedication and commitment to establish individual relationships with all our valued clients, whether an investor, a landlord, a property owner looking to sell, a tenant or a first home buyer looking to enter the property market for the very first time, every person whatever their circumstances are is super important to us all.</p><p>&nbsp;</p>',2,'https://linkedhill.com.np/storage/photos/1/about/interior-2685521_1920.jpg',1,NULL,'2022-05-18 09:45:42'),(3,NULL,'Property','properties','','property','[\"header\"]',NULL,5,'https://source.unsplash.com/XbwHrt87mQ0',1,NULL,'2022-05-18 09:45:42'),(4,NULL,'Blogs','blogs','','blog','[\"header\"]',NULL,6,'https://source.unsplash.com/XbwHrt87mQ0',1,NULL,'2022-05-18 09:45:42'),(5,NULL,'News','news','','news','[\"header\"]',NULL,7,'https://source.unsplash.com/XbwHrt87mQ0',1,NULL,'2022-05-18 09:45:42'),(6,NULL,'Contact Us','contact-us',NULL,'contact','[\"header\"]','<p>General Queries &amp; Complaints::<br>Email: linkedhill@gmail.com<br>&nbsp;</p>',8,'https://source.unsplash.com/XbwHrt87mQ0',1,NULL,'2022-05-18 09:45:42'),(7,NULL,'Our Services','our-services',NULL,'service','[\"header\"]','<p><strong>Real estate &amp; Property</strong><br>Linkedhill assist all individuals, businesses, and investors in buying, renting and selling properties through our online marketing &amp; advertising platform. We provide services regarding areas which are typically described and divided up into :</p><p><br><strong>Residential:&nbsp;</strong><br>Residential real estate consists of housing for individuals, families, or groups of people used for residential purposes. Examples include both new construction and resale homes, cooperatives, duplexes, townhouses and other types of living arrangements.</p><p><br><strong>Commercial:&nbsp;</strong><br>Commercial property refers to land and buildings that are used by businesses to carry out their operations. Examples include shopping malls, individual stores, office buildings, parking lots, medical centres, hotels etc.</p><p><br><strong>Industrial:&nbsp;</strong><br>Industrial real estate refers to land and buildings that are used by industrial businesses for activities such as factories, mechanical productions, research and development, construction, transportation, logistics, and warehousing.</p><p><br><strong>Land:&nbsp;</strong><br>Includes undeveloped property, vacant land, and agricultural land</p><p>&nbsp;</p>',3,'https://linkedhill.com.np/storage/photos/1/about/about.jpg',1,NULL,'2022-05-18 09:45:42'),(8,NULL,'Privacy & Policy','privacy-policy',NULL,'basic','[\"footer\"]','<p><strong>Introduction</strong></p><p>Linkedhill understands that your personal information is important to you and you are concerned with its collection, use and disclosure. To deliver our commitment to privacy, Linkedhill is committed in handling the personal information we collect in an open and transparent manner complying with the legislation and regulations of &nbsp;Nepalese government.</p><p>This privacy policy has been created to explain how and why we collect and use information about our users, and how we manage your privacy protection. It also sets out your rights in relation to accessing the personal information we collect and hold about you. We recommend that you read this statement in full, so that you understand how we will use your personal data.</p><p><strong>&nbsp;</strong></p><p><strong>How do we Collect your Personal Information ?</strong></p><p>You may provide personal information to us to receive information about products or services offered through this website, to purchase such products and services, to receive newsletters or become involved in promotions or other initiatives commenced by us.</p><p>Generally, we collect your information directly from you where possible. We may collect and update your information over the phone, by email, or over the internet or social media&nbsp; when you:</p><p>• Visit our website and complete an online enquiry or a form for the purpose of requesting and/or accessing certain services on our website;</p><p>• Making any requests or transactions through the Sites or from other sources;</p><p>•&nbsp;Tell us about your preferences when making an enquiry or using our products and services;</p><p>•&nbsp;Contact us to provide feedback, comments or suggestions on our functions and activities or complete one of our surveys;</p><p>•&nbsp;Interact or engage with us through our websites or social media platforms;</p><p>•&nbsp;Register, attend or present at one of our conferences, training sessions and events;</p><p>•&nbsp;Attend property inspections or visit our offices, including via manual sign-in and security surveillance of our offices;</p><p>•&nbsp;Subscribe to communications from us such as updates, publications or newsletters;</p><p>•&nbsp;Apply for a job with us or become an employee, or become a supplier or contractor that provide a product or service to Linkedhill;</p><p>•&nbsp;Otherwise interact with us or disclose your personal information to us.</p><p>If we collect personal information about you from a third party and it is unclear that you have consented to the disclosure of your personal information to us, we will take reasonable steps to contact you and ensure that you are aware of the circumstances surrounding the collection and purposes for which we collected your personal information.</p><p>&nbsp;</p><p><strong>What Personal Information does Linkedhill collect?</strong></p><p>Personal information is any information about you, from which you can be identified. When you use our Services, we may ask you to register and/or provide information that personally identifies you for purposes of interacting with our Services. We may collect additional personal information from you from time to time. On any page that collects personal information, we will specifically describe what information is required in order to provide you with the product or service or enter you in the promotion you have requested, as well as to respond to your inquiry or comment.</p><p>The kinds of personal information we collect or which we may hold about you may include:</p><p>•&nbsp;Name, username, email address, telephone number, Birth date and gender, home, business, and billing addressees (including street and postal code);</p><p>•&nbsp;Government issued Identification required for identity verification, such as passport, driver’s license, government redress numbers, and country of residence (for travel insurance purposes), tax identification number;</p><p>•&nbsp;Payment information such as payment card number, expiration date, billing address, and financial account number;</p><p>•&nbsp;Geolocation;</p><p>•&nbsp;Images (including facial photographs), videos, and other recordings;</p><p>•&nbsp;Social media account ID and other publicly available information;</p><p>•&nbsp;Communications with us (such as recordings of calls with customer service representatives for quality assurance and training purposes);</p><p>•&nbsp;Searches you conduct, transactions, and other interactions with you on our online services and Apps;</p><p>•&nbsp;The searches and transactions conducted through the platform;</p><p>•&nbsp;Details about your earnings (e.g. home loan calculator);</p><p>•&nbsp;Information on how you use our products and services;</p><p>•&nbsp;Personal preferences or views regarding products and services;&nbsp;</p><p>•&nbsp;Your Internet Protocol (“IP”) address, server address, domain name and information on your browsing activity when visiting one of our websites;</p><p>•&nbsp;Your user name for social networking sites that you use, to refer to, or in conjunction with, our goods and services;</p><p>&nbsp;</p><p><strong>Why do we collect, hold, use and disclose your personal information ?</strong></p><p>There are various reasons why we might need to collect, hold, use or disclose your personal information and this will depend upon the specific services that we are providing to you. Usually, the main reason that we will need to collect your personal information will be relating to a service that we are providing to you or are about to provide to you and for contacting you in relation to those services.</p><p>We may collect, hold, use and disclose your personal information for the following&nbsp;purposes:</p><p>•&nbsp;To provide customer support including conducting, investigating and responding to requests, enquiries, surveys, feedback, comment, complaints and other customer care or brand protection related activities;</p><p>•&nbsp;To facilitate your access to the Site and the functionality provided by the Site in order to provide you with access to all or part of the Site or functionality offered through the Site;</p><p>•&nbsp;To provide the products or services you have requested from us and keep a record of them;</p><p>• To assist us to run our business and to improve our services and performance, including staff training, accounting, risk management, record keeping, archiving, systems development, developing new products and services and undertaking planning, research and statistical analysis;</p><p>&nbsp;•&nbsp;To assess the performance of our websites and improve the operation of the websites;</p><p>•&nbsp;Sales and delivery of our products - including preparing sales documentation, obtaining credit/debit card information to complete a sale and arranging delivery;</p><p>&nbsp;•&nbsp;To plan, market, host and facilitate our conferences, training sessions and events;</p><p>&nbsp;•&nbsp;To inform and conduct marketing activities including to promote our products and services;</p><p>•&nbsp;To contact you in relation to an event, special offer or product that you might be interested in;</p><p>• Providing financial advice and services;</p><p>• Payment processing;</p><p>• Processing a refund or exchange of a product/services;</p><p>• Carrying out any activity in connection with a legal, governmental or regulatory requirement that we have to comply with, or in connection with legal proceedings, crime or fraud prevention, detection or prosecution</p><p>There is no obligation for you to provide us with any of your personal information but if you choose not to provide us with your personal information, we may not be able to provide the information, goods or services that you require.</p><p>&nbsp;</p><p><strong>How do we use your Personal Information?</strong></p><p>Any Personal Information that we collect will be used by us to enable us to provide you with the services that you have requested for the following purposes:</p><p>•&nbsp;To provide products and services to you</p><p>•&nbsp;To provide you with information, newsletters or other communications</p><p>•&nbsp;To involve you in promotions and other initiatives undertaken by us&nbsp;</p><p>•&nbsp;To fulfill your&nbsp;order or requests for services and provide customer service</p><p>•&nbsp;To create and maintain your account</p><p>•&nbsp;To conduct auditing and monitoring of transactions and engagement</p><p>•&nbsp;To conduct marketing, personalization, and third-party advertising</p><p>•&nbsp;To protect the security and integrity of our websites, mobile services and our business, and help prevent fraud</p><p>•&nbsp;To update our operational and technical functionality</p><p>•&nbsp;To conduct business analysis, such as analytics, projections, identifying areas for operational improvement</p><p>•&nbsp;To conduct research and development</p><p>•&nbsp;To fulfill our legal function or obligations</p><p>•&nbsp;To use your data to generate statistics about our site that do not identify you using third-party assets such as cookies. Please see our Cookie Policy for more details.</p><p>Some of the uses of the information described above may be provided by third parties, who are authorised to use this personal information for these purposes.</p><p>We may use your personal information for direct marketing or promotional activities., However, if we do undertake such activities, you will be provided with an opportunity when first contacted to decline to receive any further communications from us.</p><p>Other than for the purposes described above, we will not use your personal information without your prior consent. The only exception to this rule is where disclosure is necessary to prevent injury to life or health, to investigate any suspected unlawful activity or where it may be required by law such as in a response to a warrant, or other legal process.</p><p>&nbsp;</p><p><strong>Storage &amp; Security of Personal Information</strong></p><p>We will take reasonable steps to ensure that the personal information that we hold is stored in a secure environment protected from misuse, interference and loss and any unauthorised access, modification or disclosure.</p><p>In order to ensure the security of your personal data, we apply necessary legal, organizational and technical measures aimed at protecting Personal data from unauthorized or accidental access, destruction, change, blocking, copying, provision, disclosure, as well as from other illegal actions in relation to Visitors Personal data. We will usually keep your information for as long as you have an account with us and as long as you access and use our Services. Whenever you request it, we will erase your information as soon as practically practicable, depending on your account behaviour and in accordance with relevant laws. However, for legal reasons, we may archive and/or preserve some information.</p><p>Whilst we take all reasonable steps to ensure the security of all information we collect, we cannot provide any guarantee with respect to the security of your personal information and will not be liable for any breach of security or unintended loss or disclosure of information due to data transmission over the internet or information stored on serves accessible through the internet.</p><p>&nbsp;</p><p><strong>Disclosure of Personal Information</strong></p><p><br>Personal information collected through this website is not disclosed or passed on to third parties unless it is in accordance with this privacy statement. We will disclose personal information we have about you only in certain specific circumstances, when:</p><p>• You agree to the disclosure; or</p><p>• We use it for the purposes we collected it; or</p><p>• Disclosure is required or authorised by law.</p><p>To the extent permitted by law, we may also disclose information about you as follows:</p><p>•&nbsp;To the other parties in any real estate transaction including developers, builders, vendors, landlords, purchasers and tenants, and their authorised representative;</p><p>&nbsp;•&nbsp;To our suppliers and service providers that provide products and services to assist us to perform our functions and activities such as marketing, events, recruitment, HR and share registry management;&nbsp;</p><p>•&nbsp;Other third parties who provide services to Linkedhill from time to time;</p><p>•&nbsp;To guarantors, other mortgage intermediaries, lenders, financial institutions, insurers, valuers and credit reporting bodies and providers;</p><p>•&nbsp;To your authorised representatives (lawyers, mortgage brokers, accountants and financial advisors);</p><p>&nbsp;•&nbsp;To debt collectors and utility companies;</p><p>• To regulatory bodies, government agencies and law enforcement bodies in any jurisdiction</p><p>We and our third-party service providers take all necessary steps to destroy or permanently de-identify your personal information where it is no longer required and to protect your personal information from loss, misuse and interference and from unauthorised access, modification or disclosure.</p><p>We will not disclose your personal information in circumstances other than those described above without your prior consent. The only exception to this rule is where disclosure is necessary to prevent injury to life or health, to investigate any suspected unlawful activity or where it may be required by law such as in a response to a warrant or other legal process.</p><p>Your personal information will not be shared, sold, rented or disclosed other than as described in this Privacy Policy.</p><p>&nbsp;</p><p><strong>Access and correction of personal information</strong></p><p><strong>&nbsp;</strong></p><p>It is important to us that the information we hold about you is up-to-date, accurate and complete, and we will try to confirm your details through our communications with you and promptly add updated or new personal information to existing records when we are advised.&nbsp;Site users can change information in their profiles at any time by logging into their account through the Site. Site users have the right to request that their information be modified or deleted from our files.</p><p>Under the Privacy Act,&nbsp;if you believe we are holding information about you that is inaccurate, incomplete, irrelevant or misleading, you can ask us to correct it, or delete it altogether.<strong>&nbsp;</strong>To request access to the personal information that Linkedhill holds about you, or to update or correct that personal information, please send a written request at&nbsp;<a href=\"mailto:linkedhill@gmail.com\">linkedhill@gmail.com</a></p><p>&nbsp;</p><p><strong>Direct Marketing</strong></p><p>We will only send you marketing information where you have opted in to receive these communications.Marketing may be received via email, SMS, social media, or regular mail. You can change your marketing preferences at any time, by logging into your account and changing this on your account dashboard. You can also opt out of receiving marketing and&nbsp;third-party targeted advertising at any time using the unsubscribe link that can be found at the end of each email that we send.</p><p>&nbsp;</p><p><strong>Use of cookies &amp; other technologies</strong></p><p><strong>&nbsp;</strong></p><p>A cookie is an element of data that a website can send to your browser, which may then be stored on your system.&nbsp;Cookies are small files stored on your device that allow our websites to recognise a particular device or browser. Cookies may record information about your visit, including the type of browser and operating system you use, the previous site you visited, your server’s IP address, the pages you access, and the information downloaded by you.&nbsp;</p><p>&nbsp;</p><p>First-Party Cookies</p><p>First-party cookies are directly stored by the website (or domain) you visit. These cookies allow website owners to collect analytics data, remember language settings, and perform other useful functions that provide a good user experience.</p><p>&nbsp;</p><p>Third-Party Cookies</p><p>Third-party cookies are created by domains that are not the website (or domain) that you are visiting, hence the name third-party. They are typically used for cross-site tracking, retargeting and the personalised advertising.</p><p>&nbsp;</p><p>We and our Third-Party Service Providers use cookies and other similar technologies to track information about your use of our Sites to create an improved, more personalised shopping experience for you. We will always collect your personal information directly from you unless it is impracticable to do so. This would usually be done through the Website when you elect to disclose your personal information to us for a particular purpose.</p><p>The information we collect through tracking cookies on our website and social media accounts may also be used to determine demographic and usage patterns. We use this information to help us understand your interests, needs and preferences so that we can personalise your experience when engaging with us. We also collect this information to enable us to promote our products and services to you online and on social media.</p><p>Most browsers can be set to detect cookies and you can control how your browser deals with cookies by changing your browser settings (for example by rejecting cookies). However, in doing so, even if you delete cookies from your computer you can still use our Sites, but your user experience may be affected, and some features of the Sites may not function.</p><p>&nbsp;</p><p>&nbsp;</p><p><strong>Links to other Websites</strong></p><p><br>Our Sites may contain links to third party websites, platforms or applications. We are not responsible for content or the privacy practices of those websites, platforms, or applications that are linked to our Sites. We recommend that you read the privacy policy and terms and conditions of any third-party website, platform or application that you intend to use.</p><p>&nbsp;</p><p><strong>How to unsubscribe</strong></p><p><strong>&nbsp;</strong></p><p>To opt-out of receiving Linkedhill marketing materials, you will need to unsubscribe from our marketing database.</p><ul><li><strong>Emails:</strong>&nbsp;Select the \'unsubscribe\' option in one of the emails that you\'ve received from us to unsubscribe from email marketing, this option can usually be found at the top right or bottom of the email.&nbsp;Please note that if you have an account with Linkedhill, we may still need to send you essential information about your account.</li><li><strong>SMS:</strong>&nbsp;When we send you marketing communications by SMS you will be able to opt-out from SMS marketing by texting STOP to the number in the SMS we sent you.</li></ul><p>&nbsp;</p><p><strong>Disclaimer</strong></p><p>Linkedhill endeavours to ensure that the information provided on this website is correct at the time of publication. However, Linkedhill does not warrant, guarantee or make representations regarding the currency, correctness, accuracy or suitability for a particular purpose of the information contained on this website.</p><p>&nbsp;The user accepts sole and full responsibility and risk associated with the use of this website and use of or reliance on any information contained within this website. Linkedhill does not accept any responsibility or liability for any direct or consequential loss, damage or inconvenience suffered or incurred as a result of use of this website, or use of or reliance on information contained within this website.</p><p>&nbsp;While the copyright of the information appearing on the website belongs to Linkedhill, you are welcome to use the information for non-commercial purposes. Any use of the information for commercial purposes and without the permission of Linkedhill may result in an action for breach of copyright.</p><p>&nbsp;</p><p><strong>How to contact us</strong></p><p>Complaints and Questions</p><p>We take your complaints seriously and will attempt to resolve your issue quickly and fairly.</p><p>If you feel your privacy has been breached, please contact us using the contact information setting out the circumstances and reasons for your complaint.</p><p>Our team members will acknowledge receipt of your complaint promptly and will normally respond to your request within 5 business days. If your complaint or query is complicated or requires further investigation our response may take additional time to finalise.</p><p>We will respond to you by your preferred contact method if you have indicated one.</p><p>If you are not satisfied with the result of your complaint to us, you can refer your complaint to Nepal government Authorities.</p><p>General Queries &amp; Complaints::</p><p>Email: linkedhill@gmail.com</p><p>&nbsp;</p><p><strong>Changes to this Privacy Statement</strong></p><p><br>This privacy policy may change from time to time particularly as new rules, regulations and industry codes are introduced.&nbsp;We may revise this Privacy Policy from time to time by updating this page. Changes to this Privacy Policy will be displayed as an updated version on our Sites.&nbsp;The revised Privacy Policy will take effect when it is posted on&nbsp;our website.</p><p>&nbsp;</p><p>We encourage you to periodically review this Privacy Policy, so you remain informed about how we handle your personal information.&nbsp; &nbsp;</p><p>This Privacy Policy is current at 07/04/2022</p><p>Thank you for taking the time to read our Privacy Statement.</p><p>With Sincerely</p><p>Linkedhill Management</p><p>&nbsp;</p>',4,'https://linkedhill.com.np/storage/photos/1/profile/Resized-comitted-banner-icom.png',1,NULL,'2022-05-18 09:45:42'),(11,NULL,'Faq','faq',NULL,'faq','[\"footer\"]','<p>faq</p>',9,NULL,1,'2022-05-18 09:38:48','2022-05-18 09:45:42'),(12,NULL,'Terms and Condition','terms-and-condition',NULL,'basic','[\"footer\"]','<p>&nbsp;<strong>Acknowledgement and Acceptance</strong></p><p>Welcome to our website. Please read these Terms of Service (“Terms”) carefully as they contain important information about your legal rights, remedies and obligations. By using the Site, you acknowledge that you have read, understood and agree to be bound by the following terms and conditions. The information contained on the Websites is subject to change without notice.&nbsp;If you are a regular Linkedhill visitor and/or member please check these Terms regularly.</p><p>&nbsp;</p><p>&nbsp;</p><p><strong>Access to this Website</strong></p><p>In these terms and conditions, the Site refers collectively to all digital products and services offered by us, including any mobile applications regardless of how you choose to access them. Uses of the Site include accessing, browsing or registering to use our Site.<strong>&nbsp;</strong></p><p>We do not warrant that the Site, or any content on it, will operate error-free or that the Site and its server are free of computer viruses and other harmful elements We may suspend, withdraw, discontinue or change all or any part of our Site without notice. We will not be liable to you if for any reason our Site is unavailable at any time or for any period.</p><p>On this website we provide an interactive environment in which users who are interested in learning about our property services or registering interest in our property services may find such information and, if they choose to do so, register their interest.</p><p>If you register with us, we will issue you with a confidential user name and password to access the information and services contained on this website. You should ensure that you do not divulge your user name and password to any other person.</p><p>In addition, you agree to review the Agreement periodically to be aware of such modifications, and your continued use of the Site shall be deemed your conclusive acceptance of the modified Agreement.</p><p>&nbsp;</p><p>&nbsp;</p><p><strong>Your Obligations and acceptable use&nbsp;</strong></p><p>You accept that you are solely responsible for ensuring that your computer system meets all relevant technical specification necessary to use this Site and that your computer system is compatible with this Site.</p><p>You must not:</p><p>(i) use any other person’s name, user identification or password when accessing or using this website, unless it is with our consent;</p><p>(ii) use the website to harm, abuse, harass, stalk, threaten, or otherwise offend others;&nbsp;</p><p>(iii) frame or mirror any part of the website without our written authorization;</p><p>(iv) interfere with, disrupt, or create an undue burden on the website;</p><p>(v) provide any information to us which is the confidential information or proprietary information of any other person;</p><p>(vi) use this website in any way which may be in breach of any laws, rules or regulations or may infringe any third-party rights;</p><p>(vii) knowingly transmit any virus or take any action which may interfere with the operation of this website.</p><p>&nbsp;</p><p>&nbsp;</p><p><strong>&nbsp;Your relationship with other users of the website</strong></p><p>• You are solely responsible for your interactions with other users through the website, including (but not limited to):</p><p>(i) Any material or information that is shared between you and any other user;</p><p>(ii) Any material or information that is posted to the website; and</p><p>(iii) Any transactions that are conducted or arranged through the website.</p><p>• You acknowledge that we have no obligation to monitor your (or any other user’s) use of the website, but we have the right to do so at any time for our own business purposes (including as necessary to assess your (or any other user’s) compliance with these Terms of Use, to protect the security and integrity of the website and the Linkedhill platform, or to comply with any law or government authority request).</p><p>• While we reserve the right to become involved in resolving disputes between you and other users where (and to the extent) we choose to do so, we are under no obligation to do so.</p><p>• We may, at our discretion, choose to share information about users (including you) with other users where we think this may assist with resolving a dispute between the users. You agree that:</p><p>(i) We may use and share your information with other users for this purpose; and</p><p>(ii) If we provide you with any such information of other users, you must only use that information for the purpose of resolving the dispute and for no other purposes.</p><p>&nbsp;</p><p>&nbsp;</p><p><strong>Registration&nbsp;</strong></p><p>• You are not required to register to use the Site. However certain features on the Site may only be available if you do register. You must keep any user name and password that are allocated to you private, and not disclose them to any other person. If you have lost or forgotten your password, you can request that we reset your password which will send a prompt to your registered email address.</p><p>• When registering to use the Site, you may be requested to provide personal information such as your name, email address and date of birth. We will deal with your personal information in accordance with our privacy practices (Privacy policy).</p><p>• You may cancel your registration by notifying us at&nbsp;linkedhill@gmail.com&nbsp;and providing your user name.</p><p>• We may, without notice to you, review, modify or remove any material which you provide in our absolute discretion including where we believe it violates these Terms of Use.</p><p><br>• We may suspend or cancel your use of the Site and/or its Services, either temporarily or permanently, if you breach, or we reasonably believe you to have breached, any of these Terms of Use.</p><p>&nbsp;</p><p>• The material provided, and views expressed by users are the materials of those users and are not ours.</p><p>&nbsp;</p><p>&nbsp;</p><p>&nbsp;</p><p><strong>&nbsp;Accounts and Membership&nbsp;</strong></p><p>&nbsp;</p><p>• Before you can access certain services available through the website, you must follow the prompts on the website to create an account and become registered as a member of the website.</p><p>The following types of accounts are available:</p><p>&nbsp;</p><p>1. User Account:</p><p>&nbsp;If you are a prospective purchaser or renter, you can join the platform by directly registering through the website or by accepting an invitation from a real estate agent or referral partner (which may come in the form of an SMS or e-mail). Once you set up a user account, you can specify your unique match preferences for properties through your personal dashboard. You will be alerted when properties matching your preferences are listed on the platform.</p><p>&nbsp;</p><p>2. Agent:</p><p>&nbsp;If you are a registered real estate agent, you can register on the platform by signing up through the website.</p><p>(i) All agents who are registered on the platform can act as Agent Assists for registered Buyers or Renters.</p><p>(ii) Agents will have the option to select additional services that they can provide to Buyers and Renters, such as Buyer Assist or Seller Assist.</p><p>(iii) Agents may only list properties on the platform and act as the Selling Agent for those properties:</p><p>&nbsp; &nbsp; &nbsp; (a) With the approval of their Agency Principal and the authority of the sellers; and</p><p>&nbsp; &nbsp; &nbsp; (b) If their agency has entered into a master agreement (and any other applicable terms required by Linkedhill) with Linkedhill (the Direct Agreements).</p><p>&nbsp;</p><p>3. Agency Principal:</p><p>If you are the principal of a real estate agency, you may register as an Agency Principal and your account will have additional functionality that can be used to:</p><p>(i) Manage your agency’s presence on the platform (such as branding, agency logos, and business contact information); and</p><p>(ii) Track and manage the activities of Agents from your agency who are acting as Selling Agents for properties on the platform. This includes the right to withdraw properties that have been listed on the platform by Selling Agents from your agency. Agency Principals can also act as Agent Assists and Selling Agents in the same way as other Agents.</p><p>&nbsp;</p><p>• Depending on the type of account that you register for, you may be required to enter into additional terms and conditions in order to use the Linkedhill platform (or certain features within the platform). We will make these available to you as part of the registration process, or at the time when you use the relevant feature.</p><p>&nbsp;</p><p>• Without limiting clause, we may suspend or terminate any user’s account at any time at our sole discretion without liability to the user.</p><p>&nbsp;</p><p>• If we need to send you any notices in writing, we may send these notices to you by e-mail or post using the contact details you have provided in your membership information.</p><p>&nbsp;</p><p>• Users, Agents, and Agency Principals can terminate their membership on the platform whenever they like by sending an e-mail to at&nbsp;<a href=\"mailto:linkedhill@gmail.com\">linkedhill@gmail.com</a></p><p>&nbsp;</p><p>• If an Agent or Agency Principal terminates their account on the platform, this does not affect any accrued rights or obligations under the Direct Agreements between the agency and Linkedhill.</p><p>&nbsp;</p><p>• If you use the platform to invite or contact any person to join the website, you warrant that you have all consents required by law to send such communications and that the sending of such messages will not infringe any laws.</p><p>&nbsp;</p><p>• When creating an account, you will be asked to choose a password. You must keep your account password confidential and secure, and you acknowledge and agree that you will be solely responsible for any activities engaged in using your account, whether or not access is authorized by you.</p><p>&nbsp;</p><p>• Your account is personal to you, and you may not transfer or assign your account to any other person. You agree not to use the account, username, or password of another member of the website at any time and must not disclose your account password to any third party.</p><p>&nbsp;</p><p>• You must notify us immediately if you suspect any unauthorized use of your account or access to your password.</p><p>&nbsp;</p><p>&nbsp;</p><p><strong>Third Party Content, Products and Services</strong></p><p>Third Party Content</p><p>You acknowledge that, despite the prohibitions above, Content posted on the Site by other end users, may contain inaccurate, inappropriate, offensive or sexually explicit material, products or services and links to other web sites. We do not have control over Content provided by third parties and assume no responsibility or liability for it. Content you access or transmit using the Site is accessed and transmitted at your own risk.&nbsp;</p><p>Third Party Web sites</p><p>Web sites accessed via links or other means from the Site have, unless otherwise indicated, been independently developed by third parties. The inclusion of any Content or links on the Site should not be construed as an express nor an implied endorsement of any third-party products or services by us. We are not responsible for the Content or opinions expressed on any linked web sites, and such web sites are in no way investigated, monitored or checked by us.<br>The User agrees that we shall not be responsible or liable for any loss or damage of any sort incurred as the result of any such dealings or as the result of the presence of such advertisers or third parties on the Site.</p><p>&nbsp;</p><p>&nbsp;</p><p><strong>Change of Information, Products and Services</strong></p><p>Information, products and services published on this website are subject to change without notice.</p><p>&nbsp;</p><p>&nbsp;</p><p><strong>Accuracy of information</strong></p><p>(a) All Services are provided in good faith. We derive our information from sources which we believe to be accurate and up-to-date. We nevertheless:</p><p>(i) Some of the information on the Site may be provided by third parties, including, for example, sales information, price guides, descriptions and photographs of properties. While we believe that these third parties are reliable sources of this information, we cannot guarantee that this information is always accurate, up-to-date or complete, or that your access to that information will be uninterrupted, timely or secure;</p><p>(iii) do not give you any assurances that any information contained in the Services will meet your requirements or be suitable for your purposes;</p><p>(iv) reserve the right to update any information contained in the Services at any time; and</p><p>(v) do not accept responsibility for loss suffered as a result of your reliance on the accuracy of information contained in the Services.</p><p>(b) Some of the information on our Website or associated applications may be provided by third parties. While we believe that these third parties are reliable sources of this information, we cannot guarantee that this information is always accurate, up-to-date or complete.</p><p>© Third Party Data is provided to You without taking into account the objectives, financial situation or needs of any individual. You are advised not to rely on the Third-Party Data in any way as the basis for entering into any commercial, financial or other transaction. Before making any investment decision, an individual should consider the appropriateness of the advice to their circumstances, and obtain specific financial, legal and taxation advice.</p><p>(d) The material provided, and views expressed by other users of the Services are the materials of those users and are not ours.</p><p>&nbsp;</p><p>&nbsp;</p><p><strong>Information provided to us</strong></p><p>You may at your discretion provide information to us in order to receive information about us, the products or services displayed on this website, to receive information relating to our property services and listings or to be involved in promotions or other activities undertaken by us. If you do so, you agree that any such information becomes our property and may be used by us or others, reproduced, published, transmitted, displayed modified or distributed at our discretion, subject to our obligations under our Privacy Statement.</p><p>&nbsp;</p><p>&nbsp;</p><p><strong>Copyright</strong></p><p>All contents of this website, including the software, design, text and graphics are owned by or licensed to us and are protected by copyright under the laws of Nepal and other countries. Apart from fair dealing for the purpose of personal use, private study, research, criticism or review as permitted under copyright legislation, you may not reproduce, transmit, adapt, distribute, sell, modify or publish or otherwise use any of the material on this website without our prior written consent.</p><p>&nbsp;</p><p>&nbsp;</p><p><strong>Trademarks</strong></p><p>This web site includes trademarks which are registered, are the subject of pending applications or which are otherwise protected by law. You may not use these trademarks with out our consent.</p><p>&nbsp;</p><p>&nbsp;</p><p><strong>Disclaimer</strong></p><p>• The information provided on this Site is for general interest only and does not constitute specific advice. Although we make reasonable efforts to update the information on our Site, we make no representations, warranties or guarantees, whether express or implied, that the content on our Site is accurate, complete or up to date.</p><p>• The material on this website and other Linkedhill Sites is not and should not be regarded as legal, financial or real estate advice. Users should seek their own legal, financial or real estate advice where appropriate. Every effort is made to ensure that the material is accurate and up to date. However, we do not guarantee or warrant the accuracy, completeness, or currency of the information provided.</p><p>• You should make your own inquiries and obtain independent professional advice tailored to your specific circumstances before making any legal, financial or real estate decisions.</p><p>&nbsp;</p><p>&nbsp;</p><p><strong>Limitation of liability</strong></p><p>To the extent that the law allows:</p><p>(i) We (including our officers, employees, agents and members) are not liable for any loss or damage including loss of data and/or profits, however caused (including by negligence), which you may directly or indirectly suffer in connection with your use of the Linkedhill Sites or your reliance on any information contained on them;&nbsp;</p><p>(ii) Any condition or warranty which would otherwise be implied into these terms and conditions is hereby excluded.</p><p>&nbsp;</p><p>&nbsp;</p><p><strong>Indemnity</strong></p><p>You agree to indemnify us and our partners, agents, officers, employees and other authorised representatives against all claims, suits, demands, damages, liabilities, costs or expenses connected due to or arising out of:&nbsp;</p><p>(i) use of the Site;&nbsp;</p><p>(ii) breach of these Terms of Use;&nbsp;</p><p>(iii) any breach of your representations and warranties set forth in these Terms of Use;&nbsp;</p><p>(iv) your violation of the rights of a third party, including but not limited to intellectual property rights; or&nbsp;</p><p>(v) any overt harmful act toward any other user of the Site with whom you connected via the Site.<br><br>&nbsp;</p><p>&nbsp;</p><p><strong>Electronic Communications, Transactions and Signatures&nbsp;</strong></p><p>Visiting the Site, sending us emails, and completing online forms constitute electronic communications. You consent to receive electronic communications, and you agree that all agreements, notices, disclosures, and other communications we provide to you electronically, via email and on the Site, satisfy any legal requirement that such communication be in writing. &nbsp;</p><p>You hereby agree to the use of electronic signatures, contracts, orders, and records of transactions initiated or completed by us or via the site. You hereby waive any rights or requirements under any statutes, regulations, rules, ordinances, or other laws in any jurisdiction which require an original signature or delivery or retention of non-electronic records, or to payments or the granting of credits by any means other than electronic means.</p><p>&nbsp;</p><p>&nbsp;</p><p><strong>Resolving Disputes</strong></p><p>If there a dispute arise between you and&nbsp;<strong>Linkedhill</strong>, we want to provide you with a resolution that is efficient and cost effective by using our customer service team. Almost all customer service disputes can be resolved to the customer’s satisfaction by using our customer service, reachable by emailing at linkedhill@gmail.com or by sending an email through the “Contact Us” section of our website.</p><p>If your dispute cannot be resolved using our customer service team, the top management team will take initiative role in order to resolve the disputes and if the issues are still not solved, we will find you the alternative ways for resolution in your favour if applicable.</p><p>&nbsp;</p><p>&nbsp;</p><p><strong>Termination</strong></p><p>If in our reasonable opinion you fail to comply with any of these terms and conditions of use of this website, we may terminate or limit your access to this website.</p><p>&nbsp;</p><p>&nbsp;</p><p><strong>Governing Law</strong></p><p>Any legal issues arising out of the use of this website will be governed by the laws of the Government of Nepal and by using this website you submit to the jurisdiction of the courts of that state.</p><p>&nbsp;</p><p>&nbsp;</p><p><strong>Entire Terms</strong></p><p>The provisions and conditions of these Terms, and each obligation referenced here, represent the entire Terms and Agreement between&nbsp;Linkedhill, its affiliated or related entities, and you, and supersede any prior agreements or understandings not contained &nbsp;here. In the event that any inconsistencies exist between these Terms and any future published terms of use or understanding, the terms of the most recently published Terms shall govern.</p><p>&nbsp;</p>',10,'https://linkedhill.com.np/storage/photos/2/vu-anh-TiVPTYCG_3E-unsplash.jpg',1,'2022-05-18 09:45:34','2022-05-18 12:17:07');
/*!40000 ALTER TABLE `menus` ENABLE KEYS */;
UNLOCK TABLES;

--
-- Table structure for table `migrations`
--

DROP TABLE IF EXISTS `migrations`;
/*!40101 SET @saved_cs_client     = @@character_set_client */;
/*!40101 SET character_set_client = utf8 */;
CREATE TABLE `migrations` (
  `id` int(10) unsigned NOT NULL AUTO_INCREMENT,
  `migration` varchar(191) COLLATE utf8mb4_unicode_ci NOT NULL,
  `batch` int(11) NOT NULL,
  PRIMARY KEY (`id`)
) ENGINE=InnoDB AUTO_INCREMENT=67 DEFAULT CHARSET=utf8mb4 COLLATE=utf8mb4_unicode_ci;
/*!40101 SET character_set_client = @saved_cs_client */;

--
-- Dumping data for table `migrations`
--

LOCK TABLES `migrations` WRITE;
/*!40000 ALTER TABLE `migrations` DISABLE KEYS */;
INSERT INTO `migrations` VALUES (1,'2014_10_12_000000_create_users_table',1),(2,'2014_10_12_100000_create_password_resets_table',1),(3,'2014_10_12_200000_add_two_factor_columns_to_users_table',1),(4,'2016_06_01_000001_create_oauth_auth_codes_table',1),(5,'2016_06_01_000002_create_oauth_access_tokens_table',1),(6,'2016_06_01_000003_create_oauth_refresh_tokens_table',1),(7,'2016_06_01_000004_create_oauth_clients_table',1),(8,'2016_06_01_000005_create_oauth_personal_access_clients_table',1),(9,'2019_08_19_000000_create_failed_jobs_table',1),(10,'2021_02_11_061544_create_admins_table',1),(11,'2021_02_14_092142_create_provinces_table',1),(12,'2021_02_15_054938_create_property_categories_table',1),(13,'2021_02_15_060949_create_cities_table',1),(14,'2021_02_15_061238_create_areas_table',1),(15,'2021_02_15_065925_create_amenities_table',1),(16,'2021_02_21_093335_create_purposes_table',1),(17,'2021_02_21_100313_create_types_table',1),(18,'2021_02_22_054155_create_road_types_table',1),(19,'2021_02_22_062903_create_units_table',1),(20,'2021_02_22_103548_create_categories_table',1),(21,'2021_02_22_104001_create_blogs_table',1),(22,'2021_02_22_104834_create_blog_categories_table',1),(23,'2021_03_14_100101_create_properties_table',1),(24,'2021_03_15_053053_create_property_images_table',1),(25,'2021_03_15_063933_create_property_amenities_table',1),(26,'2021_04_02_095735_create_websites_table',1),(27,'2021_04_04_080021_create_sliders_table',1),(28,'2021_04_12_111154_create_agency_details_table',1),(29,'2021_04_19_095822_create_user_agent_table',1),(30,'2021_04_20_062838_create_agency_properties_table',1),(31,'2021_04_22_060046_create_pages_table',1),(32,'2021_04_22_115046_create_favourite_lists_table',1),(33,'2021_04_24_170954_create_subscribers_table',1),(34,'2021_04_28_064542_create_service_categories_table',1),(35,'2021_04_28_064632_create_services_table',1),(36,'2021_04_28_065503_create_tradelink_admins_table',1),(37,'2021_04_28_071108_create_vendor_services_table',1),(38,'2021_06_18_060411_create_tradelink_sliders_table',1),(39,'2022_01_03_194139_create_tradelink_websites_table',1),(40,'2022_01_03_202825_create_tradelink_subscribers_table',1),(41,'2022_01_05_105348_create_testimonials_table',1),(42,'2022_01_10_075545_create_faqs_table',1),(43,'2022_01_17_020122_create_notifications_table',1),(44,'2022_01_17_192230_create_menus_table',1),(45,'2022_01_19_103914_create_teams_table',1),(46,'2022_01_21_063154_create_advertisements_table',1),(47,'2022_01_30_082147_create_permission_tables',1),(48,'2022_01_30_230220_create_enquiries_table',1),(49,'2022_02_03_100739_create_districts_table',1),(50,'2022_02_08_051304_create_chat_categories_table',1),(51,'2022_02_08_051402_create_questions_table',1),(52,'2022_02_08_051425_create_conversation_lists_table',1),(53,'2022_02_08_051712_create_chat_messages_table',1),(54,'2022_02_08_051941_create_chat_category_references_table',1),(55,'2022_02_11_075051_create_property_faqs_table',1),(56,'2022_02_11_093645_create_customers_table',1),(57,'2022_02_14_073133_create_features_table',1),(58,'2022_02_14_101719_create_feature_property_table',1),(59,'2022_02_14_104957_create_feature_property_category_table',1),(60,'2022_02_24_045247_create_pricings_table',1),(61,'2022_02_27_053611_create_property_reviews_table',1),(62,'2022_02_28_120447_create_app_reviews_table',1),(63,'2022_03_03_093016_create_tradelink_categories_table',1),(64,'2022_03_03_093128_create_tradelinks_table',1),(65,'2022_03_11_113108_create_device_credentials_table',1),(66,'2022_03_15_110932_create_tradelink_books_table',1);
/*!40000 ALTER TABLE `migrations` ENABLE KEYS */;
UNLOCK TABLES;

--
-- Table structure for table `model_has_permissions`
--

DROP TABLE IF EXISTS `model_has_permissions`;
/*!40101 SET @saved_cs_client     = @@character_set_client */;
/*!40101 SET character_set_client = utf8 */;
CREATE TABLE `model_has_permissions` (
  `permission_id` bigint(20) unsigned NOT NULL,
  `model_type` varchar(191) COLLATE utf8mb4_unicode_ci NOT NULL,
  `model_id` bigint(20) unsigned NOT NULL,
  PRIMARY KEY (`permission_id`,`model_id`,`model_type`),
  KEY `model_has_permissions_model_id_model_type_index` (`model_id`,`model_type`),
  CONSTRAINT `model_has_permissions_permission_id_foreign` FOREIGN KEY (`permission_id`) REFERENCES `permissions` (`id`) ON DELETE CASCADE
) ENGINE=InnoDB DEFAULT CHARSET=utf8mb4 COLLATE=utf8mb4_unicode_ci;
/*!40101 SET character_set_client = @saved_cs_client */;

--
-- Dumping data for table `model_has_permissions`
--

LOCK TABLES `model_has_permissions` WRITE;
/*!40000 ALTER TABLE `model_has_permissions` DISABLE KEYS */;
/*!40000 ALTER TABLE `model_has_permissions` ENABLE KEYS */;
UNLOCK TABLES;

--
-- Table structure for table `model_has_roles`
--

DROP TABLE IF EXISTS `model_has_roles`;
/*!40101 SET @saved_cs_client     = @@character_set_client */;
/*!40101 SET character_set_client = utf8 */;
CREATE TABLE `model_has_roles` (
  `role_id` bigint(20) unsigned NOT NULL,
  `model_type` varchar(191) COLLATE utf8mb4_unicode_ci NOT NULL,
  `model_id` bigint(20) unsigned NOT NULL,
  PRIMARY KEY (`role_id`,`model_id`,`model_type`),
  KEY `model_has_roles_model_id_model_type_index` (`model_id`,`model_type`),
  CONSTRAINT `model_has_roles_role_id_foreign` FOREIGN KEY (`role_id`) REFERENCES `roles` (`id`) ON DELETE CASCADE
) ENGINE=InnoDB DEFAULT CHARSET=utf8mb4 COLLATE=utf8mb4_unicode_ci;
/*!40101 SET character_set_client = @saved_cs_client */;

--
-- Dumping data for table `model_has_roles`
--

LOCK TABLES `model_has_roles` WRITE;
/*!40000 ALTER TABLE `model_has_roles` DISABLE KEYS */;
INSERT INTO `model_has_roles` VALUES (1,'App\\Models\\User',1),(2,'App\\Models\\User',2),(3,'App\\Models\\User',3);
/*!40000 ALTER TABLE `model_has_roles` ENABLE KEYS */;
UNLOCK TABLES;

--
-- Table structure for table `notifications`
--

DROP TABLE IF EXISTS `notifications`;
/*!40101 SET @saved_cs_client     = @@character_set_client */;
/*!40101 SET character_set_client = utf8 */;
CREATE TABLE `notifications` (
  `id` char(36) COLLATE utf8mb4_unicode_ci NOT NULL,
  `type` varchar(191) COLLATE utf8mb4_unicode_ci NOT NULL,
  `notifiable_type` varchar(191) COLLATE utf8mb4_unicode_ci NOT NULL,
  `notifiable_id` bigint(20) unsigned NOT NULL,
  `data` text COLLATE utf8mb4_unicode_ci NOT NULL,
  `read_at` timestamp NULL DEFAULT NULL,
  `created_at` timestamp NULL DEFAULT NULL,
  `updated_at` timestamp NULL DEFAULT NULL,
  PRIMARY KEY (`id`),
  KEY `notifications_notifiable_type_notifiable_id_index` (`notifiable_type`,`notifiable_id`)
) ENGINE=InnoDB DEFAULT CHARSET=utf8mb4 COLLATE=utf8mb4_unicode_ci;
/*!40101 SET character_set_client = @saved_cs_client */;

--
-- Dumping data for table `notifications`
--

LOCK TABLES `notifications` WRITE;
/*!40000 ALTER TABLE `notifications` DISABLE KEYS */;
INSERT INTO `notifications` VALUES ('1d8e2a35-5bf9-460c-a1d1-9b919e27fee3','App\\Notifications\\PropertyInquery','App\\Models\\User',2,'{\"notification\":\"{\\\"email\\\":\\\"nectardigit@admin.com\\\",\\\"name\\\":\\\"dhurba dhakal\\\",\\\"contact_info\\\":\\\"9803270065\\\",\\\"subject\\\":null,\\\"message\\\":null,\\\"property_id\\\":\\\"3\\\",\\\"updated_at\\\":\\\"2022-05-18T09:59:03.000000Z\\\",\\\"created_at\\\":\\\"2022-05-18T09:59:03.000000Z\\\",\\\"id\\\":51}\"}',NULL,'2022-05-18 09:59:07','2022-05-18 09:59:07'),('28348f6c-2849-4112-bbfb-f2a60bbee7c8','App\\Notifications\\PropertyInquery','App\\Models\\User',2,'{\"notification\":\"{\\\"email\\\":\\\"amritsparsha1@gmail.com\\\",\\\"name\\\":\\\"Amrit\\\",\\\"contact_info\\\":\\\"9864478901\\\",\\\"subject\\\":null,\\\"message\\\":null,\\\"property_id\\\":\\\"3\\\",\\\"updated_at\\\":\\\"2022-05-18T07:45:35.000000Z\\\",\\\"created_at\\\":\\\"2022-05-18T07:45:35.000000Z\\\",\\\"id\\\":48}\"}',NULL,'2022-05-18 07:45:39','2022-05-18 07:45:39'),('3bd10493-f247-48b4-ae22-35672c99be7a','App\\Notifications\\PropertyInquery','App\\Models\\User',2,'{\"notification\":\"{\\\"email\\\":\\\"amritsparsha1@gmail.com\\\",\\\"name\\\":\\\"Amrit\\\",\\\"contact_info\\\":\\\"9864478901\\\",\\\"subject\\\":null,\\\"message\\\":null,\\\"property_id\\\":\\\"3\\\",\\\"updated_at\\\":\\\"2022-05-18T07:45:37.000000Z\\\",\\\"created_at\\\":\\\"2022-05-18T07:45:37.000000Z\\\",\\\"id\\\":49}\"}',NULL,'2022-05-18 07:45:41','2022-05-18 07:45:41'),('43a6f77a-d2d5-478b-94bb-24f5cf8b325f','App\\Notifications\\PropertyInquery','App\\Models\\User',1,'{\"notification\":\"{\\\"email\\\":\\\"ram@gmail.com\\\",\\\"name\\\":\\\"ram\\\",\\\"contact_info\\\":\\\"9821212152\\\",\\\"subject\\\":null,\\\"message\\\":null,\\\"property_id\\\":\\\"3\\\",\\\"updated_at\\\":\\\"2022-05-04T07:30:23.000000Z\\\",\\\"created_at\\\":\\\"2022-05-04T07:30:23.000000Z\\\",\\\"id\\\":42}\"}',NULL,'2022-05-04 07:30:27','2022-05-04 07:30:27'),('4877430b-3636-4845-a98b-b112191de44e','App\\Notifications\\PropertyInquery','App\\Models\\User',1,'{\"notification\":\"{\\\"email\\\":\\\"ram@gmail.com\\\",\\\"name\\\":\\\"ram\\\",\\\"contact_info\\\":\\\"9821212152\\\",\\\"subject\\\":null,\\\"message\\\":null,\\\"property_id\\\":\\\"3\\\",\\\"updated_at\\\":\\\"2022-05-04T07:31:37.000000Z\\\",\\\"created_at\\\":\\\"2022-05-04T07:31:37.000000Z\\\",\\\"id\\\":47}\"}',NULL,'2022-05-04 07:31:41','2022-05-04 07:31:41'),('61e8bebd-7e87-43da-8447-d97c949625c1','App\\Notifications\\PropertyInquery','App\\Models\\User',1,'{\"notification\":\"{\\\"email\\\":\\\"ram@gmail.com\\\",\\\"name\\\":\\\"ram\\\",\\\"contact_info\\\":\\\"9821212152\\\",\\\"subject\\\":null,\\\"message\\\":null,\\\"property_id\\\":\\\"3\\\",\\\"updated_at\\\":\\\"2022-05-04T07:30:23.000000Z\\\",\\\"created_at\\\":\\\"2022-05-04T07:30:23.000000Z\\\",\\\"id\\\":41}\"}',NULL,'2022-05-04 07:30:26','2022-05-04 07:30:26'),('7f0cb14c-890e-4762-9a45-59d987b7ecb9','App\\Notifications\\PropertyInquery','App\\Models\\User',1,'{\"notification\":\"{\\\"email\\\":\\\"ram@gmail.com\\\",\\\"name\\\":\\\"ram\\\",\\\"contact_info\\\":\\\"9821212152\\\",\\\"subject\\\":null,\\\"message\\\":null,\\\"property_id\\\":\\\"3\\\",\\\"updated_at\\\":\\\"2022-05-04T07:30:21.000000Z\\\",\\\"created_at\\\":\\\"2022-05-04T07:30:21.000000Z\\\",\\\"id\\\":40}\"}',NULL,'2022-05-04 07:30:24','2022-05-04 07:30:24'),('800e51e5-6e15-46e1-993f-ac2d353f793a','App\\Notifications\\PropertyInquery','App\\Models\\User',1,'{\"notification\":\"{\\\"email\\\":\\\"ram@gmail.com\\\",\\\"name\\\":\\\"ram\\\",\\\"contact_info\\\":\\\"9821212152\\\",\\\"subject\\\":null,\\\"message\\\":null,\\\"property_id\\\":\\\"3\\\",\\\"updated_at\\\":\\\"2022-05-04T07:30:23.000000Z\\\",\\\"created_at\\\":\\\"2022-05-04T07:30:23.000000Z\\\",\\\"id\\\":43}\"}',NULL,'2022-05-04 07:30:27','2022-05-04 07:30:27'),('b3ced1aa-d3d1-4896-b34e-a44b5d34cf00','App\\Notifications\\PropertyInquery','App\\Models\\User',1,'{\"notification\":\"{\\\"email\\\":\\\"ram@gmail.com\\\",\\\"name\\\":\\\"ram\\\",\\\"contact_info\\\":\\\"9821212152\\\",\\\"subject\\\":null,\\\"message\\\":null,\\\"property_id\\\":\\\"3\\\",\\\"updated_at\\\":\\\"2022-05-04T07:30:40.000000Z\\\",\\\"created_at\\\":\\\"2022-05-04T07:30:40.000000Z\\\",\\\"id\\\":46}\"}',NULL,'2022-05-04 07:30:43','2022-05-04 07:30:43'),('d92e7f64-da07-49f6-ac00-08ec9f3ac33c','App\\Notifications\\PropertyInquery','App\\Models\\User',1,'{\"notification\":\"{\\\"email\\\":\\\"ram@gmail.com\\\",\\\"name\\\":\\\"ram\\\",\\\"contact_info\\\":\\\"9821212152\\\",\\\"subject\\\":null,\\\"message\\\":null,\\\"property_id\\\":\\\"3\\\",\\\"updated_at\\\":\\\"2022-05-04T07:30:24.000000Z\\\",\\\"created_at\\\":\\\"2022-05-04T07:30:24.000000Z\\\",\\\"id\\\":44}\"}',NULL,'2022-05-04 07:30:27','2022-05-04 07:30:27'),('ebddb0a9-38fb-4378-8edb-e139cf9ceec8','App\\Notifications\\PropertyInquery','App\\Models\\User',2,'{\"notification\":\"{\\\"email\\\":\\\"dhurba179@gmail.com\\\",\\\"name\\\":\\\"dhurba dhakal\\\",\\\"contact_info\\\":\\\"9803270065\\\",\\\"subject\\\":null,\\\"message\\\":null,\\\"property_id\\\":\\\"3\\\",\\\"updated_at\\\":\\\"2022-05-18T09:56:05.000000Z\\\",\\\"created_at\\\":\\\"2022-05-18T09:56:05.000000Z\\\",\\\"id\\\":50}\"}',NULL,'2022-05-18 09:56:09','2022-05-18 09:56:09'),('f4991739-cc1f-40a0-ada3-ad23d86ae548','App\\Notifications\\PropertyInquery','App\\Models\\User',2,'{\"notification\":\"{\\\"email\\\":\\\"nectardigit@admin.com\\\",\\\"name\\\":\\\"dhurba dhakal\\\",\\\"contact_info\\\":\\\"9803270065\\\",\\\"subject\\\":null,\\\"message\\\":null,\\\"property_id\\\":\\\"3\\\",\\\"updated_at\\\":\\\"2022-05-18T10:01:25.000000Z\\\",\\\"created_at\\\":\\\"2022-05-18T10:01:25.000000Z\\\",\\\"id\\\":52}\"}',NULL,'2022-05-18 10:01:28','2022-05-18 10:01:28'),('f6185abf-a6ec-451e-9bce-acefbcd29555','App\\Notifications\\PropertyInquery','App\\Models\\User',2,'{\"notification\":\"{\\\"email\\\":\\\"nectardigit@admin.com\\\",\\\"name\\\":\\\"dhurba dhakal\\\",\\\"contact_info\\\":\\\"9803270065\\\",\\\"subject\\\":null,\\\"message\\\":null,\\\"property_id\\\":\\\"3\\\",\\\"updated_at\\\":\\\"2022-05-18T12:13:04.000000Z\\\",\\\"created_at\\\":\\\"2022-05-18T12:13:04.000000Z\\\",\\\"id\\\":54}\"}',NULL,'2022-05-18 12:13:08','2022-05-18 12:13:08'),('fc6376d7-e14d-48f2-93f4-a992ddd3d308','App\\Notifications\\PropertyInquery','App\\Models\\User',2,'{\"notification\":\"{\\\"email\\\":\\\"nectardigit@admin.com\\\",\\\"name\\\":\\\"dhurba dhakal\\\",\\\"contact_info\\\":\\\"9803270065\\\",\\\"subject\\\":null,\\\"message\\\":null,\\\"property_id\\\":\\\"3\\\",\\\"updated_at\\\":\\\"2022-05-18T10:48:24.000000Z\\\",\\\"created_at\\\":\\\"2022-05-18T10:48:24.000000Z\\\",\\\"id\\\":53}\"}',NULL,'2022-05-18 10:48:28','2022-05-18 10:48:28');
/*!40000 ALTER TABLE `notifications` ENABLE KEYS */;
UNLOCK TABLES;

--
-- Table structure for table `oauth_access_tokens`
--

DROP TABLE IF EXISTS `oauth_access_tokens`;
/*!40101 SET @saved_cs_client     = @@character_set_client */;
/*!40101 SET character_set_client = utf8 */;
CREATE TABLE `oauth_access_tokens` (
  `id` varchar(100) COLLATE utf8mb4_unicode_ci NOT NULL,
  `user_id` bigint(20) unsigned DEFAULT NULL,
  `client_id` bigint(20) unsigned NOT NULL,
  `name` varchar(191) COLLATE utf8mb4_unicode_ci DEFAULT NULL,
  `scopes` text COLLATE utf8mb4_unicode_ci DEFAULT NULL,
  `revoked` tinyint(1) NOT NULL,
  `created_at` timestamp NULL DEFAULT NULL,
  `updated_at` timestamp NULL DEFAULT NULL,
  `expires_at` datetime DEFAULT NULL,
  PRIMARY KEY (`id`),
  KEY `oauth_access_tokens_user_id_index` (`user_id`)
) ENGINE=InnoDB DEFAULT CHARSET=utf8mb4 COLLATE=utf8mb4_unicode_ci;
/*!40101 SET character_set_client = @saved_cs_client */;

--
-- Dumping data for table `oauth_access_tokens`
--

LOCK TABLES `oauth_access_tokens` WRITE;
/*!40000 ALTER TABLE `oauth_access_tokens` DISABLE KEYS */;
INSERT INTO `oauth_access_tokens` VALUES ('8dd0868a813f2302904372d20b87349193616667ee883d47f08548ed3bc73374747299926fc6eafd',1,1,'authToken','[]',0,'2022-05-04 05:59:26','2022-05-04 05:59:26','2023-05-04 05:59:26'),('dc2ab31c453fa748ba8dad33156ae4c8cd5b636302b99dcfba70732ad7bc61e5148ef4ea3f05fe27',2,1,'authToken','[]',0,'2022-05-04 05:25:55','2022-05-04 05:25:55','2023-05-04 05:25:55');
/*!40000 ALTER TABLE `oauth_access_tokens` ENABLE KEYS */;
UNLOCK TABLES;

--
-- Table structure for table `oauth_auth_codes`
--

DROP TABLE IF EXISTS `oauth_auth_codes`;
/*!40101 SET @saved_cs_client     = @@character_set_client */;
/*!40101 SET character_set_client = utf8 */;
CREATE TABLE `oauth_auth_codes` (
  `id` varchar(100) COLLATE utf8mb4_unicode_ci NOT NULL,
  `user_id` bigint(20) unsigned NOT NULL,
  `client_id` bigint(20) unsigned NOT NULL,
  `scopes` text COLLATE utf8mb4_unicode_ci DEFAULT NULL,
  `revoked` tinyint(1) NOT NULL,
  `expires_at` datetime DEFAULT NULL,
  PRIMARY KEY (`id`),
  KEY `oauth_auth_codes_user_id_index` (`user_id`)
) ENGINE=InnoDB DEFAULT CHARSET=utf8mb4 COLLATE=utf8mb4_unicode_ci;
/*!40101 SET character_set_client = @saved_cs_client */;

--
-- Dumping data for table `oauth_auth_codes`
--

LOCK TABLES `oauth_auth_codes` WRITE;
/*!40000 ALTER TABLE `oauth_auth_codes` DISABLE KEYS */;
/*!40000 ALTER TABLE `oauth_auth_codes` ENABLE KEYS */;
UNLOCK TABLES;

--
-- Table structure for table `oauth_clients`
--

DROP TABLE IF EXISTS `oauth_clients`;
/*!40101 SET @saved_cs_client     = @@character_set_client */;
/*!40101 SET character_set_client = utf8 */;
CREATE TABLE `oauth_clients` (
  `id` bigint(20) unsigned NOT NULL AUTO_INCREMENT,
  `user_id` bigint(20) unsigned DEFAULT NULL,
  `name` varchar(191) COLLATE utf8mb4_unicode_ci NOT NULL,
  `secret` varchar(100) COLLATE utf8mb4_unicode_ci DEFAULT NULL,
  `provider` varchar(191) COLLATE utf8mb4_unicode_ci DEFAULT NULL,
  `redirect` text COLLATE utf8mb4_unicode_ci NOT NULL,
  `personal_access_client` tinyint(1) NOT NULL,
  `password_client` tinyint(1) NOT NULL,
  `revoked` tinyint(1) NOT NULL,
  `created_at` timestamp NULL DEFAULT NULL,
  `updated_at` timestamp NULL DEFAULT NULL,
  PRIMARY KEY (`id`),
  KEY `oauth_clients_user_id_index` (`user_id`)
) ENGINE=InnoDB AUTO_INCREMENT=3 DEFAULT CHARSET=utf8mb4 COLLATE=utf8mb4_unicode_ci;
/*!40101 SET character_set_client = @saved_cs_client */;

--
-- Dumping data for table `oauth_clients`
--

LOCK TABLES `oauth_clients` WRITE;
/*!40000 ALTER TABLE `oauth_clients` DISABLE KEYS */;
INSERT INTO `oauth_clients` VALUES (1,NULL,'Laravel Personal Access Client','D5C4M7PKTt5dUJCYkQ8qkjqqAoW9aLfHdTLpLDcM',NULL,'http://localhost',1,0,0,'2022-05-04 05:25:52','2022-05-04 05:25:52'),(2,NULL,'Laravel Password Grant Client','lWUBTlReMkiH4Uw0CE2HSHmQczJoANWDqs3cnFSn','users','http://localhost',0,1,0,'2022-05-04 05:25:52','2022-05-04 05:25:52');
/*!40000 ALTER TABLE `oauth_clients` ENABLE KEYS */;
UNLOCK TABLES;

--
-- Table structure for table `oauth_personal_access_clients`
--

DROP TABLE IF EXISTS `oauth_personal_access_clients`;
/*!40101 SET @saved_cs_client     = @@character_set_client */;
/*!40101 SET character_set_client = utf8 */;
CREATE TABLE `oauth_personal_access_clients` (
  `id` bigint(20) unsigned NOT NULL AUTO_INCREMENT,
  `client_id` bigint(20) unsigned NOT NULL,
  `created_at` timestamp NULL DEFAULT NULL,
  `updated_at` timestamp NULL DEFAULT NULL,
  PRIMARY KEY (`id`)
) ENGINE=InnoDB AUTO_INCREMENT=2 DEFAULT CHARSET=utf8mb4 COLLATE=utf8mb4_unicode_ci;
/*!40101 SET character_set_client = @saved_cs_client */;

--
-- Dumping data for table `oauth_personal_access_clients`
--

LOCK TABLES `oauth_personal_access_clients` WRITE;
/*!40000 ALTER TABLE `oauth_personal_access_clients` DISABLE KEYS */;
INSERT INTO `oauth_personal_access_clients` VALUES (1,1,'2022-05-04 05:25:52','2022-05-04 05:25:52');
/*!40000 ALTER TABLE `oauth_personal_access_clients` ENABLE KEYS */;
UNLOCK TABLES;

--
-- Table structure for table `oauth_refresh_tokens`
--

DROP TABLE IF EXISTS `oauth_refresh_tokens`;
/*!40101 SET @saved_cs_client     = @@character_set_client */;
/*!40101 SET character_set_client = utf8 */;
CREATE TABLE `oauth_refresh_tokens` (
  `id` varchar(100) COLLATE utf8mb4_unicode_ci NOT NULL,
  `access_token_id` varchar(100) COLLATE utf8mb4_unicode_ci NOT NULL,
  `revoked` tinyint(1) NOT NULL,
  `expires_at` datetime DEFAULT NULL,
  PRIMARY KEY (`id`),
  KEY `oauth_refresh_tokens_access_token_id_index` (`access_token_id`)
) ENGINE=InnoDB DEFAULT CHARSET=utf8mb4 COLLATE=utf8mb4_unicode_ci;
/*!40101 SET character_set_client = @saved_cs_client */;

--
-- Dumping data for table `oauth_refresh_tokens`
--

LOCK TABLES `oauth_refresh_tokens` WRITE;
/*!40000 ALTER TABLE `oauth_refresh_tokens` DISABLE KEYS */;
/*!40000 ALTER TABLE `oauth_refresh_tokens` ENABLE KEYS */;
UNLOCK TABLES;

--
-- Table structure for table `pages`
--

DROP TABLE IF EXISTS `pages`;
/*!40101 SET @saved_cs_client     = @@character_set_client */;
/*!40101 SET character_set_client = utf8 */;
CREATE TABLE `pages` (
  `id` bigint(20) unsigned NOT NULL AUTO_INCREMENT,
  `name` varchar(100) COLLATE utf8mb4_unicode_ci NOT NULL,
  `slug` varchar(100) COLLATE utf8mb4_unicode_ci NOT NULL,
  `description` text COLLATE utf8mb4_unicode_ci NOT NULL,
  `meta_keyword` varchar(191) COLLATE utf8mb4_unicode_ci DEFAULT NULL,
  `meta_description` varchar(191) COLLATE utf8mb4_unicode_ci DEFAULT NULL,
  `created_at` timestamp NULL DEFAULT NULL,
  `updated_at` timestamp NULL DEFAULT NULL,
  PRIMARY KEY (`id`)
) ENGINE=InnoDB AUTO_INCREMENT=5 DEFAULT CHARSET=utf8mb4 COLLATE=utf8mb4_unicode_ci;
/*!40101 SET character_set_client = @saved_cs_client */;

--
-- Dumping data for table `pages`
--

LOCK TABLES `pages` WRITE;
/*!40000 ALTER TABLE `pages` DISABLE KEYS */;
INSERT INTO `pages` VALUES (1,'Our Company','our-company','Lorem ipsum, or lipsum as it is sometimes known, is dummy text used in laying out print, graphic or web designs. ','keyword','description',NULL,NULL),(2,'Policies','policies','Lorem ipsum, or lipsum as it is sometimes known, is dummy text used in laying out print, graphic or web designs. ','keyword','description',NULL,NULL),(3,'Terms & Conditions','terms-and-conditions','Lorem ipsum, or lipsum as it is sometimes known, is dummy text used in laying out print, graphic or web designs. ','keyword','description',NULL,NULL),(4,'About Us','about-us','<p><strong>Who we are</strong></p><p>&nbsp;</p><p>Linkedhill is a digital marketing &amp; advertising company which focuses on delivering results to our customers, clients and people covering multiple property searches. Linkedhill has grown to become Nepal’s leading real estate &amp; property online portal featuring largest range of residential, commercial &amp; agricultural property networks.</p><p>Established in 2021, Linkedhill has transformed the experience of looking for a property for hundreds of thousands of property hunters and has also provided estate agents with an efficient and effective marketing tool.</p><p>&nbsp;</p><p>&nbsp;</p><p><strong>What we do</strong></p><p><strong>&nbsp;</strong></p><p>For all properties listed in our online platform, we combine strong marketing campaigns, product knowledge to the related parties and skilful customer service skills to deliver outstanding results and achieving successful record. We also have an extensive Services section which allows users to search a comprehensive directory of Service Providers or just browse our many articles on Home Improvement tips and advice.</p><p>With our extensive property listings and our wide property search options the Linkedhill.com.np site has created a significantly more convenient and effective way for property hunters to find their next property whatever the criteria; buying or renting.</p><p>With our various mobile apps and mobile site growing in popularity, Linkedhill attracts tremendous page impressions per month, with high number of visitors. These figures continue to rise year-on-year making Linkedhill one of the fastest growing property sites around.&nbsp;</p><p>&nbsp;</p><p>&nbsp;</p><p><strong>Our Commitment</strong></p><p><strong>&nbsp;</strong></p><p>Our business relationship has been built on proven results, honesty, integrity, professionalism, ethics and good hard work within a short period of time.</p><p>Our team’s dedication and commitment to establish individual relationships with all our valued clients, whether an investor, a landlord, a property owner looking to sell, a tenant or a first home buyer looking to enter the property market for the very first time, every person whatever their circumstances are is super important to us all.&nbsp;</p><p>&nbsp;</p>','keyword','description',NULL,'2022-05-17 16:56:29');
/*!40000 ALTER TABLE `pages` ENABLE KEYS */;
UNLOCK TABLES;

--
-- Table structure for table `password_resets`
--

DROP TABLE IF EXISTS `password_resets`;
/*!40101 SET @saved_cs_client     = @@character_set_client */;
/*!40101 SET character_set_client = utf8 */;
CREATE TABLE `password_resets` (
  `email` varchar(191) COLLATE utf8mb4_unicode_ci NOT NULL,
  `token` varchar(191) COLLATE utf8mb4_unicode_ci NOT NULL,
  `created_at` timestamp NULL DEFAULT NULL,
  KEY `password_resets_email_index` (`email`)
) ENGINE=InnoDB DEFAULT CHARSET=utf8mb4 COLLATE=utf8mb4_unicode_ci;
/*!40101 SET character_set_client = @saved_cs_client */;

--
-- Dumping data for table `password_resets`
--

LOCK TABLES `password_resets` WRITE;
/*!40000 ALTER TABLE `password_resets` DISABLE KEYS */;
/*!40000 ALTER TABLE `password_resets` ENABLE KEYS */;
UNLOCK TABLES;

--
-- Table structure for table `permissions`
--

DROP TABLE IF EXISTS `permissions`;
/*!40101 SET @saved_cs_client     = @@character_set_client */;
/*!40101 SET character_set_client = utf8 */;
CREATE TABLE `permissions` (
  `id` bigint(20) unsigned NOT NULL AUTO_INCREMENT,
  `name` varchar(191) COLLATE utf8mb4_unicode_ci NOT NULL,
  `guard_name` varchar(191) COLLATE utf8mb4_unicode_ci NOT NULL,
  `created_at` timestamp NULL DEFAULT NULL,
  `updated_at` timestamp NULL DEFAULT NULL,
  PRIMARY KEY (`id`),
  UNIQUE KEY `permissions_name_guard_name_unique` (`name`,`guard_name`)
) ENGINE=InnoDB AUTO_INCREMENT=125 DEFAULT CHARSET=utf8mb4 COLLATE=utf8mb4_unicode_ci;
/*!40101 SET character_set_client = @saved_cs_client */;

--
-- Dumping data for table `permissions`
--

LOCK TABLES `permissions` WRITE;
/*!40000 ALTER TABLE `permissions` DISABLE KEYS */;
INSERT INTO `permissions` VALUES (1,'user-list','web',NULL,NULL),(2,'user-create','web',NULL,NULL),(3,'user-edit','web',NULL,NULL),(4,'user-delete','web',NULL,NULL),(5,'permission-list','web',NULL,NULL),(6,'permission-create','web',NULL,NULL),(7,'permission-edit','web',NULL,NULL),(8,'permission-delete','web',NULL,NULL),(9,'role-list','web',NULL,NULL),(10,'role-create','web',NULL,NULL),(11,'role-edit','web',NULL,NULL),(12,'role-delete','web',NULL,NULL),(13,'amenity-list','web',NULL,NULL),(14,'amenity-create','web',NULL,NULL),(15,'amenity-edit','web',NULL,NULL),(16,'amenity-delete','web',NULL,NULL),(17,'area-list','web',NULL,NULL),(18,'area-create','web',NULL,NULL),(19,'area-edit','web',NULL,NULL),(20,'area-delete','web',NULL,NULL),(21,'blog-category-list','web',NULL,NULL),(22,'blog-category-create','web',NULL,NULL),(23,'blog-category-edit','web',NULL,NULL),(24,'blog-category-delete','web',NULL,NULL),(25,'blog-list','web',NULL,NULL),(26,'blog-create','web',NULL,NULL),(27,'blog-edit','web',NULL,NULL),(28,'blog-delete','web',NULL,NULL),(29,'news-list','web',NULL,NULL),(30,'news-create','web',NULL,NULL),(31,'news-edit','web',NULL,NULL),(32,'news-delete','web',NULL,NULL),(33,'category-list','web',NULL,NULL),(34,'category-create','web',NULL,NULL),(35,'category-edit','web',NULL,NULL),(36,'category-delete','web',NULL,NULL),(37,'city-list','web',NULL,NULL),(38,'city-create','web',NULL,NULL),(39,'city-edit','web',NULL,NULL),(40,'city-delete','web',NULL,NULL),(41,'faq-list','web',NULL,NULL),(42,'faq-create','web',NULL,NULL),(43,'faq-edit','web',NULL,NULL),(44,'faq-delete','web',NULL,NULL),(45,'page-list','web',NULL,NULL),(46,'page-create','web',NULL,NULL),(47,'page-edit','web',NULL,NULL),(48,'page-delete','web',NULL,NULL),(49,'property-list','web',NULL,NULL),(50,'property-create','web',NULL,NULL),(51,'property-edit','web',NULL,NULL),(52,'property-delete','web',NULL,NULL),(53,'province-list','web',NULL,NULL),(54,'province-create','web',NULL,NULL),(55,'province-edit','web',NULL,NULL),(56,'province-delete','web',NULL,NULL),(57,'purpose-list','web',NULL,NULL),(58,'purpose-create','web',NULL,NULL),(59,'purpose-edit','web',NULL,NULL),(60,'purpose-delete','web',NULL,NULL),(61,'road-type-list','web',NULL,NULL),(62,'road-type-create','web',NULL,NULL),(63,'road-type-edit','web',NULL,NULL),(64,'road-type-delete','web',NULL,NULL),(65,'service-category-list','web',NULL,NULL),(66,'service-category-create','web',NULL,NULL),(67,'service-category-edit','web',NULL,NULL),(68,'service-category-delete','web',NULL,NULL),(69,'service-list','web',NULL,NULL),(70,'service-create','web',NULL,NULL),(71,'service-edit','web',NULL,NULL),(72,'service-delete','web',NULL,NULL),(73,'slider-list','web',NULL,NULL),(74,'slider-create','web',NULL,NULL),(75,'slider-edit','web',NULL,NULL),(76,'slider-delete','web',NULL,NULL),(77,'testimonial-list','web',NULL,NULL),(78,'testimonial-create','web',NULL,NULL),(79,'testimonial-edit','web',NULL,NULL),(80,'testimonial-delete','web',NULL,NULL),(81,'type-list','web',NULL,NULL),(82,'type-create','web',NULL,NULL),(83,'type-edit','web',NULL,NULL),(84,'type-delete','web',NULL,NULL),(85,'unit-list','web',NULL,NULL),(86,'unit-create','web',NULL,NULL),(87,'unit-edit','web',NULL,NULL),(88,'unit-delete','web',NULL,NULL),(89,'vendor-list','web',NULL,NULL),(90,'vendor-create','web',NULL,NULL),(91,'vendor-edit','web',NULL,NULL),(92,'vendor-delete','web',NULL,NULL),(93,'website-list','web',NULL,NULL),(94,'website-create','web',NULL,NULL),(95,'website-edit','web',NULL,NULL),(96,'website-delete','web',NULL,NULL),(97,'feature-list','web',NULL,NULL),(98,'feature-create','web',NULL,NULL),(99,'feature-edit','web',NULL,NULL),(100,'feature-delete','web',NULL,NULL),(101,'agency-list','web',NULL,NULL),(102,'agency-create','web',NULL,NULL),(103,'agency-edit','web',NULL,NULL),(104,'agency-delete','web',NULL,NULL),(105,'tradelink-category-list','web',NULL,NULL),(106,'tradelink-category-create','web',NULL,NULL),(107,'tradelink-category-edit','web',NULL,NULL),(108,'tradelink-category-delete','web',NULL,NULL),(109,'tradelink-list','web',NULL,NULL),(110,'tradelink-create','web',NULL,NULL),(111,'tradelink-edit','web',NULL,NULL),(112,'tradelink-delete','web',NULL,NULL),(113,'advertisement-list','web',NULL,NULL),(114,'advertisement-create','web',NULL,NULL),(115,'advertisement-edit','web',NULL,NULL),(116,'advertisement-delete','web',NULL,NULL),(117,'team-list','web',NULL,NULL),(118,'team-create','web',NULL,NULL),(119,'team-edit','web',NULL,NULL),(120,'team-delete','web',NULL,NULL),(121,'menu-list','web',NULL,NULL),(122,'menu-create','web',NULL,NULL),(123,'menu-edit','web',NULL,NULL),(124,'menu-delete','web',NULL,NULL);
/*!40000 ALTER TABLE `permissions` ENABLE KEYS */;
UNLOCK TABLES;

--
-- Table structure for table `pricings`
--

DROP TABLE IF EXISTS `pricings`;
/*!40101 SET @saved_cs_client     = @@character_set_client */;
/*!40101 SET character_set_client = utf8 */;
CREATE TABLE `pricings` (
  `id` bigint(20) unsigned NOT NULL AUTO_INCREMENT,
  `title` varchar(191) COLLATE utf8mb4_unicode_ci NOT NULL,
  `slug` varchar(191) COLLATE utf8mb4_unicode_ci NOT NULL,
  `description` longtext COLLATE utf8mb4_unicode_ci DEFAULT NULL,
  `features` longtext COLLATE utf8mb4_unicode_ci DEFAULT NULL,
  `featured` tinyint(1) NOT NULL DEFAULT 0,
  `image` varchar(191) COLLATE utf8mb4_unicode_ci DEFAULT NULL,
  `price` decimal(10,2) DEFAULT 0.00,
  `deleted_at` timestamp NULL DEFAULT NULL,
  `created_at` timestamp NULL DEFAULT NULL,
  `updated_at` timestamp NULL DEFAULT NULL,
  PRIMARY KEY (`id`),
  UNIQUE KEY `pricings_slug_unique` (`slug`)
) ENGINE=InnoDB AUTO_INCREMENT=2 DEFAULT CHARSET=utf8mb4 COLLATE=utf8mb4_unicode_ci;
/*!40101 SET character_set_client = @saved_cs_client */;

--
-- Dumping data for table `pricings`
--

LOCK TABLES `pricings` WRITE;
/*!40000 ALTER TABLE `pricings` DISABLE KEYS */;
INSERT INTO `pricings` VALUES (1,'buy price for house','buy-price','house','[\"all facility available\"]',0,'https://linkedhill.com.np/storage/photos/1/untitled.png',5000000.00,'2022-04-28 09:38:51','2022-04-28 06:39:45','2022-04-28 09:38:51');
/*!40000 ALTER TABLE `pricings` ENABLE KEYS */;
UNLOCK TABLES;

--
-- Table structure for table `properties`
--

DROP TABLE IF EXISTS `properties`;
/*!40101 SET @saved_cs_client     = @@character_set_client */;
/*!40101 SET character_set_client = utf8 */;
CREATE TABLE `properties` (
  `id` bigint(20) unsigned NOT NULL AUTO_INCREMENT,
  `status` tinyint(1) NOT NULL DEFAULT 0,
  `property_status` varchar(191) COLLATE utf8mb4_unicode_ci DEFAULT NULL,
  `type` varchar(191) COLLATE utf8mb4_unicode_ci DEFAULT NULL,
  `title` varchar(191) COLLATE utf8mb4_unicode_ci DEFAULT NULL,
  `slug` varchar(191) COLLATE utf8mb4_unicode_ci DEFAULT NULL,
  `property_detail` text COLLATE utf8mb4_unicode_ci DEFAULT NULL,
  `property_address` varchar(191) COLLATE utf8mb4_unicode_ci DEFAULT NULL,
  `map_location` text COLLATE utf8mb4_unicode_ci DEFAULT NULL,
  `city_id` bigint(20) unsigned NOT NULL,
  `area_id` bigint(20) unsigned NOT NULL,
  `zipcode` varchar(191) COLLATE utf8mb4_unicode_ci DEFAULT NULL,
  `total_area` varchar(191) COLLATE utf8mb4_unicode_ci DEFAULT NULL,
  `total_area_unit` varchar(191) COLLATE utf8mb4_unicode_ci DEFAULT NULL,
  `built_up_area` varchar(191) COLLATE utf8mb4_unicode_ci DEFAULT NULL,
  `built_up_area_unit` varchar(191) COLLATE utf8mb4_unicode_ci DEFAULT NULL,
  `property_facing` varchar(191) COLLATE utf8mb4_unicode_ci DEFAULT NULL,
  `road_access` varchar(191) COLLATE utf8mb4_unicode_ci DEFAULT NULL,
  `road_access_unit` varchar(191) COLLATE utf8mb4_unicode_ci DEFAULT NULL,
  `road_type` varchar(191) COLLATE utf8mb4_unicode_ci DEFAULT NULL,
  `start_price` decimal(11,2) NOT NULL DEFAULT 0.00,
  `end_price` decimal(11,2) NOT NULL DEFAULT 0.00,
  `price_label` varchar(191) COLLATE utf8mb4_unicode_ci DEFAULT NULL,
  `owner_name` varchar(191) COLLATE utf8mb4_unicode_ci DEFAULT NULL,
  `owner_address` varchar(191) COLLATE utf8mb4_unicode_ci DEFAULT NULL,
  `owner_phone` varchar(191) COLLATE utf8mb4_unicode_ci DEFAULT NULL,
  `youtube_video_id` varchar(191) COLLATE utf8mb4_unicode_ci DEFAULT NULL,
  `feature` tinyint(1) NOT NULL DEFAULT 0,
  `insurance` tinyint(1) NOT NULL DEFAULT 0,
  `user_id` bigint(20) unsigned DEFAULT NULL,
  `admin_id` bigint(20) unsigned DEFAULT NULL,
  `category_id` bigint(20) unsigned NOT NULL,
  `view_count` bigint(20) unsigned NOT NULL DEFAULT 1,
  `premium_property` tinyint(1) NOT NULL DEFAULT 0,
  `hasAgent` tinyint(1) NOT NULL DEFAULT 0,
  `verified_by` bigint(20) unsigned DEFAULT NULL,
  `verified_at` timestamp NULL DEFAULT NULL,
  `deleted_at` timestamp NULL DEFAULT NULL,
  `created_at` timestamp NULL DEFAULT NULL,
  `updated_at` timestamp NULL DEFAULT NULL,
  `meta_keyword` varchar(191) COLLATE utf8mb4_unicode_ci DEFAULT NULL,
  `meta_description` varchar(191) COLLATE utf8mb4_unicode_ci DEFAULT NULL,
  PRIMARY KEY (`id`),
  KEY `properties_category_id_foreign` (`category_id`),
  KEY `properties_city_id_foreign` (`city_id`),
  KEY `properties_area_id_foreign` (`area_id`),
  KEY `properties_user_id_foreign` (`user_id`),
  KEY `properties_verified_by_foreign` (`verified_by`),
  CONSTRAINT `properties_area_id_foreign` FOREIGN KEY (`area_id`) REFERENCES `areas` (`id`) ON DELETE CASCADE,
  CONSTRAINT `properties_category_id_foreign` FOREIGN KEY (`category_id`) REFERENCES `property_categories` (`id`) ON DELETE CASCADE,
  CONSTRAINT `properties_city_id_foreign` FOREIGN KEY (`city_id`) REFERENCES `cities` (`id`) ON DELETE CASCADE,
  CONSTRAINT `properties_user_id_foreign` FOREIGN KEY (`user_id`) REFERENCES `users` (`id`) ON DELETE CASCADE,
  CONSTRAINT `properties_verified_by_foreign` FOREIGN KEY (`verified_by`) REFERENCES `users` (`id`) ON DELETE CASCADE
) ENGINE=InnoDB AUTO_INCREMENT=4 DEFAULT CHARSET=utf8mb4 COLLATE=utf8mb4_unicode_ci;
/*!40101 SET character_set_client = @saved_cs_client */;

--
-- Dumping data for table `properties`
--

LOCK TABLES `properties` WRITE;
/*!40000 ALTER TABLE `properties` DISABLE KEYS */;
INSERT INTO `properties` VALUES (1,1,'Sale','Residential','beutifull house for sale','beutifull-house-for-sale','<p>xbhcsk kfhdsjk hfsjklf</p>','sundhara',NULL,1,1,'44600','6','1',NULL,'1','South','yes','1','2',20000000.00,210000000.00,'Per Month','ramesh shrestha','sundhara','9864235062',NULL,1,1,2,NULL,1,54,0,0,2,'2022-05-18 06:02:13',NULL,'2022-04-28 06:23:14','2022-05-18 14:01:23',NULL,NULL),(2,1,'Rent','Residential','Flat is available for rent','flat-is-available-for-rent','<p>Flat is available for rent&nbsp;</p>','sundhara',NULL,1,1,'44600','6','1',NULL,'1','South','yes','1','2',14000.00,14500.00,'Per Month','ramesh shrestha','sundhara','9864235062',NULL,1,1,2,NULL,4,40,0,0,2,'2022-05-18 06:00:55',NULL,'2022-04-28 07:26:07','2022-05-18 12:12:58',NULL,NULL),(3,1,'Rent','Residential','apartment','apartment','<p>apartment</p>','balaju',NULL,1,1,'48600','15','1',NULL,'1','South','yes','1','2',50000.00,100000.00,'Per Month','bibek shrestha','balaju','9864235062',NULL,1,1,2,NULL,3,61,0,0,2,'2022-05-18 05:57:35',NULL,'2022-04-28 11:44:51','2022-05-18 14:34:13',NULL,NULL);
/*!40000 ALTER TABLE `properties` ENABLE KEYS */;
UNLOCK TABLES;

--
-- Table structure for table `property_amenities`
--

DROP TABLE IF EXISTS `property_amenities`;
/*!40101 SET @saved_cs_client     = @@character_set_client */;
/*!40101 SET character_set_client = utf8 */;
CREATE TABLE `property_amenities` (
  `id` bigint(20) unsigned NOT NULL AUTO_INCREMENT,
  `user_id` bigint(20) unsigned DEFAULT NULL,
  `property_id` bigint(20) unsigned NOT NULL,
  `amenity_id` bigint(20) unsigned NOT NULL,
  `created_at` timestamp NULL DEFAULT NULL,
  `updated_at` timestamp NULL DEFAULT NULL,
  PRIMARY KEY (`id`),
  KEY `property_amenities_user_id_foreign` (`user_id`),
  KEY `property_amenities_property_id_foreign` (`property_id`),
  KEY `property_amenities_amenity_id_foreign` (`amenity_id`),
  CONSTRAINT `property_amenities_amenity_id_foreign` FOREIGN KEY (`amenity_id`) REFERENCES `amenities` (`id`) ON DELETE CASCADE,
  CONSTRAINT `property_amenities_property_id_foreign` FOREIGN KEY (`property_id`) REFERENCES `properties` (`id`) ON DELETE CASCADE,
  CONSTRAINT `property_amenities_user_id_foreign` FOREIGN KEY (`user_id`) REFERENCES `users` (`id`) ON DELETE CASCADE
) ENGINE=InnoDB AUTO_INCREMENT=13 DEFAULT CHARSET=utf8mb4 COLLATE=utf8mb4_unicode_ci;
/*!40101 SET character_set_client = @saved_cs_client */;

--
-- Dumping data for table `property_amenities`
--

LOCK TABLES `property_amenities` WRITE;
/*!40000 ALTER TABLE `property_amenities` DISABLE KEYS */;
INSERT INTO `property_amenities` VALUES (1,NULL,2,1,NULL,NULL),(2,NULL,2,2,NULL,NULL),(3,NULL,2,3,NULL,NULL),(4,NULL,2,4,NULL,NULL),(5,NULL,1,1,NULL,NULL),(6,NULL,1,2,NULL,NULL),(7,NULL,1,4,NULL,NULL),(8,NULL,1,5,NULL,NULL),(9,NULL,3,1,NULL,NULL),(10,NULL,3,2,NULL,NULL),(11,NULL,3,4,NULL,NULL),(12,NULL,3,5,NULL,NULL);
/*!40000 ALTER TABLE `property_amenities` ENABLE KEYS */;
UNLOCK TABLES;

--
-- Table structure for table `property_categories`
--

DROP TABLE IF EXISTS `property_categories`;
/*!40101 SET @saved_cs_client     = @@character_set_client */;
/*!40101 SET character_set_client = utf8 */;
CREATE TABLE `property_categories` (
  `id` bigint(20) unsigned NOT NULL AUTO_INCREMENT,
  `name` varchar(191) COLLATE utf8mb4_unicode_ci NOT NULL,
  `icon` varchar(191) COLLATE utf8mb4_unicode_ci DEFAULT NULL,
  `image` varchar(191) COLLATE utf8mb4_unicode_ci DEFAULT NULL,
  `description` mediumtext COLLATE utf8mb4_unicode_ci DEFAULT NULL,
  `slug` varchar(191) COLLATE utf8mb4_unicode_ci NOT NULL,
  `created_at` timestamp NULL DEFAULT NULL,
  `updated_at` timestamp NULL DEFAULT NULL,
  PRIMARY KEY (`id`)
) ENGINE=InnoDB AUTO_INCREMENT=9 DEFAULT CHARSET=utf8mb4 COLLATE=utf8mb4_unicode_ci;
/*!40101 SET character_set_client = @saved_cs_client */;

--
-- Dumping data for table `property_categories`
--

LOCK TABLES `property_categories` WRITE;
/*!40000 ALTER TABLE `property_categories` DISABLE KEYS */;
INSERT INTO `property_categories` VALUES (1,'House',NULL,'https://source.unsplash.com/178j8tJrNlc','The House listed int he linked hill','house',NULL,'2022-05-10 04:53:48'),(2,'Land',NULL,'https://source.unsplash.com/sYffw0LNr7s',NULL,'land',NULL,NULL),(3,'Apartment',NULL,'https://source.unsplash.com/3wylDrjxH-E',NULL,'apartment',NULL,NULL),(4,'Flat',NULL,'https://source.unsplash.com/3wylDrjxH-E',NULL,'flat',NULL,NULL),(5,'Business',NULL,'https://source.unsplash.com/PhYq704ffdA',NULL,'business',NULL,NULL),(6,'Shop Space',NULL,'https://source.unsplash.com/c9FQyqIECds',NULL,'shop-space',NULL,NULL),(7,'Hostel',NULL,'https://source.unsplash.com/8TrcnRMap90',NULL,'hostel',NULL,NULL),(8,'Office Space',NULL,'https://source.unsplash.com/VWcPlbHglYc',NULL,'office_space',NULL,NULL);
/*!40000 ALTER TABLE `property_categories` ENABLE KEYS */;
UNLOCK TABLES;

--
-- Table structure for table `property_faqs`
--

DROP TABLE IF EXISTS `property_faqs`;
/*!40101 SET @saved_cs_client     = @@character_set_client */;
/*!40101 SET character_set_client = utf8 */;
CREATE TABLE `property_faqs` (
  `id` bigint(20) unsigned NOT NULL AUTO_INCREMENT,
  `question` text COLLATE utf8mb4_unicode_ci NOT NULL,
  `answer` text COLLATE utf8mb4_unicode_ci NOT NULL,
  `featured` tinyint(1) NOT NULL DEFAULT 1,
  `property_id` bigint(20) unsigned NOT NULL,
  `deleted_at` timestamp NULL DEFAULT NULL,
  `created_at` timestamp NULL DEFAULT NULL,
  `updated_at` timestamp NULL DEFAULT NULL,
  PRIMARY KEY (`id`),
  KEY `property_faqs_property_id_foreign` (`property_id`),
  CONSTRAINT `property_faqs_property_id_foreign` FOREIGN KEY (`property_id`) REFERENCES `properties` (`id`) ON DELETE CASCADE
) ENGINE=InnoDB DEFAULT CHARSET=utf8mb4 COLLATE=utf8mb4_unicode_ci;
/*!40101 SET character_set_client = @saved_cs_client */;

--
-- Dumping data for table `property_faqs`
--

LOCK TABLES `property_faqs` WRITE;
/*!40000 ALTER TABLE `property_faqs` DISABLE KEYS */;
/*!40000 ALTER TABLE `property_faqs` ENABLE KEYS */;
UNLOCK TABLES;

--
-- Table structure for table `property_images`
--

DROP TABLE IF EXISTS `property_images`;
/*!40101 SET @saved_cs_client     = @@character_set_client */;
/*!40101 SET character_set_client = utf8 */;
CREATE TABLE `property_images` (
  `id` bigint(20) unsigned NOT NULL AUTO_INCREMENT,
  `name` varchar(191) COLLATE utf8mb4_unicode_ci NOT NULL,
  `user_id` bigint(20) unsigned NOT NULL,
  `property_id` bigint(20) unsigned NOT NULL,
  `created_at` timestamp NULL DEFAULT NULL,
  `updated_at` timestamp NULL DEFAULT NULL,
  `deleted_at` timestamp NULL DEFAULT NULL,
  PRIMARY KEY (`id`),
  KEY `property_images_user_id_foreign` (`user_id`),
  KEY `property_images_property_id_foreign` (`property_id`),
  CONSTRAINT `property_images_property_id_foreign` FOREIGN KEY (`property_id`) REFERENCES `properties` (`id`) ON DELETE CASCADE,
  CONSTRAINT `property_images_user_id_foreign` FOREIGN KEY (`user_id`) REFERENCES `users` (`id`) ON DELETE CASCADE
) ENGINE=InnoDB AUTO_INCREMENT=9 DEFAULT CHARSET=utf8mb4 COLLATE=utf8mb4_unicode_ci;
/*!40101 SET character_set_client = @saved_cs_client */;

--
-- Dumping data for table `property_images`
--

LOCK TABLES `property_images` WRITE;
/*!40000 ALTER TABLE `property_images` DISABLE KEYS */;
INSERT INTO `property_images` VALUES (1,'http://linkedhill.com.np/images/property/1651126994poperty.jpg',1,1,'2022-04-28 06:23:14','2022-05-08 09:02:56','2022-05-08 09:02:56'),(2,'http://linkedhill.com.np/images/property/1651130767untitled.png',1,2,'2022-04-28 07:26:07','2022-05-08 09:01:34','2022-05-08 09:01:34'),(3,'http://linkedhill.com.np/images/property/1651146291maxresdefault.jpg',1,3,'2022-04-28 11:44:51','2022-05-08 09:01:17','2022-05-08 09:01:17'),(4,'https://linkedhill.com.np/images/property/1652853455vu-anh-TiVPTYCG_3E-unsplash.jpg',2,3,'2022-05-18 05:57:35','2022-05-18 05:57:35',NULL),(5,'https://linkedhill.com.np/images/property/1652853455enbymutant-34UM3Wo-FCs-unsplash.jpg',2,3,'2022-05-18 05:57:35','2022-05-18 05:57:35',NULL),(6,'https://linkedhill.com.np/images/property/1652853655grant-N90LM3A5AZQ-unsplash(1).jpg',2,2,'2022-05-18 06:00:55','2022-05-18 06:00:55',NULL),(7,'https://linkedhill.com.np/images/property/1652853706sandra-frey-Fcdfodl29k0-unsplash.jpg',2,1,'2022-05-18 06:01:46','2022-05-18 06:02:06','2022-05-18 06:02:06'),(8,'https://linkedhill.com.np/images/property/1652853733super-panel-NXBFQdWR_c8-unsplash.jpg',2,1,'2022-05-18 06:02:13','2022-05-18 06:02:13',NULL);
/*!40000 ALTER TABLE `property_images` ENABLE KEYS */;
UNLOCK TABLES;

--
-- Table structure for table `property_reviews`
--

DROP TABLE IF EXISTS `property_reviews`;
/*!40101 SET @saved_cs_client     = @@character_set_client */;
/*!40101 SET character_set_client = utf8 */;
CREATE TABLE `property_reviews` (
  `id` bigint(20) unsigned NOT NULL AUTO_INCREMENT,
  `property_id` bigint(20) unsigned NOT NULL,
  `customer_id` bigint(20) unsigned NOT NULL,
  `description` varchar(500) COLLATE utf8mb4_unicode_ci DEFAULT NULL,
  `rating` decimal(2,1) NOT NULL DEFAULT 5.0,
  `created_at` timestamp NULL DEFAULT NULL,
  `updated_at` timestamp NULL DEFAULT NULL,
  PRIMARY KEY (`id`),
  KEY `property_reviews_property_id_foreign` (`property_id`),
  KEY `property_reviews_customer_id_foreign` (`customer_id`),
  CONSTRAINT `property_reviews_customer_id_foreign` FOREIGN KEY (`customer_id`) REFERENCES `users` (`id`),
  CONSTRAINT `property_reviews_property_id_foreign` FOREIGN KEY (`property_id`) REFERENCES `properties` (`id`)
) ENGINE=InnoDB DEFAULT CHARSET=utf8mb4 COLLATE=utf8mb4_unicode_ci;
/*!40101 SET character_set_client = @saved_cs_client */;

--
-- Dumping data for table `property_reviews`
--

LOCK TABLES `property_reviews` WRITE;
/*!40000 ALTER TABLE `property_reviews` DISABLE KEYS */;
/*!40000 ALTER TABLE `property_reviews` ENABLE KEYS */;
UNLOCK TABLES;

--
-- Table structure for table `provinces`
--

DROP TABLE IF EXISTS `provinces`;
/*!40101 SET @saved_cs_client     = @@character_set_client */;
/*!40101 SET character_set_client = utf8 */;
CREATE TABLE `provinces` (
  `id` bigint(20) unsigned NOT NULL AUTO_INCREMENT,
  `np_name` varchar(30) COLLATE utf8mb4_unicode_ci DEFAULT NULL,
  `eng_name` varchar(30) COLLATE utf8mb4_unicode_ci DEFAULT NULL,
  `created_at` timestamp NULL DEFAULT NULL,
  `updated_at` timestamp NULL DEFAULT NULL,
  `deleted_at` timestamp NULL DEFAULT NULL,
  PRIMARY KEY (`id`)
) ENGINE=InnoDB AUTO_INCREMENT=8 DEFAULT CHARSET=utf8mb4 COLLATE=utf8mb4_unicode_ci;
/*!40101 SET character_set_client = @saved_cs_client */;

--
-- Dumping data for table `provinces`
--

LOCK TABLES `provinces` WRITE;
/*!40000 ALTER TABLE `provinces` DISABLE KEYS */;
INSERT INTO `provinces` VALUES (1,'रदेश नं १','Province No. 1',NULL,NULL,NULL),(2,' प्रदेश नं २','Province No. 2',NULL,NULL,NULL),(3,'बाग्मती प्रदेश','Bagmati',NULL,NULL,NULL),(4,'गण्डकी प्रदेश','Gandaki',NULL,NULL,NULL),(5,' प्रदेश नं ५','Province No. 5',NULL,NULL,NULL),(6,'कर्णाली प्रदेश','Karnali',NULL,NULL,NULL),(7,' सुदूरपश्चिम प्रदेश','SudurPaschim',NULL,NULL,NULL);
/*!40000 ALTER TABLE `provinces` ENABLE KEYS */;
UNLOCK TABLES;

--
-- Table structure for table `purposes`
--

DROP TABLE IF EXISTS `purposes`;
/*!40101 SET @saved_cs_client     = @@character_set_client */;
/*!40101 SET character_set_client = utf8 */;
CREATE TABLE `purposes` (
  `id` bigint(20) unsigned NOT NULL AUTO_INCREMENT,
  `name` varchar(191) COLLATE utf8mb4_unicode_ci NOT NULL,
  `created_at` timestamp NULL DEFAULT NULL,
  `updated_at` timestamp NULL DEFAULT NULL,
  PRIMARY KEY (`id`)
) ENGINE=InnoDB AUTO_INCREMENT=4 DEFAULT CHARSET=utf8mb4 COLLATE=utf8mb4_unicode_ci;
/*!40101 SET character_set_client = @saved_cs_client */;

--
-- Dumping data for table `purposes`
--

LOCK TABLES `purposes` WRITE;
/*!40000 ALTER TABLE `purposes` DISABLE KEYS */;
INSERT INTO `purposes` VALUES (1,'Rent',NULL,NULL),(2,'Sale',NULL,NULL),(3,'Lease',NULL,NULL);
/*!40000 ALTER TABLE `purposes` ENABLE KEYS */;
UNLOCK TABLES;

--
-- Table structure for table `questions`
--

DROP TABLE IF EXISTS `questions`;
/*!40101 SET @saved_cs_client     = @@character_set_client */;
/*!40101 SET character_set_client = utf8 */;
CREATE TABLE `questions` (
  `id` bigint(20) unsigned NOT NULL AUTO_INCREMENT,
  `title` text COLLATE utf8mb4_unicode_ci DEFAULT NULL,
  `description` longtext COLLATE utf8mb4_unicode_ci DEFAULT NULL,
  `publish_status` enum('1','0') COLLATE utf8mb4_unicode_ci NOT NULL DEFAULT '1',
  `search_key` longtext COLLATE utf8mb4_unicode_ci DEFAULT NULL,
  `image` varchar(191) COLLATE utf8mb4_unicode_ci DEFAULT NULL,
  `url` varchar(191) COLLATE utf8mb4_unicode_ci DEFAULT NULL,
  `created_by` bigint(20) unsigned DEFAULT NULL,
  `categoryId` bigint(20) unsigned DEFAULT NULL,
  `parentId` bigint(20) unsigned DEFAULT NULL,
  `isParent` enum('1','0') COLLATE utf8mb4_unicode_ci NOT NULL DEFAULT '0',
  `created_at` timestamp NULL DEFAULT NULL,
  `updated_at` timestamp NULL DEFAULT NULL,
  `deleted_at` timestamp NULL DEFAULT NULL,
  PRIMARY KEY (`id`),
  KEY `questions_created_by_foreign` (`created_by`),
  KEY `questions_categoryid_foreign` (`categoryId`),
  KEY `questions_parentid_foreign` (`parentId`),
  CONSTRAINT `questions_categoryid_foreign` FOREIGN KEY (`categoryId`) REFERENCES `chat_categories` (`id`) ON DELETE SET NULL ON UPDATE CASCADE,
  CONSTRAINT `questions_created_by_foreign` FOREIGN KEY (`created_by`) REFERENCES `users` (`id`) ON DELETE SET NULL ON UPDATE CASCADE,
  CONSTRAINT `questions_parentid_foreign` FOREIGN KEY (`parentId`) REFERENCES `questions` (`id`) ON DELETE SET NULL ON UPDATE CASCADE
) ENGINE=InnoDB DEFAULT CHARSET=utf8mb4 COLLATE=utf8mb4_unicode_ci;
/*!40101 SET character_set_client = @saved_cs_client */;

--
-- Dumping data for table `questions`
--

LOCK TABLES `questions` WRITE;
/*!40000 ALTER TABLE `questions` DISABLE KEYS */;
/*!40000 ALTER TABLE `questions` ENABLE KEYS */;
UNLOCK TABLES;

--
-- Table structure for table `road_types`
--

DROP TABLE IF EXISTS `road_types`;
/*!40101 SET @saved_cs_client     = @@character_set_client */;
/*!40101 SET character_set_client = utf8 */;
CREATE TABLE `road_types` (
  `id` bigint(20) unsigned NOT NULL AUTO_INCREMENT,
  `name` varchar(191) COLLATE utf8mb4_unicode_ci NOT NULL,
  `created_at` timestamp NULL DEFAULT NULL,
  `updated_at` timestamp NULL DEFAULT NULL,
  PRIMARY KEY (`id`)
) ENGINE=InnoDB AUTO_INCREMENT=5 DEFAULT CHARSET=utf8mb4 COLLATE=utf8mb4_unicode_ci;
/*!40101 SET character_set_client = @saved_cs_client */;

--
-- Dumping data for table `road_types`
--

LOCK TABLES `road_types` WRITE;
/*!40000 ALTER TABLE `road_types` DISABLE KEYS */;
INSERT INTO `road_types` VALUES (1,'Paved',NULL,NULL),(2,'Black Topped',NULL,NULL),(3,'Alley',NULL,NULL);
/*!40000 ALTER TABLE `road_types` ENABLE KEYS */;
UNLOCK TABLES;

--
-- Table structure for table `role_has_permissions`
--

DROP TABLE IF EXISTS `role_has_permissions`;
/*!40101 SET @saved_cs_client     = @@character_set_client */;
/*!40101 SET character_set_client = utf8 */;
CREATE TABLE `role_has_permissions` (
  `permission_id` bigint(20) unsigned NOT NULL,
  `role_id` bigint(20) unsigned NOT NULL,
  PRIMARY KEY (`permission_id`,`role_id`),
  KEY `role_has_permissions_role_id_foreign` (`role_id`),
  CONSTRAINT `role_has_permissions_permission_id_foreign` FOREIGN KEY (`permission_id`) REFERENCES `permissions` (`id`) ON DELETE CASCADE,
  CONSTRAINT `role_has_permissions_role_id_foreign` FOREIGN KEY (`role_id`) REFERENCES `roles` (`id`) ON DELETE CASCADE
) ENGINE=InnoDB DEFAULT CHARSET=utf8mb4 COLLATE=utf8mb4_unicode_ci;
/*!40101 SET character_set_client = @saved_cs_client */;

--
-- Dumping data for table `role_has_permissions`
--

LOCK TABLES `role_has_permissions` WRITE;
/*!40000 ALTER TABLE `role_has_permissions` DISABLE KEYS */;
INSERT INTO `role_has_permissions` VALUES (1,2),(2,2),(3,2),(4,2),(9,2),(10,2),(11,2),(12,2),(13,2),(14,2),(15,2),(16,2),(17,2),(18,2),(19,2),(20,2),(21,2),(22,2),(23,2),(24,2),(25,2),(26,2),(27,2),(28,2),(29,2),(30,2),(31,2),(32,2),(33,2),(34,2),(35,2),(36,2),(37,2),(38,2),(39,2),(40,2),(41,2),(42,2),(43,2),(44,2),(45,2),(46,2),(47,2),(48,2),(49,2),(50,2),(51,2),(52,2),(53,2),(54,2),(55,2),(56,2),(57,2),(58,2),(59,2),(60,2),(61,2),(62,2),(63,2),(64,2),(65,2),(66,2),(67,2),(68,2),(69,2),(70,2),(71,2),(72,2),(73,2),(74,2),(75,2),(76,2),(77,2),(78,2),(79,2),(80,2),(81,2),(82,2),(83,2),(84,2),(85,2),(86,2),(87,2),(88,2),(89,2),(90,2),(91,2),(92,2),(93,2),(94,2),(95,2),(96,2),(97,2),(98,2),(99,2),(100,2),(101,2),(102,2),(103,2),(104,2),(105,2),(106,2),(107,2),(108,2),(109,2),(110,2),(111,2),(112,2),(113,2),(114,2),(115,2),(116,2),(117,2),(118,2),(119,2),(120,2),(121,2),(122,2),(123,2),(124,2);
/*!40000 ALTER TABLE `role_has_permissions` ENABLE KEYS */;
UNLOCK TABLES;

--
-- Table structure for table `roles`
--

DROP TABLE IF EXISTS `roles`;
/*!40101 SET @saved_cs_client     = @@character_set_client */;
/*!40101 SET character_set_client = utf8 */;
CREATE TABLE `roles` (
  `id` bigint(20) unsigned NOT NULL AUTO_INCREMENT,
  `name` varchar(191) COLLATE utf8mb4_unicode_ci NOT NULL,
  `guard_name` varchar(191) COLLATE utf8mb4_unicode_ci NOT NULL,
  `created_at` timestamp NULL DEFAULT NULL,
  `updated_at` timestamp NULL DEFAULT NULL,
  PRIMARY KEY (`id`),
  UNIQUE KEY `roles_name_guard_name_unique` (`name`,`guard_name`)
) ENGINE=InnoDB AUTO_INCREMENT=6 DEFAULT CHARSET=utf8mb4 COLLATE=utf8mb4_unicode_ci;
/*!40101 SET character_set_client = @saved_cs_client */;

--
-- Dumping data for table `roles`
--

LOCK TABLES `roles` WRITE;
/*!40000 ALTER TABLE `roles` DISABLE KEYS */;
INSERT INTO `roles` VALUES (1,'Super Admin','web',NULL,NULL),(2,'Admin','web',NULL,NULL),(3,'Agent','web',NULL,NULL),(4,'Builder','web',NULL,NULL),(5,'Customer','web',NULL,NULL);
/*!40000 ALTER TABLE `roles` ENABLE KEYS */;
UNLOCK TABLES;

--
-- Table structure for table `service_categories`
--

DROP TABLE IF EXISTS `service_categories`;
/*!40101 SET @saved_cs_client     = @@character_set_client */;
/*!40101 SET character_set_client = utf8 */;
CREATE TABLE `service_categories` (
  `id` bigint(20) unsigned NOT NULL AUTO_INCREMENT,
  `name` varchar(50) COLLATE utf8mb4_unicode_ci DEFAULT NULL,
  `slug` varchar(50) COLLATE utf8mb4_unicode_ci NOT NULL,
  `image` varchar(150) COLLATE utf8mb4_unicode_ci DEFAULT NULL,
  `created_at` timestamp NULL DEFAULT NULL,
  `updated_at` timestamp NULL DEFAULT NULL,
  PRIMARY KEY (`id`),
  UNIQUE KEY `service_categories_slug_unique` (`slug`)
) ENGINE=InnoDB AUTO_INCREMENT=6 DEFAULT CHARSET=utf8mb4 COLLATE=utf8mb4_unicode_ci;
/*!40101 SET character_set_client = @saved_cs_client */;

--
-- Dumping data for table `service_categories`
--

LOCK TABLES `service_categories` WRITE;
/*!40000 ALTER TABLE `service_categories` DISABLE KEYS */;
INSERT INTO `service_categories` VALUES (1,'service  Category','service-category','https://source.unsplash.com/VWcPlbHglYc',NULL,NULL),(5,'Houses','houses','https://linkedhill.com.np/storage/photos/2/vu-anh-TiVPTYCG_3E-unsplash.jpg','2022-04-28 06:35:22','2022-05-18 08:16:02');
/*!40000 ALTER TABLE `service_categories` ENABLE KEYS */;
UNLOCK TABLES;

--
-- Table structure for table `services`
--

DROP TABLE IF EXISTS `services`;
/*!40101 SET @saved_cs_client     = @@character_set_client */;
/*!40101 SET character_set_client = utf8 */;
CREATE TABLE `services` (
  `id` bigint(20) unsigned NOT NULL AUTO_INCREMENT,
  `service_category_id` bigint(20) unsigned NOT NULL,
  `name` varchar(100) COLLATE utf8mb4_unicode_ci DEFAULT NULL,
  `image` varchar(150) COLLATE utf8mb4_unicode_ci DEFAULT NULL,
  `slug` varchar(150) COLLATE utf8mb4_unicode_ci DEFAULT NULL,
  `feature` tinyint(1) NOT NULL DEFAULT 1,
  `description` text COLLATE utf8mb4_unicode_ci DEFAULT NULL,
  `created_at` timestamp NULL DEFAULT NULL,
  `updated_at` timestamp NULL DEFAULT NULL,
  PRIMARY KEY (`id`),
  KEY `services_service_category_id_foreign` (`service_category_id`),
  CONSTRAINT `services_service_category_id_foreign` FOREIGN KEY (`service_category_id`) REFERENCES `service_categories` (`id`) ON DELETE CASCADE
) ENGINE=InnoDB AUTO_INCREMENT=2 DEFAULT CHARSET=utf8mb4 COLLATE=utf8mb4_unicode_ci;
/*!40101 SET character_set_client = @saved_cs_client */;

--
-- Dumping data for table `services`
--

LOCK TABLES `services` WRITE;
/*!40000 ALTER TABLE `services` DISABLE KEYS */;
/*!40000 ALTER TABLE `services` ENABLE KEYS */;
UNLOCK TABLES;

--
-- Table structure for table `sliders`
--

DROP TABLE IF EXISTS `sliders`;
/*!40101 SET @saved_cs_client     = @@character_set_client */;
/*!40101 SET character_set_client = utf8 */;
CREATE TABLE `sliders` (
  `id` bigint(20) unsigned NOT NULL AUTO_INCREMENT,
  `title` varchar(100) COLLATE utf8mb4_unicode_ci DEFAULT NULL,
  `image` varchar(191) COLLATE utf8mb4_unicode_ci DEFAULT NULL,
  `url` varchar(191) COLLATE utf8mb4_unicode_ci DEFAULT NULL,
  `hide` tinyint(1) NOT NULL DEFAULT 0,
  `type` tinyint(3) unsigned NOT NULL DEFAULT 1,
  `order` int(10) unsigned NOT NULL DEFAULT 50,
  `deleted_at` timestamp NULL DEFAULT NULL,
  `created_at` timestamp NULL DEFAULT NULL,
  `updated_at` timestamp NULL DEFAULT NULL,
  PRIMARY KEY (`id`)
) ENGINE=InnoDB AUTO_INCREMENT=5 DEFAULT CHARSET=utf8mb4 COLLATE=utf8mb4_unicode_ci;
/*!40101 SET character_set_client = @saved_cs_client */;

--
-- Dumping data for table `sliders`
--

LOCK TABLES `sliders` WRITE;
/*!40000 ALTER TABLE `sliders` DISABLE KEYS */;
INSERT INTO `sliders` VALUES (1,'Slider Firsts','https://linkedhill.com.np/storage/photos/1/slider/f.jpg','https://linkedhill.com/',1,1,50,NULL,NULL,'2022-05-18 04:43:27'),(2,'Slider Second','https://linkedhill.com.np/storage/photos/1/slider/c.jpg','https://linkedhill.com/',1,1,50,NULL,NULL,'2022-05-17 17:34:39'),(3,'Slider Third','https://linkedhill.com.np/storage/photos/1/slider/d.jpg','https://linkedhill.com/',1,1,50,NULL,NULL,'2022-05-17 17:35:33'),(4,'slider four','https://linkedhill.com.np/storage/photos/1/slider/e.jpg','https://linkedhill.com.np/',0,1,50,NULL,'2022-04-28 06:04:14','2022-05-17 17:36:11');
/*!40000 ALTER TABLE `sliders` ENABLE KEYS */;
UNLOCK TABLES;

--
-- Table structure for table `subscribers`
--

DROP TABLE IF EXISTS `subscribers`;
/*!40101 SET @saved_cs_client     = @@character_set_client */;
/*!40101 SET character_set_client = utf8 */;
CREATE TABLE `subscribers` (
  `id` bigint(20) unsigned NOT NULL AUTO_INCREMENT,
  `email` varchar(200) COLLATE utf8mb4_unicode_ci NOT NULL,
  `created_at` timestamp NULL DEFAULT NULL,
  `updated_at` timestamp NULL DEFAULT NULL,
  PRIMARY KEY (`id`)
) ENGINE=InnoDB AUTO_INCREMENT=4 DEFAULT CHARSET=utf8mb4 COLLATE=utf8mb4_unicode_ci;
/*!40101 SET character_set_client = @saved_cs_client */;

--
-- Dumping data for table `subscribers`
--

LOCK TABLES `subscribers` WRITE;
/*!40000 ALTER TABLE `subscribers` DISABLE KEYS */;
INSERT INTO `subscribers` VALUES (1,'mohan.khadka@nectardigit.com','2022-04-28 05:03:40','2022-04-28 05:03:40'),(2,'ram@gmail.com','2022-04-28 05:35:14','2022-04-28 05:35:14'),(3,'sarthaksharma36@gmail.com','2022-05-09 16:29:07','2022-05-09 16:29:07');
/*!40000 ALTER TABLE `subscribers` ENABLE KEYS */;
UNLOCK TABLES;

--
-- Table structure for table `teams`
--

DROP TABLE IF EXISTS `teams`;
/*!40101 SET @saved_cs_client     = @@character_set_client */;
/*!40101 SET character_set_client = utf8 */;
CREATE TABLE `teams` (
  `id` bigint(20) unsigned NOT NULL AUTO_INCREMENT,
  `name` varchar(191) COLLATE utf8mb4_unicode_ci NOT NULL,
  `profile` varchar(191) COLLATE utf8mb4_unicode_ci NOT NULL DEFAULT 'team.png',
  `designation` varchar(191) COLLATE utf8mb4_unicode_ci NOT NULL,
  `phone` varchar(20) COLLATE utf8mb4_unicode_ci DEFAULT NULL,
  `feature` tinyint(1) DEFAULT 0,
  `created_at` timestamp NULL DEFAULT NULL,
  `updated_at` timestamp NULL DEFAULT NULL,
  PRIMARY KEY (`id`)
) ENGINE=InnoDB AUTO_INCREMENT=2 DEFAULT CHARSET=utf8mb4 COLLATE=utf8mb4_unicode_ci;
/*!40101 SET character_set_client = @saved_cs_client */;

--
-- Dumping data for table `teams`
--

LOCK TABLES `teams` WRITE;
/*!40000 ALTER TABLE `teams` DISABLE KEYS */;
INSERT INTO `teams` VALUES (1,'seller','https://linkedhill.com.np/storage/photos/1/untitled.png','site person','9845654524',1,'2022-04-28 06:44:43','2022-04-28 06:44:43');
/*!40000 ALTER TABLE `teams` ENABLE KEYS */;
UNLOCK TABLES;

--
-- Table structure for table `testimonials`
--

DROP TABLE IF EXISTS `testimonials`;
/*!40101 SET @saved_cs_client     = @@character_set_client */;
/*!40101 SET character_set_client = utf8 */;
CREATE TABLE `testimonials` (
  `id` bigint(20) unsigned NOT NULL AUTO_INCREMENT,
  `name` varchar(191) COLLATE utf8mb4_unicode_ci NOT NULL,
  `image` varchar(300) COLLATE utf8mb4_unicode_ci DEFAULT NULL,
  `message` text COLLATE utf8mb4_unicode_ci NOT NULL,
  `featured` tinyint(1) NOT NULL DEFAULT 0,
  `deleted_at` timestamp NULL DEFAULT NULL,
  `created_at` timestamp NULL DEFAULT NULL,
  `updated_at` timestamp NULL DEFAULT NULL,
  PRIMARY KEY (`id`)
) ENGINE=InnoDB AUTO_INCREMENT=2 DEFAULT CHARSET=utf8mb4 COLLATE=utf8mb4_unicode_ci;
/*!40101 SET character_set_client = @saved_cs_client */;

--
-- Dumping data for table `testimonials`
--

LOCK TABLES `testimonials` WRITE;
/*!40000 ALTER TABLE `testimonials` DISABLE KEYS */;
INSERT INTO `testimonials` VALUES (1,'sdfcrf',NULL,'<p>fvdfgvxdvc&nbsp;</p>',1,'2022-04-28 07:36:40','2022-04-28 06:37:33','2022-04-28 07:36:40');
/*!40000 ALTER TABLE `testimonials` ENABLE KEYS */;
UNLOCK TABLES;

--
-- Table structure for table `tradelink_admins`
--

DROP TABLE IF EXISTS `tradelink_admins`;
/*!40101 SET @saved_cs_client     = @@character_set_client */;
/*!40101 SET character_set_client = utf8 */;
CREATE TABLE `tradelink_admins` (
  `id` bigint(20) unsigned NOT NULL AUTO_INCREMENT,
  `user_type` enum('admin','vendor') COLLATE utf8mb4_unicode_ci NOT NULL DEFAULT 'vendor',
  `name` varchar(100) COLLATE utf8mb4_unicode_ci NOT NULL,
  `email` varchar(100) COLLATE utf8mb4_unicode_ci NOT NULL,
  `email_verified_at` timestamp NULL DEFAULT NULL,
  `password` varchar(150) COLLATE utf8mb4_unicode_ci NOT NULL,
  `image` varchar(100) COLLATE utf8mb4_unicode_ci DEFAULT NULL,
  `status` tinyint(1) NOT NULL DEFAULT 0,
  `remember_token` varchar(100) COLLATE utf8mb4_unicode_ci DEFAULT NULL,
  `created_at` timestamp NULL DEFAULT NULL,
  `updated_at` timestamp NULL DEFAULT NULL,
  PRIMARY KEY (`id`),
  UNIQUE KEY `tradelink_admins_email_unique` (`email`)
) ENGINE=InnoDB DEFAULT CHARSET=utf8mb4 COLLATE=utf8mb4_unicode_ci;
/*!40101 SET character_set_client = @saved_cs_client */;

--
-- Dumping data for table `tradelink_admins`
--

LOCK TABLES `tradelink_admins` WRITE;
/*!40000 ALTER TABLE `tradelink_admins` DISABLE KEYS */;
/*!40000 ALTER TABLE `tradelink_admins` ENABLE KEYS */;
UNLOCK TABLES;

--
-- Table structure for table `tradelink_books`
--

DROP TABLE IF EXISTS `tradelink_books`;
/*!40101 SET @saved_cs_client     = @@character_set_client */;
/*!40101 SET character_set_client = utf8 */;
CREATE TABLE `tradelink_books` (
  `id` bigint(20) unsigned NOT NULL AUTO_INCREMENT,
  `tradelink_id` bigint(20) unsigned DEFAULT NULL,
  `user_id` bigint(20) unsigned DEFAULT NULL,
  `status` enum('completed','cancelled','pending','progress') COLLATE utf8mb4_unicode_ci NOT NULL DEFAULT 'pending',
  `created_at` timestamp NULL DEFAULT NULL,
  `updated_at` timestamp NULL DEFAULT NULL,
  PRIMARY KEY (`id`),
  KEY `tradelink_books_tradelink_id_foreign` (`tradelink_id`),
  KEY `tradelink_books_user_id_foreign` (`user_id`),
  CONSTRAINT `tradelink_books_tradelink_id_foreign` FOREIGN KEY (`tradelink_id`) REFERENCES `tradelinks` (`id`) ON DELETE SET NULL ON UPDATE CASCADE,
  CONSTRAINT `tradelink_books_user_id_foreign` FOREIGN KEY (`user_id`) REFERENCES `users` (`id`) ON DELETE SET NULL ON UPDATE CASCADE
) ENGINE=InnoDB DEFAULT CHARSET=utf8mb4 COLLATE=utf8mb4_unicode_ci;
/*!40101 SET character_set_client = @saved_cs_client */;

--
-- Dumping data for table `tradelink_books`
--

LOCK TABLES `tradelink_books` WRITE;
/*!40000 ALTER TABLE `tradelink_books` DISABLE KEYS */;
/*!40000 ALTER TABLE `tradelink_books` ENABLE KEYS */;
UNLOCK TABLES;

--
-- Table structure for table `tradelink_categories`
--

DROP TABLE IF EXISTS `tradelink_categories`;
/*!40101 SET @saved_cs_client     = @@character_set_client */;
/*!40101 SET character_set_client = utf8 */;
CREATE TABLE `tradelink_categories` (
  `id` bigint(20) unsigned NOT NULL AUTO_INCREMENT,
  `title` varchar(191) COLLATE utf8mb4_unicode_ci NOT NULL,
  `slug` varchar(191) COLLATE utf8mb4_unicode_ci NOT NULL,
  `image` varchar(191) COLLATE utf8mb4_unicode_ci DEFAULT NULL,
  `order` bigint(20) unsigned NOT NULL DEFAULT 1,
  `parent_id` bigint(20) unsigned DEFAULT NULL,
  `description` mediumtext COLLATE utf8mb4_unicode_ci DEFAULT NULL,
  `created_at` timestamp NULL DEFAULT NULL,
  `updated_at` timestamp NULL DEFAULT NULL,
  `deleted_at` timestamp NULL DEFAULT NULL,
  PRIMARY KEY (`id`),
  KEY `tradelink_categories_parent_id_foreign` (`parent_id`),
  CONSTRAINT `tradelink_categories_parent_id_foreign` FOREIGN KEY (`parent_id`) REFERENCES `tradelink_categories` (`id`) ON DELETE SET NULL ON UPDATE CASCADE
) ENGINE=InnoDB DEFAULT CHARSET=utf8mb4 COLLATE=utf8mb4_unicode_ci;
/*!40101 SET character_set_client = @saved_cs_client */;

--
-- Dumping data for table `tradelink_categories`
--

LOCK TABLES `tradelink_categories` WRITE;
/*!40000 ALTER TABLE `tradelink_categories` DISABLE KEYS */;
/*!40000 ALTER TABLE `tradelink_categories` ENABLE KEYS */;
UNLOCK TABLES;

--
-- Table structure for table `tradelink_sliders`
--

DROP TABLE IF EXISTS `tradelink_sliders`;
/*!40101 SET @saved_cs_client     = @@character_set_client */;
/*!40101 SET character_set_client = utf8 */;
CREATE TABLE `tradelink_sliders` (
  `id` bigint(20) unsigned NOT NULL AUTO_INCREMENT,
  `image` varchar(191) COLLATE utf8mb4_unicode_ci NOT NULL,
  `created_at` timestamp NULL DEFAULT NULL,
  `updated_at` timestamp NULL DEFAULT NULL,
  PRIMARY KEY (`id`)
) ENGINE=InnoDB DEFAULT CHARSET=utf8mb4 COLLATE=utf8mb4_unicode_ci;
/*!40101 SET character_set_client = @saved_cs_client */;

--
-- Dumping data for table `tradelink_sliders`
--

LOCK TABLES `tradelink_sliders` WRITE;
/*!40000 ALTER TABLE `tradelink_sliders` DISABLE KEYS */;
/*!40000 ALTER TABLE `tradelink_sliders` ENABLE KEYS */;
UNLOCK TABLES;

--
-- Table structure for table `tradelink_subscribers`
--

DROP TABLE IF EXISTS `tradelink_subscribers`;
/*!40101 SET @saved_cs_client     = @@character_set_client */;
/*!40101 SET character_set_client = utf8 */;
CREATE TABLE `tradelink_subscribers` (
  `id` bigint(20) unsigned NOT NULL AUTO_INCREMENT,
  `email` varchar(200) COLLATE utf8mb4_unicode_ci NOT NULL,
  `created_at` timestamp NULL DEFAULT NULL,
  `updated_at` timestamp NULL DEFAULT NULL,
  PRIMARY KEY (`id`)
) ENGINE=InnoDB DEFAULT CHARSET=utf8mb4 COLLATE=utf8mb4_unicode_ci;
/*!40101 SET character_set_client = @saved_cs_client */;

--
-- Dumping data for table `tradelink_subscribers`
--

LOCK TABLES `tradelink_subscribers` WRITE;
/*!40000 ALTER TABLE `tradelink_subscribers` DISABLE KEYS */;
/*!40000 ALTER TABLE `tradelink_subscribers` ENABLE KEYS */;
UNLOCK TABLES;

--
-- Table structure for table `tradelink_websites`
--

DROP TABLE IF EXISTS `tradelink_websites`;
/*!40101 SET @saved_cs_client     = @@character_set_client */;
/*!40101 SET character_set_client = utf8 */;
CREATE TABLE `tradelink_websites` (
  `id` bigint(20) unsigned NOT NULL AUTO_INCREMENT,
  `logo` varchar(100) COLLATE utf8mb4_unicode_ci NOT NULL,
  `website_title` varchar(50) COLLATE utf8mb4_unicode_ci NOT NULL,
  `copyright_message` varchar(100) COLLATE utf8mb4_unicode_ci NOT NULL,
  `phone` varchar(15) COLLATE utf8mb4_unicode_ci NOT NULL,
  `email` varchar(100) COLLATE utf8mb4_unicode_ci NOT NULL,
  `short_description` text COLLATE utf8mb4_unicode_ci NOT NULL,
  `created_at` timestamp NULL DEFAULT NULL,
  `updated_at` timestamp NULL DEFAULT NULL,
  PRIMARY KEY (`id`)
) ENGINE=InnoDB DEFAULT CHARSET=utf8mb4 COLLATE=utf8mb4_unicode_ci;
/*!40101 SET character_set_client = @saved_cs_client */;

--
-- Dumping data for table `tradelink_websites`
--

LOCK TABLES `tradelink_websites` WRITE;
/*!40000 ALTER TABLE `tradelink_websites` DISABLE KEYS */;
/*!40000 ALTER TABLE `tradelink_websites` ENABLE KEYS */;
UNLOCK TABLES;

--
-- Table structure for table `tradelinks`
--

DROP TABLE IF EXISTS `tradelinks`;
/*!40101 SET @saved_cs_client     = @@character_set_client */;
/*!40101 SET character_set_client = utf8 */;
CREATE TABLE `tradelinks` (
  `id` bigint(20) unsigned NOT NULL AUTO_INCREMENT,
  `name` varchar(191) COLLATE utf8mb4_unicode_ci NOT NULL,
  `address` varchar(191) COLLATE utf8mb4_unicode_ci NOT NULL,
  `phone` varchar(20) COLLATE utf8mb4_unicode_ci DEFAULT NULL,
  `image` varchar(191) COLLATE utf8mb4_unicode_ci DEFAULT NULL,
  `email` varchar(40) COLLATE utf8mb4_unicode_ci DEFAULT NULL,
  `description` longtext COLLATE utf8mb4_unicode_ci DEFAULT NULL,
  `verified_at` timestamp NULL DEFAULT NULL,
  `verified_by` bigint(20) unsigned DEFAULT NULL,
  `category_id` bigint(20) unsigned NOT NULL,
  `created_at` timestamp NULL DEFAULT NULL,
  `updated_at` timestamp NULL DEFAULT NULL,
  `deleted_at` timestamp NULL DEFAULT NULL,
  PRIMARY KEY (`id`),
  KEY `tradelinks_category_id_foreign` (`category_id`),
  KEY `tradelinks_verified_by_foreign` (`verified_by`),
  CONSTRAINT `tradelinks_category_id_foreign` FOREIGN KEY (`category_id`) REFERENCES `tradelink_categories` (`id`) ON DELETE CASCADE ON UPDATE CASCADE,
  CONSTRAINT `tradelinks_verified_by_foreign` FOREIGN KEY (`verified_by`) REFERENCES `users` (`id`) ON DELETE CASCADE ON UPDATE CASCADE
) ENGINE=InnoDB DEFAULT CHARSET=utf8mb4 COLLATE=utf8mb4_unicode_ci;
/*!40101 SET character_set_client = @saved_cs_client */;

--
-- Dumping data for table `tradelinks`
--

LOCK TABLES `tradelinks` WRITE;
/*!40000 ALTER TABLE `tradelinks` DISABLE KEYS */;
/*!40000 ALTER TABLE `tradelinks` ENABLE KEYS */;
UNLOCK TABLES;

--
-- Table structure for table `types`
--

DROP TABLE IF EXISTS `types`;
/*!40101 SET @saved_cs_client     = @@character_set_client */;
/*!40101 SET character_set_client = utf8 */;
CREATE TABLE `types` (
  `id` bigint(20) unsigned NOT NULL AUTO_INCREMENT,
  `name` varchar(191) COLLATE utf8mb4_unicode_ci NOT NULL,
  `slug` varchar(191) COLLATE utf8mb4_unicode_ci NOT NULL,
  `created_at` timestamp NULL DEFAULT NULL,
  `updated_at` timestamp NULL DEFAULT NULL,
  PRIMARY KEY (`id`)
) ENGINE=InnoDB AUTO_INCREMENT=5 DEFAULT CHARSET=utf8mb4 COLLATE=utf8mb4_unicode_ci;
/*!40101 SET character_set_client = @saved_cs_client */;

--
-- Dumping data for table `types`
--

LOCK TABLES `types` WRITE;
/*!40000 ALTER TABLE `types` DISABLE KEYS */;
INSERT INTO `types` VALUES (1,'Residential','residential',NULL,NULL),(2,'Commercial','commercial',NULL,NULL),(3,'Agriculture','agriculture',NULL,NULL);
/*!40000 ALTER TABLE `types` ENABLE KEYS */;
UNLOCK TABLES;

--
-- Table structure for table `units`
--

DROP TABLE IF EXISTS `units`;
/*!40101 SET @saved_cs_client     = @@character_set_client */;
/*!40101 SET character_set_client = utf8 */;
CREATE TABLE `units` (
  `id` bigint(20) unsigned NOT NULL AUTO_INCREMENT,
  `name` varchar(191) COLLATE utf8mb4_unicode_ci NOT NULL,
  `created_at` timestamp NULL DEFAULT NULL,
  `updated_at` timestamp NULL DEFAULT NULL,
  PRIMARY KEY (`id`)
) ENGINE=InnoDB AUTO_INCREMENT=8 DEFAULT CHARSET=utf8mb4 COLLATE=utf8mb4_unicode_ci;
/*!40101 SET character_set_client = @saved_cs_client */;

--
-- Dumping data for table `units`
--

LOCK TABLES `units` WRITE;
/*!40000 ALTER TABLE `units` DISABLE KEYS */;
INSERT INTO `units` VALUES (1,'Aana',NULL,NULL),(2,'Paisa',NULL,NULL),(3,'Ropani',NULL,NULL),(4,'Sq. Feet',NULL,NULL),(5,'Sq. Meter',NULL,NULL),(6,'Ropani',NULL,NULL),(7,'Acres',NULL,NULL);
/*!40000 ALTER TABLE `units` ENABLE KEYS */;
UNLOCK TABLES;

--
-- Table structure for table `user_agent`
--

DROP TABLE IF EXISTS `user_agent`;
/*!40101 SET @saved_cs_client     = @@character_set_client */;
/*!40101 SET character_set_client = utf8 */;
CREATE TABLE `user_agent` (
  `id` bigint(20) unsigned NOT NULL AUTO_INCREMENT,
  `user_id` bigint(20) unsigned NOT NULL,
  `agent_id` bigint(20) unsigned NOT NULL,
  `created_at` timestamp NULL DEFAULT NULL,
  `updated_at` timestamp NULL DEFAULT NULL,
  PRIMARY KEY (`id`),
  KEY `user_agent_user_id_foreign` (`user_id`),
  KEY `user_agent_agent_id_foreign` (`agent_id`),
  CONSTRAINT `user_agent_agent_id_foreign` FOREIGN KEY (`agent_id`) REFERENCES `users` (`id`) ON DELETE CASCADE,
  CONSTRAINT `user_agent_user_id_foreign` FOREIGN KEY (`user_id`) REFERENCES `users` (`id`) ON DELETE CASCADE
) ENGINE=InnoDB DEFAULT CHARSET=utf8mb4 COLLATE=utf8mb4_unicode_ci;
/*!40101 SET character_set_client = @saved_cs_client */;

--
-- Dumping data for table `user_agent`
--

LOCK TABLES `user_agent` WRITE;
/*!40000 ALTER TABLE `user_agent` DISABLE KEYS */;
/*!40000 ALTER TABLE `user_agent` ENABLE KEYS */;
UNLOCK TABLES;

--
-- Table structure for table `users`
--

DROP TABLE IF EXISTS `users`;
/*!40101 SET @saved_cs_client     = @@character_set_client */;
/*!40101 SET character_set_client = utf8 */;
CREATE TABLE `users` (
  `id` bigint(20) unsigned NOT NULL AUTO_INCREMENT,
  `name` varchar(191) COLLATE utf8mb4_unicode_ci NOT NULL,
  `profile` varchar(191) COLLATE utf8mb4_unicode_ci DEFAULT NULL,
  `email` varchar(191) COLLATE utf8mb4_unicode_ci NOT NULL,
  `password` varchar(191) COLLATE utf8mb4_unicode_ci NOT NULL,
  `two_factor_secret` text COLLATE utf8mb4_unicode_ci DEFAULT NULL,
  `two_factor_recovery_codes` text COLLATE utf8mb4_unicode_ci DEFAULT NULL,
  `phone` varchar(191) COLLATE utf8mb4_unicode_ci DEFAULT NULL,
  `mobile` varchar(191) COLLATE utf8mb4_unicode_ci DEFAULT NULL,
  `testP` varchar(191) COLLATE utf8mb4_unicode_ci DEFAULT NULL,
  `dob` varchar(191) COLLATE utf8mb4_unicode_ci DEFAULT NULL,
  `full_address` date DEFAULT NULL,
  `access_token` text COLLATE utf8mb4_unicode_ci DEFAULT NULL,
  `is_blocked` tinyint(1) NOT NULL DEFAULT 0,
  `is_active` tinyint(1) NOT NULL DEFAULT 1,
  `social_id` varchar(191) COLLATE utf8mb4_unicode_ci DEFAULT NULL,
  `social_from` enum('facebook','google','normal') COLLATE utf8mb4_unicode_ci NOT NULL DEFAULT 'normal',
  `email_verified_at` timestamp NULL DEFAULT NULL,
  `otp` varchar(6) COLLATE utf8mb4_unicode_ci DEFAULT NULL,
  `referral_code` varchar(8) COLLATE utf8mb4_unicode_ci NOT NULL,
  `reward_point` decimal(8,2) DEFAULT 0.00,
  `referred_by` bigint(20) unsigned DEFAULT NULL,
  `remember_token` varchar(100) COLLATE utf8mb4_unicode_ci DEFAULT NULL,
  `created_at` timestamp NULL DEFAULT NULL,
  `updated_at` timestamp NULL DEFAULT NULL,
  `deleted_at` timestamp NULL DEFAULT NULL,
  PRIMARY KEY (`id`),
  UNIQUE KEY `users_email_unique` (`email`),
  KEY `users_referred_by_foreign` (`referred_by`),
  CONSTRAINT `users_referred_by_foreign` FOREIGN KEY (`referred_by`) REFERENCES `users` (`id`) ON DELETE SET NULL
) ENGINE=InnoDB AUTO_INCREMENT=9 DEFAULT CHARSET=utf8mb4 COLLATE=utf8mb4_unicode_ci;
/*!40101 SET character_set_client = @saved_cs_client */;

--
-- Dumping data for table `users`
--

LOCK TABLES `users` WRITE;
/*!40000 ALTER TABLE `users` DISABLE KEYS */;
INSERT INTO `users` VALUES (1,'nectardigit',NULL,'nectardigit@gmail.com','$2y$10$4vVVr/CN.FbPjjYlwcJAl.hN2yXEwsxDa/MBtS4SVhBKGwbOeC4.i',NULL,NULL,'98022',NULL,NULL,NULL,NULL,'eyJ0eXAiOiJKV1QiLCJhbGciOiJSUzI1NiJ9.eyJhdWQiOiIxIiwianRpIjoiOGRkMDg2OGE4MTNmMjMwMjkwNDM3MmQyMGI4NzM0OTE5MzYxNjY2N2VlODgzZDQ3ZjA4NTQ4ZWQzYmM3MzM3NDc0NzI5OTkyNmZjNmVhZmQiLCJpYXQiOjE2NTE2NDM5NjYuOTAzNTM2LCJuYmYiOjE2NTE2NDM5NjYuOTAzNTM5LCJleHAiOjE2ODMxNzk5NjYuOTAxODY5LCJzdWIiOiIxIiwic2NvcGVzIjpbXX0.mdZHlbYUfoznVNIfPM_F2wW0iTvXtu2AAqpX-vJcHs2LTbx1rWnujW7lyhbx3Htcss8CuWEk8cXnLYWHzTen-QU82VzNqgR2HK92PN1GUh7das-9N_EZkUFONFaot9K8mPYHXKsPftaLh0ubUaP3O2XP9RwrsKY2_F3N3cDFXFVnozGYYvSzggcY0QGjfb45IbAjOLjOl6iQwhW50DI8c5LYNWbm0Y6i6l08qvM1FGFANm2H59M3E_BkcaIyu259STSjPvMtT7csfcOoJ_xW0gdT8K_4YJ5XSZOWrhuB2p51eKK9W--Y4nHaccndmDNAhuQcH3l1MImcqoICJpJOhV0o4v1VOZaBZ5JG5-AA_rP9IM44hgaykhOyHblNY7LvrU_Qq1h8mEJZ0LCA4xZkp7ocGVOwZ3dY5umoasmFwuqgX9IIst5SY9muiMQfbEZPHinPjRb8tH_PwGGVwjojUEzBkj_mee784vFfat4cwxUCQS7lyu__rbOUlBYpcrzD05ifeEuuSdX13_Z4ZLGj6ezrA5xEDlZqj6Z8Af9PTA97x2cGKEUZzV-EyS1Dpdp-3YixmwWj68hyEhFwlM4qrny5hov0x3HJ1zoYIkqr1nJUhiZVOEmJziH9fFk4XdTBETYwSWSjm7s9GyfPwLvOmmzHE1AGy_6uNuLqpeDIibo',0,1,NULL,'normal',NULL,NULL,'FYVznePR',0.00,NULL,NULL,'2022-04-19 10:23:15','2022-05-04 05:59:26',NULL),(2,'Linkedhill',NULL,'linkedhillcom@gmail.com','$2y$10$RJb25YHXyUHRoJbVshJPUuw7HzKsqaFLbPAY3br43zM/qUUnxujCS',NULL,NULL,NULL,NULL,NULL,NULL,NULL,'eyJ0eXAiOiJKV1QiLCJhbGciOiJSUzI1NiJ9.eyJhdWQiOiIxIiwianRpIjoiZGMyYWIzMWM0NTNmYTc0OGJhOGRhZDMzMTU2YWU0YzhjZDViNjM2MzAyYjk5ZGNmYmE3MDczMmFkN2JjNjFlNTE0OGVmNGVhM2YwNWZlMjciLCJpYXQiOjE2NTE2NDE5NTUuNzgwNzQ2LCJuYmYiOjE2NTE2NDE5NTUuNzgwNzQ5LCJleHAiOjE2ODMxNzc5NTUuNzc1OTU4LCJzdWIiOiIyIiwic2NvcGVzIjpbXX0.KVOX2EqQlNFH0IX6UGaTjxSR8AOutuFFo38ojETfMA28iFh0bPErUyr-vlSCyXSWy7nf7VuiLUjrXsHzVpPkgRQ9WDwEVEhiTj6M7sQbbsL-xwmi2nHWRibQa3F0nZ1MI6QUrEnyMaGtaTk2hKxBu9uYVc2SeQE79QFykp3yqR0jVg7XKlCzlWcVAZctUvS_xQrT4fT49cOu1tTzNPiycSy6_eJ1B1A50V3T0YBgws_qL24pRW9k70l-jGu29GaSgOQ9-3nu6raYv7bNubPXDtC0RnqCEHyT3v1aPyZK2fDu3QkrjseHsXl1yFu-q_ECOaaU63PCDEIaqxoJ3xSZLeJeOpUcFSh8Dle9lqfbwPL_ZkLQH1ibarQQPS_qqiXguLzfvrYKfMHBB0EohO_7WvByrrapTvElpim8zHdkMAktX0U5bv_2sSj6ENogX824KYbRWiMnZLMeZuXhMIG3ITnQ6HwgYR1gENzINlp56s6624tgEyYvmOg-zsqy20-uiCYw2Is4IZAgDKciuhRlYGPBeLiIu9o6iYdpA6Rr46ZGHKjxS6lEjLm3lrUzUZ3462D22IP8OaMJuyNVFN781U7Fx1yOfcmHGOKSHL8btLx1qnAf0FsyhYVxcK19w6_uBablFyWOhICmLmaJKCc6wokpcYaKTRDztOYJXPL4WZ0',0,1,NULL,'normal',NULL,NULL,'plpPAZRX',0.00,NULL,NULL,'2022-04-19 10:23:16','2022-05-04 05:25:55',NULL),(3,'Linkedhill Agent',NULL,'linkedhillagent@gmail.com','$2y$10$NpsOK.oLetG9uAjY4P60t.iLKD8oHCgZL.GjuvDS7uG/oZog2s3V2',NULL,NULL,NULL,NULL,NULL,NULL,NULL,NULL,0,1,NULL,'normal',NULL,NULL,'XPyS10UO',0.00,NULL,NULL,'2022-04-19 10:23:16','2022-04-19 10:23:16',NULL);
/*!40000 ALTER TABLE `users` ENABLE KEYS */;
UNLOCK TABLES;

--
-- Table structure for table `vendor_service`
--

DROP TABLE IF EXISTS `vendor_service`;
/*!40101 SET @saved_cs_client     = @@character_set_client */;
/*!40101 SET character_set_client = utf8 */;
CREATE TABLE `vendor_service` (
  `id` bigint(20) unsigned NOT NULL AUTO_INCREMENT,
  `vendor_id` bigint(20) unsigned NOT NULL,
  `service_id` bigint(20) unsigned NOT NULL,
  `status` tinyint(1) NOT NULL DEFAULT 1,
  `created_at` timestamp NULL DEFAULT NULL,
  `updated_at` timestamp NULL DEFAULT NULL,
  PRIMARY KEY (`id`),
  KEY `vendor_service_vendor_id_foreign` (`vendor_id`),
  KEY `vendor_service_service_id_foreign` (`service_id`),
  CONSTRAINT `vendor_service_service_id_foreign` FOREIGN KEY (`service_id`) REFERENCES `services` (`id`) ON DELETE CASCADE,
  CONSTRAINT `vendor_service_vendor_id_foreign` FOREIGN KEY (`vendor_id`) REFERENCES `tradelink_admins` (`id`) ON DELETE CASCADE
) ENGINE=InnoDB DEFAULT CHARSET=utf8mb4 COLLATE=utf8mb4_unicode_ci;
/*!40101 SET character_set_client = @saved_cs_client */;

--
-- Dumping data for table `vendor_service`
--

LOCK TABLES `vendor_service` WRITE;
/*!40000 ALTER TABLE `vendor_service` DISABLE KEYS */;
/*!40000 ALTER TABLE `vendor_service` ENABLE KEYS */;
UNLOCK TABLES;

--
-- Table structure for table `websites`
--

DROP TABLE IF EXISTS `websites`;
/*!40101 SET @saved_cs_client     = @@character_set_client */;
/*!40101 SET character_set_client = utf8 */;
CREATE TABLE `websites` (
  `id` bigint(20) unsigned NOT NULL AUTO_INCREMENT,
  `name` varchar(191) COLLATE utf8mb4_unicode_ci NOT NULL,
  `logo` varchar(200) COLLATE utf8mb4_unicode_ci DEFAULT NULL,
  `logo_footer` varchar(200) COLLATE utf8mb4_unicode_ci DEFAULT NULL,
  `favicon` varchar(200) COLLATE utf8mb4_unicode_ci DEFAULT NULL,
  `email` varchar(50) COLLATE utf8mb4_unicode_ci NOT NULL,
  `alternate_email` varchar(50) COLLATE utf8mb4_unicode_ci DEFAULT NULL,
  `phone` varchar(20) COLLATE utf8mb4_unicode_ci NOT NULL,
  `currency` varchar(20) COLLATE utf8mb4_unicode_ci NOT NULL,
  `fb_url` varchar(191) COLLATE utf8mb4_unicode_ci DEFAULT NULL,
  `twitter_url` varchar(191) COLLATE utf8mb4_unicode_ci DEFAULT NULL,
  `instagram_url` varchar(191) COLLATE utf8mb4_unicode_ci DEFAULT NULL,
  `youtube_url` varchar(191) COLLATE utf8mb4_unicode_ci DEFAULT NULL,
  `playstore_url` varchar(191) COLLATE utf8mb4_unicode_ci DEFAULT NULL,
  `appstore_url` varchar(191) COLLATE utf8mb4_unicode_ci DEFAULT NULL,
  `short_intro` varchar(191) COLLATE utf8mb4_unicode_ci DEFAULT NULL,
  `map_url` text COLLATE utf8mb4_unicode_ci DEFAULT NULL,
  `short_description` text COLLATE utf8mb4_unicode_ci DEFAULT NULL,
  `meta_title` varchar(191) COLLATE utf8mb4_unicode_ci DEFAULT NULL,
  `meta_keyword` varchar(191) COLLATE utf8mb4_unicode_ci DEFAULT NULL,
  `meta_description` varchar(191) COLLATE utf8mb4_unicode_ci DEFAULT NULL,
  `address` varchar(191) COLLATE utf8mb4_unicode_ci DEFAULT NULL,
  `og_image` varchar(191) COLLATE utf8mb4_unicode_ci DEFAULT NULL,
  `created_at` timestamp NULL DEFAULT NULL,
  `updated_at` timestamp NULL DEFAULT NULL,
  PRIMARY KEY (`id`)
) ENGINE=InnoDB AUTO_INCREMENT=2 DEFAULT CHARSET=utf8mb4 COLLATE=utf8mb4_unicode_ci;
/*!40101 SET character_set_client = @saved_cs_client */;

--
-- Dumping data for table `websites`
--

LOCK TABLES `websites` WRITE;
/*!40000 ALTER TABLE `websites` DISABLE KEYS */;
INSERT INTO `websites` VALUES (1,'linkedHill','https://linkedhill.com.np/images/rsz_logo.png','https://linkedhill.com.np/images/rsz_logo.png','https://linkedhill.com.np/storage/photos/1/about/favicon.jpg','linkedhill@gmail.com','linkedHill@gmail.com','01-5904030','123','https://www.facebook.com/linkedhill','https://www.twitter.com/linkedhill','https://www.instagram.com/linkedhill','https://www.youtube.com/linkedhill','https://www.playstore.com/linkedhill','https://www.appstore.com/linkedhill','linkedHill','<iframe src=\"https://www.google.com/maps/embed?pb=!1m18!1m12!1m3!1d3532.5702244914587!2d85.310213215398!3d27.69967513243524!2m3!1f0!2f0!3f0!3m2!1i1024!2i768!4f13.1!3m3!1m2!1s0x39eb1918e77a958d%3A0x8adb3649babf6b7e!2sNectar%20Digit!5e0!3m2!1sen!2snp!4v1652807293748!5m2!1sen!2snp\" width=\"100%\" height=\"450\" style=\"border:0;\" allowfullscreen=\"\" loading=\"lazy\" referrerpolicy=\"no-referrer-when-downgrade\"></iframe>','linkedHill','Linkedhill is a digital marketing & advertising company which focuses on delivering results to our customers, clients and people covering multiple property searches.','Linkedhill is a digital marketing & advertising company which focuses on delivering results to our customers, clients and people covering multiple property searches.','Linkedhill is a digital marketing & advertising company which focuses on delivering results to our customers, clients and people covering multiple property searches.','Sundhara, Kathmandu, Nepal','https://www.facebook.com','2022-04-19 10:23:15','2022-05-17 17:11:23');
/*!40000 ALTER TABLE `websites` ENABLE KEYS */;
UNLOCK TABLES;
/*!40103 SET TIME_ZONE=@OLD_TIME_ZONE */;

/*!40101 SET SQL_MODE=@OLD_SQL_MODE */;
/*!40014 SET FOREIGN_KEY_CHECKS=@OLD_FOREIGN_KEY_CHECKS */;
/*!40014 SET UNIQUE_CHECKS=@OLD_UNIQUE_CHECKS */;
/*!40101 SET CHARACTER_SET_CLIENT=@OLD_CHARACTER_SET_CLIENT */;
/*!40101 SET CHARACTER_SET_RESULTS=@OLD_CHARACTER_SET_RESULTS */;
/*!40101 SET COLLATION_CONNECTION=@OLD_COLLATION_CONNECTION */;
/*!40111 SET SQL_NOTES=@OLD_SQL_NOTES */;

-- Dump completed on 2022-05-20  8:23:10
